15.7,20.6,25.1,39.1,22.3,19.5,23.7,22.9,33.6,26.9,34.1,24.7,17.6,31.8,28.7,10.8,18.3,17.8,28.6,30.3,18.1,15,25,26.7,33.1,31.7,20.7,36.1,18,25.8,20.2,37.6,25.6,23,31.7,24.8,35.2,21.4,28.8,27.7,36.3
11.2,18.5,32.3,40.9,38.8,17.6,24.6,22.4,33.5,23.4,36.1,25,19.9,30.7,29.5,12.4,18.4,29.2,34.5,33.3,19.3,15,26.5,22.2,32.6,33.4,19.9,36.5,18.8,20.8,26.3,32,22.8,23.2,32,29.1,36.5,29.9,24.7,32.5,38.4
13.5,20,29.7,40.5,39.3,23.8,30.3,20,32,15.5,34,27.3,20.5,30.8,34.5,10.4,19.4,29,37.3,33.5,21.2,16,22.3,23.5,26,24.8,15.9,37.2,20,30.1,39.3,30.8,25.7,27.1,31.2,28.8,39.1,19.3,29.9,23.4,40.2
13.1,19.6,26.7,32.4,22.3,19.6,27.2,16.7,33.2,16.1,34.2,29.2,27.6,32.7,29.1,10,19.8,31.7,39.2,34.5,19.3,16,22.8,24.4,23.3,36.2,18.3,36.4,16.2,36.5,25.7,31.8,27.2,31.6,32.4,26.4,30.4,22.4,26.1,20.2,31.4
16.8,19.7,30.1,25.7,22.4,16.2,25.5,21.5,32.8,16.9,35.5,21.4,29.7,30.8,27.7,15.8,19.3,21.4,32.3,36.8,16.8,17.9,25.6,22.8,24.9,33,20.4,39.1,18,21.4,21.2,30.9,22.3,29.7,30.9,28.1,28.7,25.6,27.2,18.5,33.3
15.4,21,30.4,34.6,30.2,18.7,28.7,21.9,32.6,18.2,37.8,25.5,28.1,29.2,27.5,14.2,18.8,18.4,27.8,34.5,21,14,27.8,23.8,29.4,21.1,19.5,28.4,18.5,25.1,22.4,34.3,20.8,34.9,31.5,22.7,29.7,25.4,27.3,22.8,33.9
14.7,20.6,21.7,39,29.4,19.1,19.9,17.4,32.9,17,39.1,27.4,29.4,30.6,32,11.4,17.5,23.6,32.2,34.3,19.9,13.8,24.7,23.2,32.4,32.7,20.4,43,18.6,31.1,24.3,34.5,24.2,22.9,31.6,23.2,35.4,37.2,28.7,25,33.3
14.1,18.8,21,38.6,32.7,16.9,20.2,16.7,33.3,22.8,34.2,27,15.9,31.3,30.3,13,21.8,23.5,33.4,34.6,25.8,8,21.1,22.5,40.3,25.5,17.1,32.6,21.6,40.7,28.3,38,23.9,24,31.4,22.1,38.3,34.5,32.6,20.7,38.4
14.2,21,27.7,32.3,39.9,21.4,22,19.6,34.1,25.2,31.8,27.4,24.8,31,29.6,13.1,15.4,25.1,42.4,35,15.4,15,23.8,23.6,34.8,27.3,17.3,33.5,36.8,34.9,39.7,42.5,27.3,24,32.2,20,42,24.4,21.8,23.1,42.2
13.8,22,20.9,32.2,42.9,26.7,21.8,21.1,33.9,27.3,34.2,32.2,22.3,33.1,30.7,10.1,18.6,37.1,29.8,36.1,14.9,15,26.2,23.4,27.3,30.5,18.8,30,17.6,21.4,27.2,26.9,24.4,27.9,33.8,24.6,36.4,21.5,32.2,21.6,40.7
14.2,27.7,22.9,26.6,23.7,32.2,20.3,22.8,31.7,27.9,39.4,27.5,23.6,33.4,26.1,13.9,19.8,33.5,28.6,40.1,15.9,15,26.7,22.6,27.5,31.6,19.7,30.1,18.5,28,33.3,28.3,25.3,32,31.7,24.8,40,27.8,23.4,22.9,31.5
14.9,20.8,22.5,26.8,39.2,24.8,28.6,25.7,33.1,30.9,33.5,21.3,20.6,32.3,26.8,12.1,19.8,21.6,32.7,35.6,19.9,13,27.6,22.5,26.6,33.5,17.1,27.3,22.6,33.5,24,31.9,26.4,20.7,31.2,20.8,35,37.2,22.9,19.5,32.7
13.8,21.2,25.6,36.3,38.4,28,35,18.9,32.3,32.1,36,23.1,23.1,31.4,27.9,11.5,20.4,19.8,39,31.6,19.3,20,29.2,23,31.6,28.5,17.1,28.9,29.4,39,23.7,37,26.8,25,31.4,21.4,35.5,23.6,24.1,22.9,35.6
11.8,19.6,33,35.2,33.7,25.6,24.3,21.5,32.7,32.3,37.3,25.9,20.4,29.1,29.8,11.1,19.1,26.3,36.7,32.5,19.7,22,33.2,23.6,38,24.1,16.9,34.5,27.8,36.4,25,39,25.4,33.7,31.5,25,31.1,30.6,23.7,24.7,39.6
14,21,31.8,35.2,28,19.8,29.5,25.4,33.3,33.4,39.9,28.5,19.8,30.2,30.3,14.1,21,37,30.3,24.5,19.1,18,40.4,24.7,36.3,30.1,17.9,31.2,23.2,41,24.9,25.8,26,34.6,33.5,19.8,33.1,27.2,24.2,24.1,37.1
13,24.6,30.9,39.3,35.4,20.1,24.1,22.9,33.9,33.4,38.7,30.8,26.6,31.3,29.9,12,22.6,40.2,38,32.1,30.2,20,23.8,23.9,30.7,29.4,14.3,25.6,23.3,27.6,29,33.7,24.2,41.8,33,30.9,37.9,37.5,24.9,24.6,37.9
19.3,21,32.4,39.4,34.6,20.4,25.2,22.9,31.1,18.5,39.5,30.6,29,30,30,15.9,23.4,28.8,41.5,35.5,20.6,17,23.4,24.2,29.5,19.9,17,32.1,18.3,29.2,41.2,37,29,25,32.4,27.3,39.2,42.9,26.9,22.2,39.9
18.1,20.5,33,38.5,36.6,17,24.5,22.8,30.2,24.3,39.3,25.6,31.7,28.7,31.5,16.2,26.3,35.6,43.7,33.4,25.8,10,26.1,24.1,27,27.8,17.1,35.1,21.5,34.7,34.8,20.8,21.4,24.6,31.5,29.4,40.7,44.7,28.6,27.7,42.3
13.8,21.4,32.7,37.6,31.3,22.5,24.6,20.4,31.9,28.4,38.5,27.1,33.3,32,30.3,13.2,21.9,32.3,42.8,33.7,20.6,16.1,28.1,23.7,32.9,32.9,18.9,32.7,39.1,34.8,22.3,25.4,23.1,29.4,31.7,26.5,41.2,35.9,25.5,29,42.4
15,24,27.2,34,35.1,28.8,21.2,15.7,32.7,24.3,40.8,27.7,20.6,32.2,31,13.1,24.3,24.2,43.3,33.6,17,18,29.6,24.8,33.9,23.2,17.4,33.3,30.9,37.5,24.6,32.6,26,30,32.4,23.4,41.6,28.1,20.7,32.3,41.7
11.9,23.5,24.2,32.4,32.6,29.6,31.9,14.3,31.6,24.1,40.4,29,16.7,34.1,28,10.4,21.4,29,42.9,33.6,22.6,22,29.3,25.5,44.1,31.7,17,27,26.1,35.5,25.1,34,24.9,30.2,33.4,25.2,39,30.4,24.1,19.9,43.7
14,23,23.9,32.7,39.7,30.3,35.3,18.9,32.4,20.4,41.4,28.7,17,34.7,27.5,12.7,25.3,24.8,42.6,33.7,25.3,22,29,26.8,42.5,41.6,19.3,32.9,21.4,34,37.2,38.6,24.8,31.2,31.2,26,39.4,32.1,32.6,22.1,42.8
13.9,22.2,28.8,34.5,42,21.1,29.6,18.2,31.4,26.3,43.4,29.6,16.7,33.8,30.7,11.1,21.8,36,40.1,35.1,23.1,26.9,26.8,26.3,41.9,21.8,15.9,34.6,24,33.2,44.4,25.7,26.1,28.2,31.9,30.8,38.1,46.7,31.8,23.8,45.6
12.8,28.3,34.6,34.7,40,18.2,25.5,21.3,29.6,24.2,43.5,28.3,16.2,32.6,27.6,11.1,19.6,43.1,40.9,33.4,19.3,17,29,27.1,41,26.8,18,39.2,26.2,40.1,24.5,22.2,26.4,30.4,31,32.3,42.8,21.7,27.1,25.4,46.2
14.1,25.7,38.9,36.1,23.3,20.4,29.7,28.7,27.6,26.5,41.4,28,21.4,32.3,28.9,12.3,19.9,44.2,41.1,34.7,21.6,20,26.9,27,37.4,29.9,16.2,39.5,20.4,41.9,22.2,25.1,26.1,28,31.3,35,42.7,20,27.1,24.6,35.3
14.1,20.5,28.3,36.5,22.1,26.7,31.9,21.8,28.7,26.8,42,29.1,27.4,32.1,29.3,17.2,20.3,44.2,46.7,36.8,22.5,22,28.7,25.5,36.1,40,14.1,29.1,26.8,41.4,20.5,27,26,31.5,31.6,28.3,32,27,22.5,21.3,28.7
14.9,22.5,28.4,34.6,21.1,27.1,32.9,21.3,30.9,25.8,36.6,29.9,21.8,31.7,29.3,11.6,22,28.7,34.6,37.4,27.2,26.7,25.1,28.1,43.9,43.3,17.1,32,33.8,19.8,17.6,28.9,26.1,31.7,31.7,22.4,29,28.9,21.9,24.2,32
15.7,24.5,30.8,37.3,25,26.6,36.8,21.5,31.4,29.4,28.1,29.2,18.9,32.2,28.5,12.7,21.5,31.6,26.6,36.1,39.3,26.4,21.4,26.4,24.6,37.2,19.4,33.8,20.4,21.8,19.1,33.2,25.8,34.9,31.3,24.9,26.6,29.4,25.4,23.4,33.9
13.4,31.7,34.7,38.1,22.3,33.9,41.9,21.6,31.4,18.5,25.9,30,17,31.7,28.8,14,23.8,32.2,24.5,40.5,23,19,21.5,25.7,24.6,23.2,20.3,36.4,17.9,18.9,22.6,28.4,26.9,19.5,31.2,29.1,26,30,30.8,24.7,35.3
14.1,22,37.7,37.8,31.2,18.6,27.8,18.7,30.9,21.5,19.1,30,22.5,32.7,27.7,15.5,21.6,46.8,24.6,37.6,19.9,17,20.5,25.6,26.2,33.5,17.3,39.9,16.7,18.4,24.2,35.6,28.1,21.5,25.1,28,30.5,32,31.9,30.8,31.1
15.1,19.6,32.7,38.4,26.7,21.7,23.5,19.4,32.3,27.1,30.6,23.7,24.5,32,30.9,15.5,22.2,20.9,27.3,31.9,23.1,21,21.1,25.6,30.3,42.1,17.6,31.7,17.7,21.7,24.9,33.6,19.6,20.2,27.2,34,27.2,30.4,35.8,27.2,30.6
17.5,20.3,26.7,37.5,26.1,29.1,26.2,19.9,31,21.7,34,22.5,24.5,33.8,32.6,13.8,23.3,19.7,26.9,33.4,30.2,22.6,21.7,25.2,31.9,29.4,19.7,34.3,22.9,24.4,24.4,22.8,23.2,21.3,28.3,37.1,31.3,31.3,28.9,20.3,31.4
15.5,22,32.2,36.3,30.3,34.2,31.8,19.8,31,21,31.7,23.4,23.4,31.5,30.9,16.2,26,17.7,30.3,25.5,25.7,16.9,23.3,22.5,32.8,29.5,21.3,25.4,21.9,21.8,25.1,27.4,24.8,23.2,30,29.4,34.5,27.2,21.8,23.9,34.7
18.7,24.5,39.9,25.2,31.5,36.5,41.7,21.4,31.8,29.5,34.3,27.1,18.6,30.8,31.3,16.6,24.6,22.9,31.1,20,24.5,19,22,24.7,34.2,35.8,23.1,23.5,21,27.4,24.3,32.2,24.3,24.6,30.4,26.2,31.4,20.1,29.1,27.7,36.9
18.6,23,35.2,31.1,25.7,32.1,35.2,20.3,31.6,22,35.1,23.8,16.4,31.3,30.5,17.5,32.7,26.4,33.2,25.5,20.6,25,24.1,25.4,25.1,36,23.9,23.9,25.8,26.1,33.4,27.6,27.5,22.8,31,29.7,33.2,21.2,24,32.6,35.2
16.8,23,30.6,37,25.8,30.6,30.3,16.9,31.8,21.7,34.7,26.1,13.3,31.8,30.4,19.5,24,27.3,28.8,27.9,24.6,23.8,28.8,25.3,30.7,35.4,24.2,30.2,31.3,31.6,22.3,30.1,23.6,25,31.1,33,32.3,31.4,23.7,40.1,40.9
16.8,21,34.3,38.8,27.9,27.1,35,20.5,31.5,26.3,33.8,27.6,12.6,33.2,30.2,13.7,22.3,27.5,30.9,30,27.6,25.2,27.8,26.5,28.9,35.4,22.5,32.9,27.6,32.5,24,29.2,21.7,31.2,31.4,34.2,32.4,34.4,25.8,22.8,36
17.5,20.5,38.4,39.6,27.6,21.6,42.6,24.9,32.1,26.7,32.8,27.8,12.8,31.7,30.1,12.6,25.4,29,36.4,31.4,43.6,29,24.8,24.1,30,34.8,19.1,24.7,20.4,30,23.7,25.2,26.8,27.4,31.6,29.1,35.1,19.5,31.3,24.9,40.3
18.8,21.5,41.5,39.4,25.4,29.6,43.6,21.7,31.7,28.3,24.6,26.8,14.6,32.7,29.3,14,26.9,31.2,28.6,31.8,43.6,29,25.8,23.6,29.1,33.4,21.4,26.2,21.8,25.5,25.8,26.1,25.6,24.2,28.7,31.3,32.7,32.4,23.4,24.6,25.9
17,26,42.7,37.6,28.8,27.7,40,21.6,25.7,34.2,26.4,27.8,17.8,32.9,29.9,19.2,29.5,25.9,34,32.4,32.2,25,27.7,23.8,26.2,39.5,21.3,30.4,17.9,26.2,26.1,22.6,28.7,28.8,28.5,29.1,23.2,17.5,29.3,26.3,25.9
18,25,43.1,34.2,24.1,41.4,35.5,21.6,28.8,23.4,33.4,29.1,16.6,33.1,30.6,16.1,26,26.4,39.5,32.6,25.8,23.3,23.6,23.8,28,42.5,21.7,34.5,19.3,32.8,24.3,20,22.2,27.8,26.3,27.5,24.4,15.8,20.8,26.8,29.7
19.8,23,38.3,35.9,22.9,41.1,34.5,22.3,30.7,25.3,31.1,28.7,16.4,32.9,30.4,10.6,20.2,20.4,28.1,32.4,31.7,27,23.8,23.7,19.5,23.6,16.9,35,24.4,28.8,28.6,26.6,22.2,25.8,27.4,32.6,31.3,19.8,20.5,26.5,28.5
24.9,21.5,36.9,39.3,26.1,39.2,40.2,23,29.5,27.5,31.4,26.1,16.7,33,30.6,12.1,21.5,21.7,23.4,31.6,25.2,29,26.8,25.8,21.3,20.2,18.5,38.3,19.5,27.8,21.6,27.7,22.7,23,30.3,36.2,32,20.5,20.8,25,28
14.7,22.5,42.2,40.1,27.2,32,22.1,20.9,31.5,34.1,32.2,27.3,16.2,32.4,30,16.1,28.7,30.6,24.6,30.7,30.1,29,26,25.8,23.7,22,18.9,28.3,18.7,28.8,18.8,29.2,22.7,23.9,28.9,37.7,31.2,21.5,24.3,20.6,34
15.3,20.4,44.8,40.8,30.4,36.7,21,24.1,30.5,33.9,29.6,27.9,16.6,33.3,31.4,20,25.9,35.5,27.5,33.6,34.5,21,26.2,24.9,25.3,19.8,22.9,31.1,22.5,26.1,21.4,35.8,22.2,27.7,29.7,38.2,27.2,30,25.5,21.4,25
22.2,18.8,40.2,36.6,25.8,44.1,25.4,25.1,29.7,30.3,34.2,27.3,15.2,34.1,29.5,18.9,33.8,22.7,28.7,35.5,21.8,18,25.5,24.1,27.2,18.2,19.4,39.7,29,25.6,22.5,26,23.5,26.1,29.6,32.9,28.6,23.8,25.8,21,27.1
17.3,22.5,27.3,33.6,26.1,21.3,28,22.9,30.1,29.9,24.3,30.4,15.4,34.8,24.5,16,36.9,19.9,32,34.6,20.1,6,23,24.4,28.2,20.8,21.6,32.2,17.1,25.6,20.4,26.7,23.8,26.6,29.8,34.8,20.5,23.7,19.4,21.3,34.6
15,28.8,26.7,30.5,28,18.9,30.1,19.7,31.5,34.2,24.4,24.1,16.9,34.5,26.3,11.1,39,18.6,22.4,35.4,19.7,8,23.7,22.4,29.3,22.4,19.4,25.6,16,24.2,22.9,35.1,22.7,28.3,27.5,32.3,21.6,27.6,20.3,21.4,36.3
16.8,34.5,29,31.1,29.3,24.5,28.6,23.2,31.5,35.8,29.5,27.9,16.3,31.8,29,16.8,38.2,16.1,29.4,30.9,27.3,12,25.5,23.5,31.5,27.5,20.1,24.2,16.6,26.5,24,37.6,18.9,25.9,26.7,33.5,25.4,32.7,26,22.1,37.9
19.4,19.8,29.2,32.1,33.1,23.5,30.8,23.8,30.7,33.8,32.3,27.5,15.9,30.9,28.3,18.7,27.4,20,26.2,32.5,26,11,26.2,22.6,20,29,22.4,25.9,17.5,27.1,25.9,25.4,19.7,23.2,27.8,39.6,28,34.8,28.9,24.8,30.7
23.9,22.5,31.1,32.1,31.3,29.1,30.8,23.2,31.9,22.8,33.9,25.7,16.2,31.8,28.6,21.4,21.6,19.9,30.3,31.8,29.2,10.4,25.4,24.5,19.7,32.6,21.3,24.8,23.8,30.8,29.8,28.9,20.9,25.5,30.7,39.9,30.4,26.8,24.2,25.6,26.8
33.7,31,32,33.3,23.4,30.4,29.5,21.9,32.7,33.8,34.3,27.1,14.5,36,30.7,15.3,27.1,25.5,21.4,31.8,33.5,13,27.8,25.1,23.3,30.5,18.9,24.1,25.2,27.2,19.2,24.7,21.4,25.1,31.8,39.9,33.7,21.9,30.1,24.9,29
19.1,22.4,34,36.2,25,31.3,34.9,22.9,33.5,33.2,35.9,25.6,16.1,36.2,29.7,17.5,28.2,27.2,23.1,31.7,30.8,21,27.2,25,28.3,26.2,20.5,24.2,17.4,25.4,20.5,31.1,19.3,23.9,31,26,29.8,25.5,31.7,25.8,30
16.7,21.4,29.1,35.5,26.4,20.9,27.6,23.7,32.8,25.1,37,25.5,19.3,37,29.4,16.5,23,29.6,28.3,28.9,22,19,25.3,24.4,27.8,32.8,20.9,25,15.1,26.7,22.8,27.4,20.3,26.8,29.9,24.2,29.1,20,35.1,25.2,34.3
22.8,22,31.7,35.6,26.2,23.3,26.7,25,32.5,20.4,36.5,26.9,20.4,32.1,29.8,14.4,22.4,21.2,34.3,27.6,20.1,19.5,26.9,25.6,23.4,28.5,19.6,32.5,20.5,31,31.6,25.4,20,29.3,30.4,23.2,31.3,27.7,22.9,23.8,34.4
27.2,27.5,33.2,35.9,21.4,28.5,31.1,24.7,32.7,19.6,36.4,28.2,20.4,32,28.7,16.8,20.4,19,33.9,33,27.3,21,26.5,24.8,24,29,20.3,37.5,21.5,29.9,35.4,28.2,24.8,27.3,31.6,15.8,30.3,27,32.5,22.7,34.6
27.2,20.4,34,37.7,22.9,31.8,25.7,24.5,31,24.7,31,29.4,19.2,32.5,31.7,22.6,21.1,18.8,37.7,31.7,24.9,22.3,25.9,25.2,24.9,26.1,22.5,26,33.6,27.3,34.1,30.5,26.1,27.6,31.5,18,30.2,25.8,29,23.3,26.1
18.1,22,29.6,37.9,24.9,19.8,28.2,25.5,31.2,19.9,31.6,25.2,15.7,30.8,29.7,14,24.6,28.5,28.6,31.3,32.7,19,26.5,24.8,30.5,26.8,20,26.1,17.2,28.4,24.6,34.3,16.8,24.1,31.6,19.9,31.1,19.6,22.5,25.1,23.7
21.1,18.7,32.7,38.2,20.2,30.2,31.6,26.9,30.6,22.5,31,26.7,15.2,34.1,27.9,21.9,27.2,32.7,27,32.7,32.2,21,27.2,24.9,28.8,26.6,21.7,25.8,17.8,29.7,23.1,26.3,18.4,28.6,32.3,21.8,22.4,16.1,21.4,25.3,21.9
26.6,22,32.6,39.3,22.1,32.4,34.5,20.8,32,24.4,30,26.8,13.3,33.2,30.1,16.6,24.6,25.1,28.6,33,22.1,20,25.9,24.5,30.5,30,19,26.2,20.1,23.5,23.3,17.4,19.6,26.3,28.8,21.1,24.8,16.5,20.5,26,21.9
31.9,24.5,30.3,38.7,23.4,18.9,28.8,24.9,31,27.8,30.6,26.4,14.6,33.3,30.3,18.6,23.9,19,33,32.3,21.7,19,26.9,22.8,31,25.1,25.5,28.1,24.8,26.9,24.2,22.5,18.2,28,28.5,30.7,26.4,26,22.2,25.4,26
19,17.8,31.9,39.6,23.5,26.5,28.8,26.8,31.8,25.7,31.8,25.9,16,33.4,29.7,14.1,24.5,21.6,28.4,30.6,28.4,16.1,27.1,22.2,21,25.5,16.5,29.2,31.1,25.9,29.1,21.4,22.2,27.9,29.7,29.8,26.8,22.4,23.4,23.8,27
18.4,20.2,31.1,40,24.8,15.3,19.9,28.7,32.5,28.8,24.6,25.8,12.4,32.9,28.1,14.8,22.8,24.6,26.3,30.9,18.3,11.5,22.8,23.1,20.2,26.1,18.2,27.9,31.1,20.7,22.7,22.9,20.3,28.2,30.4,28.8,25.6,21.3,22.8,21.4,28.9
19.8,23.6,22,40.5,24.2,16.4,19.8,26.8,33.9,33.2,23.3,26.6,15.6,32.5,26.8,14.8,26.5,20,31.5,23.4,18.6,11.1,24.4,23.1,20.4,23.2,18.9,29.2,16.9,23.2,25,22.1,23.6,24.9,31.3,27.8,25.5,28.5,27.3,24.4,30.3
34.6,21.4,24,26.9,24,18.6,30.5,26.9,26.9,27.8,25.6,26.8,15.4,32.7,26.4,19.9,23.2,27.3,31.8,30.7,17.6,18.6,23.6,23.6,17.2,26.7,21.6,31.6,17,24.5,18.9,24.4,23,26.9,31,32.5,26.8,16.3,20.4,23.7,30.5
20.3,20.5,27.9,29.3,22.3,18.8,21.9,23.2,31.6,23.8,28.4,26.8,15.8,33,26.9,22.1,24.7,26.8,32.1,31.7,20.9,18,22.2,23.6,19.5,27.9,24.6,34,15.1,26.5,21.2,27.6,21.8,24.8,30.2,26.9,25.3,19.9,18.9,24.5,24.3
20.7,25.5,30.2,32.4,27.3,26.2,27.7,23.8,30.9,28.8,20.6,25.3,13.3,33.4,28.4,16.9,23.6,22.4,32,25.1,21.1,17.7,22.9,24.4,21.8,27.2,19.1,34.2,15.9,24.1,20.5,27.2,21.9,22,31.9,29.9,21.5,21.3,19.9,25.4,27
26.6,24,31.8,32.5,28.3,28.6,21,25.3,31.3,29.6,24.4,25.1,11.7,33.4,29.8,17.9,26.3,30.2,33.2,29.9,27.6,19,24,23.9,23.4,31.2,19.9,24.6,17,21.5,20.8,28.7,19.4,25.3,29.5,28.6,23,18,23,22.1,25.7
30.9,26,30.5,34.7,23.4,28,18.9,24.7,31.8,22.6,23.9,22.9,11.7,34.5,28,17.1,25.6,28.8,24.1,30.1,27.6,15.4,25.3,23.7,23.3,30.4,18.4,28.2,19.9,21.8,16.9,28.4,19.5,20.2,32.3,27.7,22.5,24.2,24.6,24.6,28.2
23.7,22.4,25.7,36.4,19.9,18.3,22.4,24.9,31.9,27.4,24.1,24,13.4,34.6,28.8,19,21.7,31.8,23.5,29.7,27.3,20,23.6,22.5,25.8,28.1,20.5,26.9,22.2,23.3,21.6,22.4,19.7,23.9,31.5,25.2,23.9,23.1,28.5,26.4,29.5
20.1,19.8,25.8,37.3,21.9,15.6,25.5,26.8,31.1,24.2,29.4,25.6,15.9,33.3,27.1,19.3,19.1,24.2,19.7,28.2,29.5,17,20.8,23.6,28.2,28.9,21.9,28.6,18.8,24.1,19.2,24.4,20.6,19.6,31.4,22.5,16.8,18.8,29.2,24.1,22.3
24.1,19,27,37.5,21.1,16.4,31.9,27.4,31.8,19.9,23.8,25.3,15.3,33.4,29.1,26.2,21.9,20.2,22.1,28.1,18.9,13,22.6,24.2,29.1,30.7,26.9,29.9,15.1,24.8,21.2,28.1,21.4,20.8,31.5,22.3,13.5,18.1,22.5,23.5,19.5
26.8,36.4,21.9,39.2,22.6,17.3,34.9,28.1,32.6,23.1,23.8,25,14.8,34,27.6,18.9,22.7,16.1,23.1,25,18.2,10,23.9,24.1,25.4,30.5,20.6,25.6,17.2,23.9,20.7,25.4,23.2,23.2,31.9,24.5,12.1,13,27.8,24,22.9
26.2,18.5,25.3,32.8,17.7,30.3,29.5,31.3,31.8,26,24,23.6,14.8,35.5,28,16.4,22.5,17.7,26.5,24,16.9,12,24.4,23.4,20,24.4,20.5,30.6,17.4,24.3,21.4,22.5,21.8,25.6,31.6,26.2,15,14,25.7,23.3,21.7
26.3,21.6,28,31,21.1,29.9,25.9,28.4,32.5,24.2,24.6,23.4,16.8,36.8,28.5,14.1,22.7,19,25.2,21.9,24.7,17,22.4,23,20.9,25.9,22.1,22.1,14.7,22.3,20.8,17,17.8,24.8,32.8,27.4,17.2,12.7,31.1,20.2,20.9
21.2,19.5,30.1,29.7,17.8,22.2,23.8,21.7,32.3,18.2,25.9,24.8,13.3,33.9,28,11.1,24.6,26.3,26.7,26.2,22.5,19,24.7,22.4,22.6,27.2,29.5,23.2,20.3,25.9,20.5,21.9,20.5,26.2,30.3,25.5,18,17,28.9,24,24.4
25.9,21.2,33.6,32.5,21.4,20.6,30,27.2,31.1,24.2,24.6,24.2,14.8,34.2,28.6,26,25.1,19,27.9,28.9,18.9,19.2,28.2,20.8,20.9,26.5,22.3,26.3,23.5,24.4,15.5,23.6,18.9,22.4,32.1,28.4,19.4,14.8,21.1,23.2,21.9
29.5,20.3,30,36.1,22.1,21.2,25.6,23.1,31.1,24.1,18.4,21.3,15.3,34.8,28.2,30.6,24.3,22,28.9,29.8,20.5,21,21.7,20.3,23.5,21.2,22,28.9,12.1,23.6,15,23.1,18.7,30.1,33,25.4,20.6,16.8,20.1,22.3,21.7
22.5,23.7,31.6,37.9,21.9,26.4,25.5,23.3,30.8,25.8,19.7,24.2,14.6,34.3,27.2,17,23.4,25.2,30.5,26.9,21.6,20.3,21.4,20,23.9,22.9,25.8,28.5,13,20.9,13.7,25.5,20.1,21.5,32.4,25.2,20.1,18,21.7,22.3,22.2
19,20.5,22.3,38.2,20.8,27.1,28.3,24.5,31,27.1,17,24.5,17.8,33.2,24.4,16.7,22.2,28.3,21.9,26.7,22.6,20.5,21.1,20.4,15.8,27.1,33.5,24.5,14.8,20.9,12.9,21.1,18.3,21.1,32.1,21.4,21.9,16.9,22.7,22.9,20.4
22.7,19.1,29.8,38.8,22.2,23.6,30.6,25.6,30.7,28.9,17,24,18.6,30.1,28.1,20.6,23.7,18,21.7,26.3,20.3,21,21.7,20.1,16.7,23.9,35.7,25.2,17,21.9,15.5,22,21.1,22,32.3,27,19.1,16.5,28.6,22.2,20.4
28.6,18.6,27.6,36.5,22.9,28.6,29.3,25.8,30.7,24.8,20.6,23.9,14.7,33.3,27.2,15.7,27.1,17.1,24.1,26.1,24.4,18.9,21.5,20.3,14.8,22.2,32.7,27.4,14.9,24.2,17.8,22.9,19.2,21,31,28.3,19.6,15.7,25.9,19.2,20.1
34.5,19.4,28.9,38.9,20.8,28.6,30.6,23,31.3,28.6,23.3,21.8,13.1,37,27.3,16.4,24.8,20.9,23.2,20.5,22,18,19.1,20.9,18.6,23.7,31.1,28,16.3,23.4,18.5,23.4,18.6,24.9,31.8,29.9,20.2,15.2,24.6,20.3,21.5
36.6,18.6,31.2,34.9,22.2,17.6,19.9,24.3,29.5,25.1,23.1,21.7,12.4,35.1,25.7,19.3,20,23.7,26.1,23.7,29.6,18.1,22.6,19.5,18.5,24.8,20.5,27.9,15.1,18.4,17.2,23.1,21,24.2,31.4,29.7,17.8,15.2,19.1,22,22
20.7,22.2,30.4,34.8,19.1,16.4,21.9,25.2,31.2,23.8,23.9,22.6,12.8,37.5,26.1,16.5,21,24,24.9,23.5,18.5,20.9,17.4,20.7,18.9,23.4,21.6,27.3,15.6,22.1,16.2,21.4,20.1,21.5,32.1,29.4,20.5,16.4,20.3,23.1,19.5
20.2,29,29.9,36.5,20.9,15.7,18.2,24.1,32.2,25.9,23.5,24.8,13.4,36.9,25,15,22.6,22.8,26,24.4,16.8,15,20.8,19.1,16.1,23.9,19.5,26.4,15.6,17.6,17.8,21.7,17.6,16.9,31.4,31.7,20.6,15.9,20.4,21.8,19
23,19.8,30.6,36.3,20.7,18.8,20.6,25.6,32.8,28.2,21.7,28.6,15.3,36.7,26.4,18.6,23.3,17.7,26.9,25.3,16.9,17,19.9,19.6,17.8,22.9,22.5,24.9,15.1,21.5,17.9,22.5,19.1,16.8,32.5,29.9,21.1,18.4,22.1,23.1,20.5
27.8,21.4,28.1,35.4,21,22.6,23.5,25.9,30,27.6,22.2,27.8,12.8,34.1,25.2,23.5,19.2,18.8,17.9,24.3,17.9,12,22.8,20.2,16.8,23.9,25.9,24.6,14.6,21.9,18.4,20,18.3,22.4,31.7,27.3,21.9,19.7,24,20.3,20
25.1,21.4,21.7,26.3,20.9,21.8,25.7,24.5,29.9,18.4,23.2,19.9,11.9,33.8,25.7,18.4,18.3,13.1,21,24.7,19.7,12.3,20.4,20.6,17.7,19.9,19.5,25.6,14.2,21.8,17.6,21.8,17.4,20,32.2,22.5,21.6,21.3,23.2,22.9,19.4
20.5,23,21.4,25.3,20.9,23.9,25.2,31.5,31,21.8,23.4,24.2,13.9,34,28.4,30.5,16.7,14,15.6,23.6,22.1,12.2,22.3,21.6,16.8,19.2,20.7,25.5,16.1,23.5,18.3,25.1,18.2,19,32.4,24.8,15.4,20.8,18.9,22.7,18.6
19.9,19,22.5,29,21.4,25.2,25.2,31,29.9,24.4,23.2,19.6,12.9,34.5,28.5,18.4,21.2,12.4,16.4,22.4,22.7,15,21.1,21.7,15.7,20.8,19.5,26.5,15.3,20.5,16.5,25.9,17.7,22.6,32.6,21.3,17.2,22.8,21,21.2,20.6
17.1,18,24,29.7,19,13.5,27.6,31.3,31.4,27.6,21.2,21.2,13.8,33.9,26.5,15.9,21.4,11.9,18.5,21.5,26.8,15,19.4,21.4,15.9,22.3,18.9,23.2,16,22.6,16.9,16.6,19.9,18.8,31.7,22.2,18.2,20.6,24.6,18.6,22.1
22.3,19.5,25.7,30.8,18.6,16.6,18,30.5,29.7,29.2,20.4,23.7,13.6,33.8,27.3,19.1,19.8,17.6,19.5,22.4,20.4,12,20.7,20.5,15.2,21.5,20,24.4,14.2,18.3,17.5,14.7,19.9,21.7,31.5,20.6,14.8,14.7,27.1,20.3,23.4
28.3,21.7,26.7,32.3,20.6,16.8,19.5,24,31,27.4,20.6,22.3,16.2,35.1,25.5,16.8,21.3,15.9,18.8,20.6,15.5,14,20,18.8,16.7,19.7,24.3,27.2,14.8,20.1,19.3,18.6,14.6,19,31.4,21.7,15.7,14.4,23.1,20.6,18.6
31.5,26,24.9,28.9,21.1,20.1,21.7,26.2,30.2,27.8,19.4,21.9,10.2,35.2,27,16.6,20.8,16.1,19.1,23.9,19.3,13,20.9,19.2,15.5,22.3,27.1,17.2,13.4,20.4,13.7,18.9,15.3,19,30.9,23,16.2,15.2,24.9,23,18.1
25.2,24,25.4,30,15.6,15.5,22.7,27.5,30.4,31.7,21,22.5,13.3,34.7,26.2,19.1,20.4,14.9,18.7,15.7,18.5,12,20.9,18.9,15.9,18.1,22.5,16.6,20,21.3,17,19.3,17.5,19.5,30.6,23.7,16.1,14.8,20.8,18.2,17.4
20.3,17.6,25,29.2,17.9,9.8,22.3,27.6,29.7,33.8,20,20.3,15.9,35.5,28.1,15.4,15.6,15.9,17.7,15.9,24.6,11,21.3,18,17.1,19.3,23.3,19.2,17.3,21.8,16.4,20.6,20.3,21.9,29.6,21.2,8.5,12.6,20.4,20.5,17.2
21,19.3,20,31.2,17.8,10.5,23,31.9,29.2,35.2,20.8,22.3,12.8,33,28.9,15.9,15.3,16.5,18.3,17.3,22.6,12,20.8,17.9,15.9,21.7,24.4,19,17.9,19.8,17.1,21.3,18.5,18.1,29.7,22.4,9.9,16.7,20.2,17.1,14
25.2,19,21.6,33.5,19,10,22.8,22.1,29.9,32.3,22.9,21.9,14.3,33.7,27.6,14.2,22.3,16.8,18,25.3,15.4,9,21.4,18.8,17.1,22.4,25.8,22.1,15.2,19.9,18.2,18.7,17.3,19.8,30.6,19.5,7.5,16.3,19.9,20.9,17.2
23.2,19.5,23.9,35,16.3,13.7,16.1,29.2,30.2,29.9,21.5,22.5,14.7,34.3,25.9,14.5,14.9,16.8,21.7,23.1,11.7,7.9,21,20.2,19.6,22.4,25.5,23.2,14.7,20.4,18,19.6,17.1,21.1,28.9,20.5,13.1,15,20.7,19.4,17.4
23.8,20.2,22,23.6,19,11,11.8,32.7,30.2,26.2,21.3,19.9,14.1,35.9,27.2,18.3,18.7,16.5,19.5,22.8,14.6,9.3,21.2,20.4,19.2,21.3,26.8,25.2,13.7,17.4,17.9,12.4,19.2,21.6,29.2,21.8,16.1,13.6,22.4,19.3,16.1
20.8,20.1,21.4,24.2,17.6,15,13.6,32.1,30.3,29.3,16.3,21.3,14.1,35.1,25.1,13.4,17.3,19.1,19.7,19.9,17.8,4.9,22.2,18.7,17.6,23,25.9,24.3,13.2,19,15.1,16.7,19.6,20.1,29,17.8,16.2,14.2,22.6,22.3,16
29.3,19,22.9,25.3,19.5,15.4,13.1,25.2,29.8,17.4,15.6,22.3,14.9,35,23.8,12.8,13.5,16,19.1,20.5,17.1,-1.7,22.1,17.9,16.4,23.4,29.5,25.3,16,17.2,14.7,15.6,20.2,20.2,29.6,17.8,16.1,10,24,21.7,16.1
28,20.5,16.2,24.1,19,14.8,15.1,30.4,31.6,20.2,17.7,23.2,14.2,31,24.5,19.5,13,16.9,19.5,20.2,17,0,18.1,18.7,15.1,21.9,23.1,22.9,12.3,18.5,16.4,16.4,18.7,21.8,29.4,18.6,15.9,11.4,21.7,20,17.6
29.3,21,15.8,22.5,18.8,12.8,16.9,27.7,31,18.3,15.6,20.8,15.5,34.7,24.9,18.3,14.4,21.3,18.5,20.4,15.4,0,16.9,19.6,13.2,18.2,22.2,20.3,13.3,16.4,16.4,16.7,19.6,20.6,29,19.6,17.1,10.8,21.9,18.9,15.6
20.7,22.4,12.9,23.1,16.8,15.4,19.2,24.4,30.2,18.2,13.9,19.8,18.7,34.7,23.6,18.7,13,20.8,18.3,21.6,14.2,2.4,19.2,19.1,12.2,20.7,21.8,18.2,15.1,15.8,13.6,17.7,19.2,17.9,29.5,16.2,16.5,13.7,20.1,20.4,17.6
19.8,21.5,11.5,24.7,16.9,12.4,16.1,27.2,30.3,18.5,17.6,20.5,13.1,34.9,22.9,17,17.3,16.5,21.9,20.7,16.5,6.8,20.3,20.6,11.9,21.1,23.2,19.9,13.3,19.6,16,22.2,15,16.6,31.8,10.2,16,15.3,15.3,18.9,15.9
20.4,24,14.5,22.6,17,14.4,18.9,29,30.1,18.9,16.7,20.2,14,35.6,26,22.5,17.5,19,19.4,19.5,16.8,8.8,18.7,21,13.8,22,22.4,17.7,12.1,17.9,12.6,18.6,17.4,18.2,29.5,10.9,16.3,15,15,18.6,16.5
29.3,18.5,12.2,21.4,13.3,14.8,18.6,31.6,29.6,18.8,15.8,20.5,12.2,35,26.2,22.6,16.7,19.8,22.7,14.4,15.1,9.9,19.8,19.9,14.7,20.9,23.9,21,10.8,20.2,15,14,18.4,19.6,29.3,13.9,15.6,12.5,17,21.3,18.7
22.6,18.6,16.5,23.2,19.5,16.7,20.4,31.3,28.8,23.3,11.5,21.5,12.7,34.4,24.3,20.3,17.4,21.5,22.8,17.3,18.9,10.9,14.8,19.1,16.1,21,23.4,22.2,11.9,18.7,13.8,15.8,19.8,17,29.8,13,13.1,16.4,21.3,20.5,16.9
30.5,18.6,19.2,23,16.6,13.3,18.9,29.6,27.4,14.3,12.1,19.5,16.4,34.8,22,16.2,16.6,15,19.8,19.7,20.6,10.6,19.4,18.1,14.9,21.4,24.5,16.8,11.3,16.6,11.7,19.4,17.2,20.1,29.5,16.3,11.7,16.7,22,21.5,17.9
34.5,19.6,18.9,22.9,18.5,13.7,18.9,29,23.5,21.8,17.5,21.1,16.9,31.9,19.8,16.8,17.6,15.2,17.2,20.4,20.4,11.3,19.3,19.2,14.4,19.6,23.1,16.6,12.3,16.3,12.2,19.4,13.3,18.7,29.5,16.9,13,15.6,20.6,20.8,16.9
30.1,21.2,19.1,20,16.4,17.2,17.9,33.4,25.6,20.5,17.3,20,16.5,34.3,21.3,19.8,19.4,13.4,17.1,21.2,17.7,10.2,17.7,19.3,12.8,18.4,24.2,20.2,13,16.2,12.3,21.6,17.3,20.1,28.9,17.8,17,17.7,22.3,20.2,17.3
25.3,21.4,18.8,20.7,17.1,11.5,16.5,26.7,23.3,18.9,18.4,18.6,17.2,34.4,22.9,15,15.3,15.5,14.5,21.1,14.2,12.4,17.9,17.4,12.5,20.9,27.6,21.1,15.3,17.8,11.6,17.8,18,19.5,27.5,18.9,18.1,15.8,20,18.6,17.3
22.8,21.3,19.3,19.6,16,13.1,17.4,27.6,27.3,19.5,20.1,19,22.8,34.4,22.8,18.3,17,16.4,14.2,21.7,14.6,7.6,19.1,17.9,13.5,16.2,22.7,21.4,15.3,18.1,15.7,11.5,18.5,19.9,27.8,17.9,14.3,15.7,15.8,16.4,18.8
23.1,23.6,19,23.3,18.3,17.3,16.6,31,28.8,24.1,20.9,20.1,15.2,34,22.6,19.8,16,12.4,16.1,21.4,16,2.3,19.5,17.5,11.6,17.4,22.5,20.1,14.6,17.9,14.7,12.8,18.2,17,26.2,16.7,12.7,16.3,16.4,16,19.5
22.9,14.8,20.5,23.7,15.8,17.9,16.6,34.2,27.7,18,22.3,19.2,17.4,34,23.8,15.9,16.9,13.7,17.2,20.6,12.1,10.7,19.2,18.2,11.2,18.4,21.9,17,15,17.8,14.6,10.9,17.6,14.4,27.9,17.4,12.7,13.1,18,18,20.9
24.1,14.4,19.5,22.4,18.9,18.9,16.2,30.9,27.6,19.7,16.7,20,20.3,33.4,22.6,19,18.6,15,17.7,21.2,14.8,8.7,19.1,18.5,14.5,18,24.2,18.6,16.5,17.5,13.8,10.9,17.5,16.1,28.9,19.7,11.7,15.4,17.3,18.4,19.6
29.1,15.2,17.7,23.4,20.6,18.2,18.7,28.5,28.1,16.1,16.6,18.9,19,33.2,23.7,18.2,16.3,12.2,16.3,15.4,13.7,5.2,17.3,18.6,15.7,18.9,25.8,16.6,14.8,16.1,15.9,18.7,14.7,17.6,27.3,16.7,12.9,17.5,18.8,17.3,17.4
33.3,19.1,18.5,28.6,20.4,19,19.6,29.4,27.9,18.7,12.2,18.1,12.7,33.5,23.5,21.4,15.4,10.4,15.4,15.2,15.1,5.5,19.3,20.3,15.8,18.1,31.5,14.8,13.7,17.3,18.3,16,12.7,14.3,27.2,16.6,14.5,19.8,18.8,20.4,18.4
30.5,19.5,15.1,21.1,18.2,18.5,20.8,30.8,27.1,20.6,16,21.3,13,33.4,22.7,19.2,18.7,11.4,15.1,20.7,10.8,7.2,18.4,20.5,14.9,19.8,26.7,17.6,13.3,19.9,14.4,16,17,18.1,27.5,15.8,15.5,14.7,20.1,20.5,16.3
25.1,21,16.6,21.3,15.3,17.7,21.3,27.5,26.3,18.9,19.8,19,14.2,32.3,22.4,25.4,18.6,12.2,14.6,17.5,14.1,7.2,19,20.5,15.5,19.7,26.2,19.3,14.4,19,14.8,14,17.6,16.4,27.6,13.7,15.7,12.5,15.5,19.1,22.7
23.8,16.1,15.6,9.6,16.5,14.2,22.6,27.5,26.4,19,16.5,20.7,15.3,32.5,22.1,20.4,17.2,15.6,12.2,16.3,11.8,7.2,20.5,19.9,13.6,19.2,31.6,16.2,15.1,15.5,14.4,17.4,15,16,26.1,16.1,14.4,12,15.2,15,23.1
28.4,17,19.7,10.8,16.7,11.3,17.6,28.5,27.4,21.2,14.3,19.5,17.9,29.1,20.6,22.9,19.9,13.4,11.6,15.7,11.4,6.5,19.1,18.8,16.4,14.3,29.1,15.1,14.7,19.2,14.7,17.5,20.3,18.2,27.4,16.1,12.3,14.2,16.1,13.8,23.4
41.3,16.2,18.6,12.6,14.5,12.4,16.4,29.9,28.5,20.9,13.5,18.2,13.7,28.3,21.3,20.5,17.9,11.3,17,17.6,12.2,2.5,21.6,19.8,13.9,16.4,23.1,17.7,15.5,19.8,18.4,18.7,20.8,16.7,27.8,15.8,14.8,12.4,16.3,16,18
32.3,17.5,19.8,18.2,17,12.7,15.5,32.2,22.6,21.7,14.7,16,19.8,28.1,21.6,19.8,16.5,16.3,14.3,19,12.1,3.4,16.7,19.6,13.8,16.6,23.6,17.6,12.2,21.2,16.2,16.6,16.8,19.7,27.3,17.6,13.1,14.1,13.7,15.9,18.6
27.6,19.6,19.8,22.5,18,15,16.1,32.3,27.3,18.7,12.8,17,16.2,31.7,21.6,17.5,16.7,16.3,15.7,19,11.3,5,15.7,18.6,11.6,14.6,25.2,21.1,12.3,16.3,13.5,14.1,18.8,19.9,27.6,17.3,17,15,12.8,17.5,15.2
27.2,14.2,22.9,19.7,16.1,10.8,16.1,34.9,28.5,11.3,14.6,19.2,13.6,31.2,20.2,16.1,13.6,14.8,16.6,22.5,13.2,5.5,15.3,18.9,13.5,16.1,27.1,19.3,13.2,17,13.2,14.5,17.2,19.9,27.7,16.2,14.6,16.4,14.1,15.6,13.9
38.5,15.5,18.1,17.5,18.3,12.6,16.7,29,27.7,14.8,16.6,19,14,32.9,17.2,20.1,13.8,16.7,20.1,19.5,15.4,3.2,15.6,18.5,15.7,20.4,26.6,19.1,15.3,17.7,13.8,15.1,16.3,17.7,27.6,12.9,11.9,14.6,19.4,15.1,13.6
36.9,16.8,16.2,17.3,16,12.4,12.2,30.5,27.6,13.8,18.4,21.4,13.8,32.1,20.1,22.9,12.6,16.1,18.1,16.4,14.5,0.1,16.5,17.6,19.2,17.2,30.8,19,12.4,12.7,13,16.3,16.5,16.4,27.7,13.1,12.8,14.6,17.4,15.6,15.7
27.6,19,15.7,19.5,16.3,12.9,13.9,29.8,28.7,17.3,19.5,19.4,15.7,33.2,21.4,24.9,16.1,14.3,14.8,15.4,14.3,-0.1,17.2,19.7,19.2,17.9,34.6,17.8,13.7,15.3,13.2,17.7,17.3,19.8,27.9,13.8,11.2,13.8,16.5,18.1,17.4
36.6,19.3,16.5,17,16.5,13.4,14,29,28.4,17.1,15.6,18,14.8,34.4,22.7,22.7,12.2,13.3,11.8,13.2,14.8,-2.2,17.7,19.9,11.8,17.3,36.5,16.9,11.3,15.1,11.4,12.8,16.3,21.4,27.1,12.9,9.7,13.9,17.6,19.2,18.7
43.4,18.5,16.8,16.8,16.3,9.9,15,30.2,27.1,16.7,14.7,19.5,23.7,31.3,21.8,20.1,14,11.9,17.7,17.8,16.4,-0.6,17.1,20.6,10.5,18.9,35.4,21.2,12.1,17.6,15.9,12.7,17.4,20.6,29.1,16.3,12.9,13.4,12.2,18.7,22.4
43.1,13,13.4,16.3,19.8,9.3,16.1,29.1,26.9,19,12,23.9,26.5,29.3,22.3,25.9,13.1,11.8,20.5,20.8,13.9,0.6,16.8,18.1,10.5,17.3,36.1,17.3,13,17.4,13.9,16.8,18.5,19.4,26.8,12.1,12.7,14.6,16.7,19.1,20.5
41.1,13.2,17.4,16.5,22.6,8.2,11.6,28.7,28.4,18.1,13.7,18.9,16.7,29.9,22.4,23.5,15,14.6,23.2,19.7,15.8,3.2,16.7,18.1,12.4,16.8,34.6,18.4,13.6,15.1,13.7,13.7,18,16.2,25.5,14.8,14.3,18,18.3,17.6,15.8
38.8,14,16.1,23.2,25.4,8.7,12,29.5,27.2,21,18.5,19.3,14.5,31.5,21.1,15.8,13.1,11.3,15.1,18.4,14.8,2.2,17.9,18.1,14.1,17.9,35.3,19.4,13,16.2,12.9,16.5,16.4,17.3,23.7,12.2,13.7,16.5,16.3,21.3,15
36.3,13,10.5,25.4,17,8.1,12.3,29.3,27.1,20.9,22.7,18.4,17.6,32.3,20.8,20.1,15.1,12.4,15.2,17.9,16.2,4,15.4,17.7,15.5,15.1,35,14.6,15.6,16.9,14.4,17.3,15.8,16.6,25.4,12.1,14.1,12.9,17.9,20.1,14.8
33,17.5,11.6,22.9,12.3,8.5,11.1,31.7,26.2,17.4,17.4,17.6,18.6,32.7,21.5,24.5,12,12.6,16,19.7,15,3.5,21.1,19.1,11.8,18.5,38.4,15.7,15,20.1,14.7,17.9,17.6,14,27.6,11.3,16.9,12.5,19.1,17,16
35.6,17.4,12,24.5,18.4,13.9,9.4,32.9,25.9,18.6,17.1,16.1,15.4,31.1,23.4,28.4,10.8,14.9,13.9,16.2,11.7,4.2,24,18.9,10.1,19.6,39.7,17.2,9.9,23.7,17.4,22.7,19.5,14.8,27.9,8,18.9,13.6,18.2,16,20.2
43.9,12.8,8.8,26.2,18.1,13.8,9.8,31.1,27.8,16,12.2,18.2,18.4,32.7,21.2,25.7,14.4,12.8,12.1,17.3,13.1,3.3,19,17.3,12,21.1,30.3,16.3,12.4,25,19.4,18.8,20.2,17.6,27,9.1,13.9,15.1,14.9,13.9,21.5
41.5,14.1,10.5,22.6,18.8,11.8,14.1,27.8,27.8,14.1,11.4,20.2,17.6,33.3,21.3,21.2,11.3,13,13.6,18.1,12.7,5,17.8,19.2,13.8,17.2,31.1,15.6,15.3,18.4,22,20.2,16.4,18.3,26.9,2.6,13.6,14.2,15.9,15.4,24
24.8,14.8,9.6,23,19.3,12.2,15.7,28.9,25.9,17,15.1,23.7,16,33.4,20.9,27.4,12.4,15,16.2,19.1,12.8,8.1,17.6,17.8,14.8,13.1,28.9,15.7,12.5,16.9,11.8,21.9,21.5,17,26.1,13.4,14.2,15.1,15.4,15.6,22.9
23.3,16.5,8.2,24.8,19.3,13.4,15.7,30.9,26.5,14.8,15.8,17.9,16.1,33.9,21.7,28.9,10.8,12.5,17.6,19.6,12.7,6.8,19,18.4,18.8,17.8,26.9,16,13,18.8,13.1,15.4,18.2,14.7,27.3,12.5,14.7,15.4,15.7,17.4,18.1
21.1,16.8,12.4,28,19,14,14.6,32.3,26.3,14.5,17.6,17,16.9,33.7,21.2,23.7,10.9,12.6,14.9,20.7,13.6,3.9,19.5,18.3,17.8,16.5,27.9,17.8,13.8,18.8,16.4,20.2,16,18.7,25.8,12.2,17.8,16.1,17.9,18.1,16.8
21.3,18.5,15.8,31.2,19.1,13.5,15.8,29.9,27.6,17.5,17.8,18.7,15.4,30,19.9,31.1,11.7,13.2,17.2,22,12.3,0.4,18.7,17.9,13,18.2,27.1,21.8,13.7,19.2,15.1,20.1,19.2,20.1,26.9,12.2,14.3,12.3,14.9,15.5,18.4
23.8,14.2,14.9,23,18.6,14.1,12.1,30.5,27.6,18.1,19.9,21.8,14.6,33,19.4,23.1,13.1,14.7,14.3,24.8,13.7,4.2,18.9,18.2,12.7,17.9,30.2,21.6,14,19.6,16.2,21,21,21.2,26.1,14.6,15.9,14.8,13,13.2,19
28.8,15.5,17.7,19.9,17.3,12.5,14.3,30.5,27.8,16.8,20.5,23.6,19.5,30.8,20.9,20.6,14.2,17.3,14.6,19,13.2,5.9,20.1,18.4,14.5,15.2,37.4,20.3,14.8,19.2,14.4,20.1,20.6,23,27.4,12.4,17.2,12.4,15.2,15.1,17.1
31.3,17.1,15.9,17.4,18.1,13.6,14.2,29,27.2,14,19.2,21.1,17.3,32.8,18.1,20.1,14.3,15.9,14.3,21.8,14.9,-0.7,19.4,18.3,15.5,16.7,29.6,20.9,14.9,19,16.4,13.8,17.1,25.5,29.3,12.9,16.6,15.6,16.7,18.5,16.3
31.7,18.4,14.7,18.2,17.7,11.2,10.5,29.4,30.5,15.1,17.6,18,15,33.1,20.5,30.1,16.6,12.4,19.8,25.5,13.7,-1.8,17.5,19.5,12.7,17.1,32.7,21.5,18.2,18.7,13.7,20.4,15.7,17,27,12.7,14.4,12.3,14.1,19.5,17.4
33,13.7,15.3,19.7,19.9,9.6,12.8,27.9,29.5,16.7,19.1,18.9,13.5,31.7,20.9,23.3,17.5,12.4,21.3,22.4,15.6,-0.2,19.7,18.6,13.2,26.7,30.1,21.1,12,18.6,16.6,18.5,14.2,15.5,28.8,12.1,16.7,17.8,14.5,20.3,17.8
26.4,13.5,17.3,21.1,20.3,11.4,12.3,30.6,29.1,14.5,20.3,17.8,14.9,31.9,21.4,18.2,15.8,15.1,24.9,20.8,14.7,0.1,23.2,18.6,12.8,18.8,26.9,20.9,14,24.2,12.8,16,19,15.2,27.5,10.1,19.5,17.6,13.9,23.8,15.3
31.4,12.5,17,25,21.7,10.9,12.8,30.4,27.8,16.3,22.8,17.7,15.5,30.9,20.2,17.3,8.5,14.1,19.8,22.1,15.9,-1.3,14.7,18,14.8,18.1,30.7,19.5,14.4,17.3,14.8,15.1,17.5,20,24.9,10.6,13.2,20.2,16.7,17,17
27.6,15,14.9,27.1,21.7,12.1,15.1,31.1,27.1,13.7,18.2,20,13.6,31.5,18,16.3,12.5,16.6,14,28,10.1,0.1,16.1,19.5,14.6,11.2,36,21.7,14.7,17.7,15.1,18,16.4,19.4,26.2,12.5,15.6,17.2,17.7,15.6,18.5
27.4,17.6,15.5,28.1,20,9.5,17.9,30.8,28.8,15,18.8,19.7,13.3,32.3,19.9,19.8,14.9,15.4,15.1,23.8,13,3.1,17.6,19.3,18.2,19.4,35.8,21,16.3,17.6,14.5,21.8,17.7,19.9,27,10.6,20.9,15.8,16.9,16.7,19.9
32.4,15.5,14.1,15.8,21.9,9.5,13.1,36.1,26.3,13,21.3,17.8,18.5,31.8,21.2,20.6,16.5,14.3,16.1,20,12,2.7,20.4,16.1,20.5,19.8,38.6,17.5,21.2,19.1,13.3,19.7,30.6,19.6,25.2,10.2,17.4,19,18.7,14.8,20.6
29.5,18.2,11.9,17.9,20.2,9.7,10.9,32.3,26.9,11.8,19.9,18.1,14.5,31.6,23.3,19.5,11.3,16,13.3,29.5,15,-0.6,19.3,17.2,13.9,19.7,30.8,20.8,13.9,20.4,12.4,17.8,19.8,19.7,27.5,14.1,13.5,17.5,18.3,18.2,23.7
23.8,18.8,12.3,16,25.1,8.8,12.5,31.5,27.4,14.7,28.9,20.2,14.2,30.6,21.9,22.5,14.5,16,16.9,24.6,13.8,-0.6,22.7,17.6,16.2,20.8,25.5,20.4,14.3,20.9,16.3,19.8,16.3,20.8,26.3,12.4,14.5,14.3,18.7,17.9,19.5
21.1,16.7,15.7,17.5,23.5,10.9,13.7,23.5,27.6,15.5,23.2,19,15.9,31.1,20.7,22.6,12.4,13.6,16.6,33.6,14,1.6,17.7,17.7,15.7,19.9,25.8,15.2,16.9,21.4,16.4,20.6,19.4,21,24.8,15.4,20.1,18.4,17.7,17.4,20.3
21.3,18.4,16.1,28.5,19.1,11.3,11,25.6,26.6,15.9,17.5,23,15.4,29.2,21.1,19.8,11.6,15.5,17.2,24,13.7,0.3,23.1,19,14.9,19.5,34.9,20.1,19.7,26.6,22.5,15.8,25.8,24.7,23.8,12.2,16.9,15.2,16.4,19.2,21.4
24.4,18.6,13.3,25.7,20.8,9.8,12.7,30.8,27.4,11.7,18.8,18.1,16.8,31.2,23.9,27.9,14.4,16.1,15.5,22.3,14.8,5.2,20.2,20.2,15.3,20.5,37.1,19.3,18.4,19.2,15.2,15,21.6,14.6,26.8,10.7,21.9,16.1,17.1,18.6,21.8
26.9,19.5,11.6,21.3,26.8,12,13.9,28.4,24.3,13.9,26.7,21.2,19.4,29.4,21.9,18,12.4,17.7,18.5,24.6,14.2,1.2,23.9,21.8,19.1,24.1,39.7,19.2,12.7,23.2,16.6,19.9,29.8,18.6,27.6,12.1,15.2,21.7,14.1,19.9,30.3
29.6,15,12,21.1,18.5,14.9,10.6,29.8,27.3,14,18.2,21.2,19.5,30.8,20.8,26.8,13.5,12.7,15.7,26.8,15.2,2.6,20.8,19.9,24.8,17.8,40.1,18.2,14.3,21.2,20.1,17,17,18.1,26.7,14.6,17.7,16,16.3,17.7,20.6
28,17.7,13.2,23.2,20.9,13.7,9.5,27.9,27.7,12.9,21.1,21.9,18.3,28.8,21.3,20.1,14.1,12.4,19,15.3,14.3,3,23.6,20.7,14.8,18.6,28.3,17.2,12.6,26.4,16,16.2,18.6,18.2,26.8,17,18.5,16,16.8,21.9,22.4
32.7,18.4,12.1,25.5,17.4,12.1,12,30.3,25.5,13,21.7,23.9,16.7,30.7,21.8,20.3,13.4,12.2,20.8,18.3,13.5,5.9,26.2,18.3,14.7,22,31.3,17.9,11.7,18.8,19.5,18.4,32.9,20.5,27.8,10.5,17,15.8,16.7,14.5,22.3
22,14.1,13.5,18.5,24.9,10.4,12.8,30.1,26.1,12.6,21,29.2,21.9,31.9,24.3,19.2,11.3,13.9,17.3,22.6,14.8,1,20.4,17.6,20.1,26.9,30.6,18.4,14.9,24.6,18.4,21.2,21.8,21.3,26.9,11.2,14.5,16,16.9,17,17.5
19.8,17.8,13.1,17.7,21.4,9.7,13.4,32.2,27,11.8,18.5,23.3,23.6,31,22.6,25,14.6,14.1,18.5,21.2,12.9,2.7,24.3,17.6,13.3,22.9,36.8,19.3,13.8,26.8,19.8,22.4,24.7,20.5,26.2,12.3,16.1,15,14.3,16.7,20.3
20,17,11,17.8,21.2,10.3,12.3,33.8,28.5,14.8,18.6,26,32.5,32.4,23,13.7,14.5,17.2,20.3,20.5,11.9,0.5,18.6,19,14.9,19.8,29.6,20.1,13.5,18.6,20.3,16.2,31.1,22.9,26.7,10.3,21.4,14,14.8,18.9,20.6
28.4,17.6,14.4,19.5,21.3,10.6,17.2,30.5,28.9,16,26,24.1,16.4,32.1,23.1,19.9,14.2,17.5,21.9,23.2,16,0.2,21.2,19.7,16.7,21.2,34.3,17.8,13.8,21.1,14.1,17.2,34.8,25.9,26.1,12.9,18.7,22.7,13.9,20.1,25.3
26.1,20.5,12,20.6,20.5,11.2,15.2,31.5,28,15.4,32.7,27.9,25.5,33,21.5,16.9,13.2,16.5,27.6,19.6,16.9,3,20.2,19.8,16.7,23.4,22.2,16.7,14.1,22,17.5,22.5,22.8,23.2,27.3,13.2,25.4,19.6,15.5,23.8,21.8
29.8,12,14.1,21,30.6,11,12.8,28.8,29.9,11.7,24.6,31.1,31.9,31.1,23.5,16.7,12.3,18.1,21,21.3,21.7,2.9,25.7,18.5,12.5,21.9,23.5,19.2,16.2,21.1,15.6,23,20.6,17.5,26.7,14.6,22.3,16,15.7,19.6,18.2
24.1,16.6,17.7,22.5,23.3,11,11.7,29.8,25.7,12,24.2,22.4,34.8,31.1,27.2,17.9,10.3,17.8,21.1,21.7,15.4,2.5,30.1,18.7,20,25.9,29.2,17.4,14,19,18,19.3,19.7,19.8,27.1,14.7,19.7,19.7,14.7,20.1,19.6
22.8,19.5,13.5,23.2,21.5,11.8,12.3,30.2,27,14.2,28.2,24,35.5,30.1,23.2,17.7,13.5,16.9,19.6,24,19,3.4,22.8,19.2,14.9,26.1,36.8,19.4,12.5,25.2,23.9,19.2,19.9,21.6,26.8,14.6,22.5,18.8,15.2,24.3,21.7
25.6,17.9,12.9,27.1,32.7,11.8,12.3,26.4,26.5,11.1,31.3,18.8,34.4,31.7,25,21,12.8,13.7,18.2,27,18.5,2.4,19.4,19.4,13.1,26.8,33,19.4,13,22,19,20,22.3,26.2,27.3,13.1,22.4,17.5,14.9,22.6,26
24.6,17.9,12.2,27.3,24.7,12.1,12.4,27.4,26.3,11.1,26.6,20.4,35.6,29.4,27.6,25.3,13.9,15.1,16.2,28.4,13.1,6.7,22.4,19.1,16,22.3,23.5,18.4,14.3,23.4,17,15,29.2,21.3,27.5,16,22,19.4,17.8,19.3,17.7
23.6,15.6,9.8,28.1,28.7,12.2,12.1,25.8,26.6,13.6,29.2,21.8,32.5,32.1,22.8,22.3,13.3,19,21.1,29.2,16.5,4.7,22.9,20.5,20,23.2,26,19.8,22.8,20.1,16,23.6,21,25.8,29.8,13.6,17.1,18,17.1,17.5,21.3
33.1,16,8.8,30.7,24.3,13.3,12.4,27.7,26.8,12.8,21.7,23.6,33.5,31.1,22,20.4,16.3,16.9,20.6,30.5,12.8,4.2,22.8,20.3,14.7,25.9,33.8,18.4,25.8,23.6,14.9,21.7,18.9,25.4,28.9,12.8,17.9,18.9,13.6,19.8,20.5
20.3,14.5,13.2,31.6,31.1,10.2,13.6,25.3,28,11.6,27.5,21.2,20.9,31.5,23,19.7,12.8,15.3,17.9,29.3,14.3,0.9,25.6,21.2,14.8,22.9,33.4,20,15.6,30.6,22.1,20.1,22.1,20.8,26.7,15.8,24.1,14.8,13.9,24.4,22.3
21,13.8,14.5,32.7,21.1,11,12.3,28,28,11,17.7,24.3,23.1,32.9,23.8,19.9,13.5,16.1,20.3,29,18,8.5,18.5,20.4,12.6,22.8,34.3,18,13.7,31.2,20.9,26.5,23.2,22.6,27.1,14.9,11.7,14.3,16.2,18.2,26.3
22.3,16.5,13.9,32.9,23.1,10,12.9,29.6,27.7,11.6,16.8,21.1,31.7,34.1,29.3,26.5,15.4,16.4,21.4,30.1,13,7.9,20,20.1,13.1,22.3,35.3,20.4,16.9,24.1,20.6,27.2,26.8,22.5,27.3,13.1,12.3,11.6,14.2,18.1,24
25.3,16,14.1,30.1,26.5,10.8,14,30.5,28,11.6,19.3,21.2,19,33.4,25.1,20.2,13.6,16.1,15,26.1,13.2,10.2,20.1,20,20.4,22.4,37.2,16.8,17.9,32.1,17.7,30.6,22.2,27,27.3,12.6,18.2,13.7,16,17.2,29.3
28.7,14,13.8,32.3,16.8,13.7,14.3,30.3,28,11.2,27.6,24.1,21.2,33.5,27.6,24,14.2,13.1,19.4,20.1,15.1,3.8,21.4,20.1,28.5,21.3,26.6,20.1,13.4,25,17.9,29,19.2,20.1,27.8,12.9,23.7,22.6,17.5,18.5,29.5
20.8,16,14.7,33.2,23.2,12.2,19.1,28.8,28.1,12.2,34.9,25.6,24.7,34.2,32.4,19.4,14.1,21.3,23.7,23.5,15.6,7.8,16.9,19.5,16.8,23.7,39.8,19.1,17.5,28.6,17.9,21,20.2,22,28.2,15.8,26.7,16.8,17,19.8,26.3
21.7,18.1,13.8,34.7,27.6,15.2,12.3,28.6,28.8,11.3,33.4,23.6,27.2,33.5,30.4,21.1,15.2,30.2,21.5,21,13.2,3.4,15.8,19.5,15.8,24.5,30.8,18.7,14.9,30.3,22.6,21.5,24,21.4,29.1,17.9,15.1,13.6,16.2,19.2,32.2
22.9,12.9,17.1,35.1,32.3,14.2,11.8,28.4,27.6,9.7,17.7,28.3,25.9,31.8,24.4,20.4,17.7,19.9,24.1,19.9,14.6,-0.3,18,19.8,25.1,31.4,24.5,21,14.6,23.2,20,21.8,24.4,18.9,28.9,15.1,17.7,17.6,15,30.9,20.5
17.8,12.5,13.9,30.2,20.8,15.4,11.9,28.5,27.6,10.7,20.8,26.2,30.4,31.1,25.5,18.9,17.6,16.1,20.1,33.2,13.7,4.6,19.9,20.5,15.7,32.6,24,26.5,15.8,26.8,21.3,24.8,33.6,22.1,28.7,16.7,22,17.8,14.6,17,19.9
18.4,20.5,12.2,24.5,21,13.1,16.7,29.4,29.1,12.2,24.1,25.9,19.7,31.7,30.1,20,15.8,22.8,18.6,32.1,14.1,6.9,21.8,20.9,19.2,23.5,25.4,17,11.7,17.1,13.9,30.2,21.9,25.9,28,14.2,18.4,15.9,16.1,20.4,26
19.6,18.1,17.7,33.9,21,14.2,15.4,28.7,29,11.5,22.4,26.1,20.7,32.6,21.4,15.4,16.3,17.7,17,26.6,14.8,6.9,21.9,18.2,17.5,23.9,25,14.3,11.2,23.2,16,36.5,35,20.3,28.8,15.4,17.4,14.1,18.2,21.3,17.9
17.8,15,14.3,21.8,19.5,12.4,14.1,28.6,27.8,12.8,18.1,25,24.5,34.9,22.2,17,13.5,20.2,20.4,26.2,15.1,6.6,19.8,18.5,15.8,27.1,24.1,19.1,13.5,32.7,16.8,31.4,21.2,21.5,28.8,11,18.4,14.6,15.3,21,21.5
19.9,16.5,11.6,20.3,17.7,12,18.2,27.2,28.2,12.3,19.6,24.5,30.7,34.2,22.5,21.4,15,19.5,31.3,21.3,22.9,8.4,19.9,19.7,15.8,27.2,24.7,20.1,13.6,23.8,13.7,22,23.1,20.3,29.1,16.6,20.2,15.1,16.9,22.2,26.5
17.4,18.5,15.2,34.1,22.6,15,16.4,30,28.1,10.9,22,22.9,20.6,33.8,24.9,20.4,12.1,18.6,34,23.2,14.2,10.1,27.8,18.3,14.5,29.5,25,21.8,14.5,15.5,17.5,29,19,20.7,27.6,18.9,20.1,19.3,17.8,23.8,31.9
18.7,15.2,15.5,23.6,24,9.9,12.4,30.5,27.9,14.1,27.7,31.5,21.2,32.6,23.1,18,12.6,17.4,23.7,24.4,15.3,7.6,22.1,18.4,12.4,23.1,25.4,20.2,13.9,17,18.1,28.6,21,21.5,28.7,17,19.9,21.8,15.7,20.6,15.6
18.7,17.8,13.6,26.8,21.7,13.1,16.9,24.8,28.6,11.1,21.6,22.6,21.9,32.8,27.1,20.2,14.7,15,24,22,16.8,9.7,24.3,19.3,13.2,30.9,31.3,24.3,12.9,20.9,18,34.9,30.3,22.3,29.6,12.8,22.5,22.6,14.4,22.4,18.7
18.1,16,16.4,31.5,21.4,15.6,18,28.1,29.1,12.5,19.5,22.3,17.9,34,23.5,24.6,10,13.8,28.4,33.2,15.3,3.8,22.4,21,16.1,21,36.3,23.8,12.8,21.3,13.6,33.8,25.2,29.2,29.3,15.3,17.6,15,14.4,23.7,23
18.9,18.5,18.4,31.5,23,11.1,16,28.1,29.5,9.6,22.1,31.2,19.9,32.8,24.6,14.6,14.9,13.7,27.2,28.2,15,5.2,23.4,22.2,21.1,24.1,27,22.8,14.5,19.3,13.8,25,23,32.7,30.4,16,17.4,16.9,16.7,16.8,22.4
18.1,12.4,14.8,33.9,22.8,11.3,14.4,28.1,29.6,7.6,24.8,34.5,22.1,32.6,23.2,18.1,16.2,19.2,24.1,25.4,16.9,0.6,23.3,21.4,25.8,27.9,26.1,24.4,21.5,17.3,14.1,29.8,23.3,22.2,31.1,17.3,15.6,16.1,15.2,19.3,21.5
18.3,17,14.1,23.3,24.6,12.8,18.4,26.6,30.2,9.3,28.6,31.1,24.7,33.2,25.7,20,12.6,23,24.1,22.6,14.9,14.5,37.5,20.6,13.6,20.3,25.4,23,14.4,22.7,15.8,23.9,24.9,21.7,30.7,16,17.6,16.1,18,25.1,27.2
17.7,18.2,18.9,32.1,31.4,14.8,20.6,25.6,29.7,10.4,32.6,20.9,36.2,33.5,25.2,14.8,12.9,13.4,19.1,25.2,12.1,12.3,21.6,19.4,12.9,17.8,24.6,20.6,13.6,24,18.9,18.5,27,33.2,29.1,13.7,21.5,27.9,14,31.8,21.7
17.1,13.5,12.8,35.8,34.7,16.7,13,25.8,29.9,10.7,36,21.1,40.5,32.7,25.8,16.1,14.8,18.4,21.1,27.2,14.5,15.7,22.7,19.2,14.2,22.8,28.3,17.7,14.6,21.6,23.1,21.4,23.1,23.5,28.6,15.8,24.9,19.7,14.3,18.4,21.5
16.8,17.5,14.4,37.1,24,12.6,18,26.5,29.7,14.2,35.1,28.9,20.9,33.4,26.5,20.9,11.8,17.3,20.7,28.5,19.1,11.9,23,19.5,16.1,29.2,29.7,19.8,20.3,21,17.8,25.4,22.4,26.7,28.7,17.6,33.3,18.1,18,15.7,21.6
19.8,24,16.7,37.4,32.4,11.8,15.2,25.5,30.2,11.6,31.3,22.8,18.5,33.1,26.1,18.8,13.5,13,14.8,34.9,17.7,12.8,24.1,19.4,14.5,33.6,28,20.7,18,22.5,15.8,31.9,20.9,22.1,28.8,24.9,28.9,20.5,15.6,18.3,20.6
16.2,13.6,18.6,32.1,25.9,11.1,13.9,30.7,29.1,12.5,27.2,20.6,21.7,32,28.7,12.2,15.4,13.8,22.6,35,14.6,12.3,27,20.2,15.2,25.1,29.2,23.9,15.1,34.5,17.4,32.1,23.4,25,29,19.4,26.2,20.7,17.9,17.5,25.9
18.5,12,11.1,28,19.5,11.3,14,29.5,29.4,13.1,23.7,19.8,26,33.8,25.5,15.9,17.2,19.5,29.4,22.5,13.4,4.9,21.6,20.3,19.6,16.1,32,27.8,16.3,25.1,17.8,40.6,22.3,26,28.7,18.7,23.3,31.1,19.5,17.5,30
17.5,13.2,16.8,33.9,26.1,18.7,30.4,27.9,29.3,14,26.1,33.5,28.9,34.5,25.3,11.5,15.3,21.4,22.7,29.5,14.2,-2.5,26.6,21.6,24.7,16.7,34,31.5,14.2,33.7,17,32.3,21.8,20.7,28.4,22.9,24.4,25.2,16,15.8,31.5
18.3,16,16.9,20.2,23.8,16.2,17.8,26.4,31.1,14.1,31.2,28.5,21.3,34.3,28.2,14.4,15.7,22.2,13.5,30.1,13.4,2.1,22.2,20.2,13.6,21.4,35.5,37,17.3,26.7,18.3,38.3,23.6,18.1,29.4,19.7,31.1,34.1,14.9,15.7,35
16.1,20,15,21.7,28.1,15.2,22.8,27.2,29.7,11.6,33.4,24.2,24.9,32.4,26.2,18.4,14.4,18.9,18.2,26.7,16.5,9.1,21.4,20.4,14.8,23.1,28.8,25.6,16.2,19.6,20,33.8,24.6,22,30.9,19.9,34.1,21.4,16.2,22.9,36.5
18.6,15.2,16.6,35.2,26.2,12.6,14.7,30.3,30.4,14.4,35,23.9,26.6,32.8,23.7,18.1,16.4,15.1,20.4,29.9,18.9,1.4,25.1,19.4,14.3,20.9,34.3,22.2,28.1,17.7,20.2,29.5,23.3,19.7,30.8,22.5,36.5,28.8,16.6,23.8,25.1
18.6,14.7,16.5,22.2,30.5,15.8,18.8,28.9,29.5,17.3,38.3,22.6,27.3,35,25.6,14.3,16,16.8,16.7,31.8,22.3,3.8,27.3,19.6,15.9,19.5,24.8,23.7,18.1,28.5,19.8,22,24.9,26.3,28.5,20,38.5,23.1,20.9,20.9,24.3
19.4,15.6,14.3,25.8,38.7,14,20.4,26.5,30.2,15.1,28.3,24.5,40.7,33.3,27.6,15.4,16.6,13.9,18.6,32.3,14.2,8.6,33.1,21.9,29.5,19.1,27.8,25.9,16.8,30.9,25.5,19.9,31.3,33.8,33.2,20.9,30.6,18.4,23.1,22.2,28.8
22.8,17.5,18.8,26.3,20.3,15.5,15.9,25.5,29.2,16.2,27.3,27.7,19.7,34.1,28.7,17.3,14.3,18.1,23.1,33.4,14,5.6,26.2,20.1,25.3,24.6,24.9,24.9,27.7,38.1,22.9,25.7,23.8,20.4,29.2,15.8,25.7,19.4,22.5,18.3,31.4
21.5,17.1,25.1,26.5,21.8,15.9,18,24.6,30.1,17.2,31.3,24.2,25.4,34,35,14,14.9,19.2,27.6,37.3,14.7,5.6,20.9,19.4,25.5,22.3,27.3,21.2,15,22.6,19.1,31.9,33.2,15.6,29.1,19.7,27.8,33,18.5,19.8,36.4
17.9,18,17.8,28.1,25.6,13.2,15.9,24.8,28.3,16.7,29.2,27.9,24.4,32.9,24.1,19.1,15.6,18.3,22.3,37.3,14.5,5.6,22.4,20.4,19.7,22.2,25.5,32.5,14.8,23.9,19.5,35.7,27,19.4,29.3,9.5,30.5,35.8,20.7,26.7,39.2
17.5,15,17.2,33.8,21.8,15.6,14.2,24.9,29.5,11.3,31.8,25,25,33.4,25,16.1,16.6,20.4,19.6,32.9,15.9,7.9,24.2,21.1,32.9,24.5,27.3,24.4,17.4,21.9,20.6,38.9,34.8,15.9,28.9,10.6,32.3,36.6,19.7,32.6,40.3
13.9,15.6,21.1,37.1,37,10.4,12.8,24.4,29.7,16.7,32.7,26,33.6,35.1,23.1,16.4,17.7,16.1,20.1,24.5,16.3,1.8,25.3,21.3,18.5,24.8,30.1,26.7,27.3,25.8,26.1,18.7,26.1,15.9,30.3,19.7,34.9,35.7,17.3,22,41.6
18.3,15.4,19,28.5,32.4,9.9,14.2,24.4,29.4,15.5,34.1,20.8,40.7,33,23.5,13.9,17.7,20.1,19.7,32.3,21.4,1,23.9,20.8,18.5,26.6,20.8,21.4,32.2,22,31.8,19.9,22.3,16.8,36.3,25.8,35.7,31,29.5,19.8,25.7
16.8,17.1,20.4,28.8,29,9.2,16.4,24.4,31.4,15.2,36.5,21,44.2,33.6,23.4,14.7,16.2,23.5,19.8,29.3,18.7,2.1,26.8,22.3,26.5,33.2,26.1,21.3,32.3,28.2,32.4,25.4,25.9,25.5,34.3,17.5,40.2,33.4,29.1,16.5,26.6
17.3,17.4,20.6,25.8,37.3,14.9,24.1,25.8,30.9,16.6,40.4,22.8,22.4,33.7,25.9,16,19.2,30.3,33.6,36.1,18.8,2.1,27.2,22.8,31.7,36.4,28.5,24.3,31.2,30.1,32,34.3,23.4,22.8,29.5,15.7,33.5,29.3,20.4,19.7,35.9
15.8,18.3,16.8,25.2,30.1,13.6,13.3,25.4,29.8,21.6,37.4,24,21.6,33.8,30.3,16.2,15.9,27.7,27,36.5,18,9.2,24.7,23.6,34,26.4,28.5,26.4,26.2,37.3,25.6,36.8,19.9,23.5,30.3,15.7,35.7,23.2,18.3,20.8,38.3
15.9,27.7,18.2,29.5,35.3,10.7,16.4,25.4,31.3,25.5,36.4,25.2,21.3,33.6,25.4,15.1,17,33.8,29.3,32.5,17.8,9.2,24.5,23.8,35.8,34.9,25.7,34.5,26,32.1,23.4,32.1,32.9,21.6,31.5,10.3,38.3,38.4,19.2,21.9,38.2
11.9,16.6,17,35.7,41.6,12.9,17.2,23.6,29.5,19.7,39.8,29.9,23.5,34.3,23.7,14.2,16.7,19.1,20.7,37.1,24.6,9.2,26.2,21.7,36.9,28.2,25,29.5,24.5,28.5,32.5,32.1,25.4,20.1,29.5,13.3,32.5,25.8,18.4,37.6,41.7
17.1,17.8,21.1,35.4,20.8,11.1,17.6,24.9,29.6,14.1,41.7,30.2,19.8,31.6,25,14.3,17.3,22,33.6,40.7,30.3,19.6,28.8,21.3,38.4,17.4,28.1,30.9,17.5,30.3,24.3,27.1,23.8,18.9,29.1,15.1,35.2,17.6,19,17.5,42.8
18.2,16.6,13.5,36.6,33.3,10.2,14.9,26.2,29.2,23.3,38.2,23.1,19.3,31.9,27.4,13.5,16.9,17.9,35.8,42.6,30.5,19.9,27.5,21.6,38.3,19.1,27.7,33.7,18.7,41.2,23.6,32.7,26,22,29.2,16.1,40.8,26,28.3,22.2,44.1
18.7,19.5,16.2,38.3,34.5,12,15.6,24.5,29.2,21.9,39.7,21,22.8,30.9,27,15.8,19.6,24.6,38.2,41.5,16.4,15.8,22.2,23,37.6,27.1,28.4,26.2,23.5,35.5,23.2,22.3,27.4,26,29.7,16.1,41.8,28.1,25.6,21.6,39.7
15.6,27.5,19.7,28.8,39.8,13.2,17.7,21.4,28.8,16.2,33.1,23.4,25.5,32.8,28.6,16.7,20.2,33.4,39.3,40.4,17.9,16.2,26.5,23.9,38.4,26,28.5,23.8,32.4,41.4,32.2,23.8,26.4,35.6,31.8,14.4,30.3,24.9,26.2,21.9,44.9
19,17,16.2,30.9,23.4,17.9,14,23.2,29.6,17.3,19.6,24.8,27.7,33.6,27.2,19.3,18.7,35.7,40.3,41.7,23.4,11,24.5,24.7,39.6,30.7,26.6,22.9,17.5,22.3,36.2,23.5,20.4,26.4,33.8,14.6,31.6,20.4,20.9,21.6,34.5
18,19.5,15.9,34.2,30.5,17.2,16.3,22.7,30.3,18.7,36.7,25.5,21.8,31.1,27.5,18.9,19.5,31.8,24.2,40.2,31,11,24.5,25,30.7,29.4,26.3,22.2,19.4,40.2,20.6,28.4,22.1,22.6,30.8,14.3,25.6,20.6,24.8,22.9,21.7
16.2,16.5,16.3,39,27.3,13.9,16.3,23.7,33.7,20.9,26.2,23.9,24.5,32.6,26.6,15.7,22,28.5,30,34.9,35,14.4,25.8,25.4,30.9,32.2,26,21.4,23.7,24.2,23.8,33.1,26.9,17.3,30.1,16.2,25.3,21.9,25.9,20.4,22.7
16.1,16.2,18.7,38.5,39.4,13.1,21.7,22.3,31.8,25.7,27.3,26.6,28.8,34.1,24.5,17.2,20.1,27.3,34.7,36,30.1,20.8,19.7,24.6,37.1,33,25,22.6,17.7,22.9,19.9,37.5,23.3,19.9,30.3,28.9,36.3,15.7,26.4,23.9,25.6
16.5,16.5,23.3,32.6,36.3,10.7,24.4,25.1,28.9,24.3,28,30.3,23,33.3,26.3,11.7,19,22.3,36.3,36.6,32.4,20.8,21.5,23.9,41.5,39.4,24.7,34.3,18.5,24.2,25.6,42.4,26,23.9,29.6,26.7,28.6,24.8,20.7,22.5,29.3
17.6,19.6,17.7,32.6,26.1,13.8,20.1,23.5,29.9,18.9,29.8,26.7,24.5,32.9,26.8,12.3,18.3,33.8,41,40.3,34.6,23,22.1,24.5,19.8,25.5,24.5,37.1,27.7,30.1,26.8,28.6,27.2,24.5,28.9,24.3,21.4,20,22.4,25.5,25.3
19.3,29,15.1,38.9,32.5,18.6,16.4,21.7,30,16.8,32.7,24.4,24,31.9,24.4,11.2,26.4,38,41.1,33.1,23,11.1,22.6,24.5,21.8,26.2,25.3,21.6,17.6,30.7,29.8,21.1,28.3,26,30.1,25.5,24.2,22.1,20.8,21.3,28.9
18.8,22,15.7,38,32.6,25.2,20.7,21.3,29.9,20.6,33.5,26.3,31.7,32,27.7,10.9,21.8,25.6,38.2,29.8,34.7,11.1,24.7,25,30.7,23.1,24.9,22.9,16.9,39.1,28.1,24.8,27.6,39.2,29.8,19,25.3,38.2,19.4,22.9,29.5
14.5,20,19.2,35.5,30.8,18.4,30.4,22.7,29.9,27.6,37.5,30.4,24.3,32.2,28.1,12.2,20.5,18,40.3,31.2,23.6,11.1,24.6,24.7,31.5,31.5,26.4,29.7,17.8,32.6,27,35.1,31.5,19.5,30.6,24.1,27.5,22.7,17.3,23.8,33.1
16,22,20.3,35.5,27.4,16.6,34.7,24.3,30.3,28.9,31.3,26.2,36.3,31,26,12.4,17.9,20.6,41.6,30.2,18.6,18.8,21.3,24,18.6,31.5,23,26.7,18.9,32.4,19.3,39.7,34.7,21.9,30.7,19.7,31.9,23.5,18.7,32,26.6
15.1,22.5,22.7,36.2,34.8,18.9,32.8,23.4,31.2,20.7,35,26.4,22.2,31.7,26.7,13.2,19.6,26.8,35.3,42.3,18.7,19.2,25.4,22.3,19.8,38.8,23.5,24.7,17,22.2,21.2,27.3,23,25.6,29.4,27.8,28.5,22.3,19.9,39.4,25.9
13.7,25.8,26.6,37.6,21,16,22.6,21.6,29.7,21.3,25,28.3,22.3,31.7,27.6,13.9,19.8,26.7,42.1,35.8,20.4,22.5,24.2,22.7,21.9,22.7,26,35.8,19.4,28.3,30.6,35.5,24.6,25.6,29.6,28.4,33.9,28,21.6,20.2,26.2
16.1,27,27.1,40.3,23.1,21.6,28.2,20.4,29.1,16,31.9,29.8,35.3,32,24.9,14,25.7,22.2,22.5,33.2,23.8,27.8,25.9,23.4,25.7,33.4,23.7,37.2,16.8,36.6,21.8,24.4,23.4,22.3,30.3,31.6,32.6,38.9,28.7,23.3,29.4
15.7,25.1,27.1,40.4,30.4,22.7,30.6,16.5,29.5,20,33.9,23.8,36.2,32.3,25,13.8,28.6,19.6,23.4,38,26,19.1,30.3,24.9,31.3,38.8,17.5,32.3,17.2,20.5,21.8,32.5,24.6,27.1,30.7,32.3,26.1,24.6,32,25.1,32
17.4,21.6,23.9,41,36.8,25.8,32,19.9,29.2,22,35.9,23.3,19.5,33,26.7,11.4,30,21.4,22.8,36.3,26.7,17.4,27.6,25.1,22.6,27.1,16.1,29.5,17.7,31.9,25.1,38.4,26.8,24.7,30.9,24.2,29.5,23.3,20.2,31.7,35.6
16,20,22,40.5,37.3,29.7,37,22,30.4,26.1,38.8,26.9,28.4,34.2,27,9.1,27.8,27.9,35.3,33.1,30.5,11.5,26.2,24.8,23.6,42.2,18.8,29.7,18,24.6,16,39.6,26.2,31.6,30.4,19.6,24.2,24.7,18,25,39.4
11.9,18.5,26.9,40.9,38.4,24.5,38.2,22.3,29.1,19.6,41.9,30.2,26.1,33.3,28.6,13,24.3,32.6,22.7,29.6,17.7,16.7,24.9,25,22.9,36.7,19.3,32.3,31.7,30.8,22.3,43.4,29.7,28.6,30.2,20.4,32.5,26.8,25,29.9,40.4
13.7,16.2,29.1,39.5,28.7,28.2,37.3,21.1,30.4,20.6,41.8,29.2,23.8,33.7,27.8,11.8,26.8,21.2,23.7,35.3,21.3,24.7,23.9,24.1,28.3,35.3,23.2,37.1,36.1,20.2,25.7,28,33.4,36.3,30.1,28.5,33.6,26.7,22.7,21.5,27.7
15.3,17.5,30.8,38.9,20.4,16.8,28.4,20,30.8,15,30.9,26.7,32.1,33.3,29.8,11,19.1,20.4,23.8,36.2,20.6,23.5,28.9,25.1,28.6,39.9,23.1,28.5,15.5,23.4,21.7,28.3,22.6,27.5,30.8,31.2,34.8,38,22.3,19,31.8
16,19,34,25.1,22.8,16.2,28.1,19.8,31,20.7,37.6,26.5,37.5,32.6,28.6,9.8,27.2,23,27.2,35.6,23.8,17.7,23.5,25.2,18.8,23.9,26.7,25.5,18.7,25.1,22.3,32,23.3,42.5,30.3,32.7,39.2,21.3,21.2,23,35.4
16.2,15.5,32.4,27.8,26.2,24.9,33.8,23.1,28.1,25.5,38.4,27.2,25,31.1,30.5,8.6,20.8,15.8,34.6,32.5,29.7,9.7,26.6,25.4,22.1,24.3,24.2,37.2,16.3,27.2,21.5,35.4,25.1,23.5,30.8,33.2,27,20.5,25.2,27.2,37.6
21.7,16.5,23.2,35.7,27.2,27.6,38.8,23.2,30.2,30.7,39.7,26.4,23,32.8,29.4,12.3,22.7,23.9,26.9,31.7,20.6,10,23.8,24.5,25.6,31.5,26.2,34.2,19.8,27.2,23.9,32.9,33.6,27.7,31.5,34.9,31.8,19.8,25.1,25.3,39.8
19.8,18.2,27.9,38.5,29.1,28.9,38.7,19.8,30,19.9,39.6,26.4,23.5,32.3,28.4,12.7,29.1,21.6,27.1,23.8,19.7,15.9,26.9,25.2,29.3,29.1,23.6,32.6,22.4,28.4,38.2,38.8,31.7,28.1,31.6,27.6,38.1,28.2,22.4,24.5,43
14.6,20.2,33.4,33.2,30.3,30.9,24.7,20.3,28.6,26.9,24.7,29.1,24.5,30.1,28.5,15.6,18,20.1,32.1,23.2,21.3,18.4,27.9,24.7,36.8,30.7,20.4,26.9,17.1,29.8,32.5,45.7,40.9,32.7,31.6,33.1,37.7,26.3,22.8,24.4,27.4
15.2,22.6,35.2,37.3,20.1,33.4,32.8,20.4,25.2,20.6,29.7,30.6,29,32.1,32.6,11.4,18.4,19.8,21.9,28.5,19.1,21.5,26.1,24.9,30.5,31.4,17.6,30.8,18.6,20.3,22.4,33.5,27.1,33.3,31.9,33.1,24.2,23.1,21.4,24.9,28.4
14.9,20,36,38.9,24,29.8,22.5,21.4,28.5,25.3,32.2,24.8,21.7,31.4,30.9,9.6,20,29.9,24.6,23.9,19.3,22.2,26.7,26,36.1,39.7,20,36.2,20.3,24.6,21.6,43.7,28.3,32.2,31.6,28.1,28.3,35.6,21.2,24.5,31.9
15.6,20.6,35.1,38.4,34,29.7,23.3,23.2,30.4,23.5,33.6,24.7,20.3,32.4,30.7,11.7,18.1,21.8,24.2,32.8,18.7,15.7,29.2,25.4,22.3,39.6,15.4,35.1,20.7,34.2,21.4,28.7,28.2,21.6,34.3,37.9,35.5,43.1,22.7,26.5,34.8
15.9,18.8,32.8,38.3,31,31.8,28.3,20.8,30.4,21.1,32.3,27.2,19.9,28.9,25.2,12,17,20.3,24.2,32.6,20.6,16.2,26.4,25.2,23.3,27.9,16.7,32.6,34.1,24.4,24.1,26.6,29.1,19.4,33.6,29.7,34.4,36.1,27.5,24.9,38.7
15.7,17.8,35.4,37,38.6,31.4,32.9,18.3,29.1,20.8,26.4,28.2,33.6,30.7,29.3,16.7,21.2,21.7,29.1,33.2,19.4,17.3,27.2,26.4,26.7,32.9,19.4,42.7,37.8,29.8,33.4,27,28.1,21.7,32.3,28.7,32.3,22.9,33.6,24.2,41.3
17.6,17.8,36.3,31.8,35.5,23,25,19.1,29.1,21.1,33.4,29,24.9,31.6,29.5,11.3,24.2,27.3,32.1,32.5,35.5,21.5,27.2,24.4,39.2,33.1,21.1,27.6,19.8,37.6,34.1,26.2,28.3,25.3,32.3,33.9,31.4,36.8,33,19.8,30.4
16.5,18.5,35.1,21,40.1,33.7,28.2,20.4,30.7,23,29.8,27.4,23.2,32.3,30.7,12,21.7,19.9,35.4,33.2,38.7,19.5,26.3,24.1,31.9,32.6,20.8,37.4,19.1,31.1,18.3,29.9,28,29.7,31.6,32.8,30.5,23.1,22,22.4,34.4
23,21.5,30.5,30.5,33.2,19.8,21.6,21.7,31.6,26.7,35,28.8,18,32.8,28.5,11,21.1,20.9,28.4,35.6,17.1,23.5,25.4,24.7,25.4,42.3,19.7,40.7,18.7,40.5,24.4,40.3,29.2,25,32.4,28.3,32.4,24.4,20.2,24.3,37.2
15.4,30.2,39.7,33.7,23.9,17.1,24.7,22.5,29.4,27.2,34.7,26.1,20,32.4,28.7,12.7,20.9,23.6,31.1,36.7,20.4,25.7,28,25.2,25.3,21,16.6,36.8,20.2,29.4,37.7,33.6,29.5,30.3,32.5,18.7,35.5,26,27.6,26,39.4
18.1,20.6,38.2,38.6,27.2,18.7,28.3,19.4,30.1,30.4,33.7,25.8,29.7,30.9,28.6,9.8,17.6,25.2,35.8,36.7,20.9,27.3,29.2,26.3,30.9,32.8,18.3,39.4,21.3,32.2,22.5,24.1,33.5,27.6,32.8,20.7,42.9,23,27.9,19.7,40.9
16.8,19.5,23.6,33.7,29.5,24.7,38.4,19.9,31,30.8,35.7,25.4,27.1,31.6,29.2,8.6,17.1,25.2,37,34.7,22.2,16.8,28.6,25.3,33.1,23.6,14.8,35.9,19.8,26.2,21.6,34.3,28.6,27.9,32.7,20.8,42.1,26.1,25.4,23,41.7
18.4,21.9,25.8,36.4,29.4,18.1,24.5,21.7,30.9,32.9,36.4,28.9,25.9,31.8,29.4,10.8,19.5,36.2,40.8,32.9,25.8,20.1,37.5,25.6,34.8,30.7,12.8,29,35,36.4,23.2,35.7,19.4,26.6,32.8,25,41.9,23.3,23.5,25.7,42.2
17.1,20.4,32.9,40.3,25,18.2,31.7,22.9,29.5,24.5,37.2,25.8,24.6,30.8,30.7,10.8,22.6,18.7,28.4,32.9,28.7,18.6,26.4,24.6,39.6,29.5,17.5,33.1,24,39.6,31.6,35,23,29.1,32.3,28,33.1,36.3,24.4,25.2,42.8
17.6,20.5,34.5,30.4,39.7,18.6,24,23.5,30.7,22.2,39.7,26.7,24.3,34,28.9,10.3,24.6,26.5,30.4,34.8,22,22,29.4,24.6,40.9,20.7,16.6,26,40.8,43.3,39.2,23.8,22,23.1,32.2,28.8,35.7,37.6,22.6,25.5,29.7
18.2,21.5,26.2,33.5,40.6,25,27.4,25.8,31.2,22.6,41.6,28.8,22,31.6,30,13.4,21.5,21.8,36.2,27.4,24.7,24.2,24.1,24.9,41.2,20.1,18,29.8,22.3,39.7,26.3,28.2,20.4,27.2,32.4,26.6,37.3,27,24,25.2,31.7
22,22.2,26.4,36.3,43,28.6,33.9,21.7,30.8,23,42.4,27.9,20.4,29.9,30,13.9,23.8,23.8,36.6,27.3,26.1,25.9,29.6,25.4,42.1,24.2,19.3,35.5,18.4,30.2,37,30.3,21.2,24,31.7,30.1,26.9,35.3,28.3,25.7,36.5
26.7,26.9,22.3,37.5,30.8,16.7,35.5,20.9,31.8,13.1,37.1,28.5,26.2,31.4,30.1,13.9,17.4,34.8,38.9,32.3,40.8,23.3,30,26,22.6,34.2,16,39.1,18.9,29.3,37.9,33.1,23.3,31,31.9,31.8,26,18.5,26.5,23.6,34.5
16.5,19.6,23.6,40.3,37.3,20,30.8,21.7,32.1,16,34.8,29,32.7,30.8,28.8,10.2,21.6,32,37.2,37.9,24.8,13.3,36.3,26.4,23.8,30.6,18.1,36,18.2,33.2,21.3,37.8,25,32.4,32.4,33.7,33.4,26.6,27.4,24.6,27.9
21.2,19.5,27,41.3,28.2,18.5,23.3,23.1,29.4,22.2,39.4,28.2,19.2,30.1,27,10.5,23.6,35.5,37.4,37.4,20.7,12.4,29.1,26.5,26.5,24.6,17.4,43,17.3,29.6,24.9,28.5,22.9,20.3,33,27.9,38.5,36.2,32.9,23.5,32.9
20.9,21.5,31.5,35.8,29.8,19.4,22.6,22.2,30.8,19.5,28.8,28.1,21.4,30.1,28.9,10.7,27.5,20.7,27.4,37.9,19,18.5,24.1,25.4,31.5,29.9,17.9,43.2,21.7,31.9,35.2,35.5,26.6,22.1,33,32,37.8,36.3,21.2,25.9,39.3
22.4,22.1,27.5,34.6,31.6,21.5,29.8,22,32.5,27.9,34.8,28.7,27.5,30.1,29.8,15.1,21.7,21.9,27.2,38.1,26.5,21.2,25.2,25.2,25.9,35.9,18.1,42.2,23.3,29.5,19.9,22.7,28.4,25.1,34,36,38.1,35.1,23.9,26.1,41.6
15.7,21.9,26.7,31.6,29.1,21.1,34,21.8,31.1,26.1,40.3,28.6,18.7,29.5,30.7,17.2,22.1,26.7,30.9,38.2,24.8,18,26.1,26.4,21.9,40.2,21,36.4,23.4,29.6,27.8,31.7,26.1,25.1,33.9,38.2,35.4,31.2,28.9,32.1,35.8
19,24,30.7,23.4,25.2,21.1,28.6,21.3,30.4,23.9,41.3,28.4,21.1,32.3,31.5,13.5,23,33.8,36.3,38,25,19.2,29.5,26,22.6,33.9,19.1,34.3,18.3,29.5,24.7,35.8,24.4,26.5,32.7,26.9,37.3,22.3,24,22.9,33.1
14.6,28,24.9,30.4,26.7,18.3,31.6,22.5,31.3,24.5,38.8,27.5,20.5,31.6,29.1,14.1,24.8,20.9,34.3,35.4,30.8,20.9,26.5,26.3,28.3,23.2,18.5,40.1,18.3,24,24.5,29.2,27,30.2,31.3,31,32.4,27.8,30.7,27.7,38.9
15.3,20.6,25.4,30.6,26.8,23.1,35.6,22.8,31.8,25.6,41.2,30.5,19.8,29.3,28.9,10.7,31.7,22.8,34.6,34.6,38.3,22.1,22.8,25.8,39.8,29.2,18.3,33.7,20.9,27.4,24.3,33.6,30.5,31.8,32.3,27.5,34.1,26.5,26.4,26.7,40
15.6,20.2,27.4,34.5,29.9,27.5,40.5,23.4,31.8,24.4,41.3,26.7,16,30.4,30.2,10.8,26,28.3,38.2,32.5,32.3,27.8,25,25.5,26.9,31.3,18.9,31.8,18.5,30.7,24.4,37.6,24.6,25.3,28.4,31.8,33.3,28.1,27,25.7,34.9
17.7,22.8,22.6,35.9,32.4,35.5,42,23.7,33,29.1,36.2,26.2,15.5,31.1,30.1,14.9,30.5,38.4,44.2,27.4,42.5,27.7,26.1,25.8,31.1,40,17.8,33.8,19.8,32.7,31.1,25.8,23.5,23.8,30,34.1,27.6,26.2,22.5,25.4,34.7
22.9,23.2,32,37.5,25,23.2,24.3,22.7,32.6,26.5,38,28.7,23.4,30.3,29.6,12.7,29.7,22.5,43.6,30.5,18.8,22.1,25.9,25.4,34.9,41.5,17.4,29.9,23.3,33.2,22.7,27.6,25.4,27.9,29.9,35.7,32.7,25.9,24.6,27,37.8
15.4,20.8,38.6,33.3,26.7,19.7,32.4,22.5,32.9,28.9,37.4,31.4,26.7,32,30.4,14.2,22,24.3,41.1,32,21.9,7.6,28.4,26.5,30.1,41.3,16.9,27.6,31.9,36.3,26.9,33,25.7,31.8,30.8,34.7,32.2,32.3,29.6,26.2,39.9
17,24.5,40.3,31.1,32.7,21.2,33.2,23,32,23.4,34.1,31,22.1,33.6,30.7,14.4,22.7,22,29.1,32.6,26.6,14.8,28,26.3,32.4,33.6,16.9,28.8,34.6,25.4,26.1,40.4,25.5,24.8,30.8,27.2,31,34.1,22.8,26.2,36
18,22.2,26.4,33,25.9,26.5,23,26.4,33.1,22.7,32.1,30.7,23.7,31.9,30.7,13.6,25.9,22,35.4,33.3,22.3,26.7,20.9,25.4,28.3,30.4,21.6,25.3,19.3,28.4,38.3,33.8,26.9,21.6,31.3,29.3,36.2,29.5,39.3,26.2,29.7
21.6,19.6,29.2,34.3,25.7,25.2,21.3,25.4,31.8,23,25.3,27,17.5,33.4,30,15.5,30.4,36.1,24.8,34.5,19.5,24.4,23.9,26.2,34,28.6,17.2,27.4,21.3,27.1,29.7,37.9,25.1,25.6,30.4,30.3,36.6,23.1,38.7,21.8,30.9
17.8,22.8,33.7,37.8,29.7,19.4,25.5,27.8,32.2,23.4,30.4,28.9,17,32.3,31.6,12.3,25.2,37.2,28.2,32.3,20.1,24.2,24.9,26.9,35,30,18.1,34.9,28.7,27.3,30.4,42.7,23.6,28.7,29.1,30,26.8,23.8,27.5,23.6,39.9
16.4,22.3,36.6,39.3,33.7,27,31.8,23.4,32.1,25.2,32.1,30.9,18.9,30.6,29.7,13.4,28.7,23.7,36.6,32.9,24.3,22.6,25.8,25.5,29.6,29.4,16.3,27.9,29.1,26.1,19.9,28.2,26.3,25.9,31.2,28.9,22,33.8,20.5,25.1,33.7
14.8,20.2,38.2,39.7,29.7,28,34.1,24.6,31.2,21.2,33.9,29.5,16.9,31.2,31.2,14.5,30.5,35.5,42.9,33.1,27.8,20.6,26.2,25.4,34.3,28.7,14.3,33.1,28.4,30.7,23.5,30,25.3,30.1,31,31,27.7,24.8,23.3,28,32.7
15.5,21.6,34.6,40.6,24.9,25.6,38.1,28.1,31.8,21.2,35.7,27.6,15.6,31.1,31.9,17.5,26.1,19,30.5,33.4,22.3,21.7,29.1,24.1,31,23.9,16,33.3,19.6,31.2,27.6,31.6,24.5,30.9,31.2,32.1,27.5,21.9,25.2,29.7,35.1
29.4,21.6,28.3,39.8,25.3,32.8,31.8,28.3,32.3,24.6,33.8,28.2,15.6,32,33.1,12.1,24.3,26.4,32.6,35.1,23.3,15.6,28,26.3,24.2,25.4,17.4,37.7,18.6,24.2,28.8,32.4,24.5,34.9,30.9,28,29.2,23.1,27.5,23.3,36.5
18.9,21.2,31.3,39.2,28.9,36.7,31.8,33.4,30.5,26,23.6,27.8,21,31.8,31,15.2,24.8,35.6,37.9,30.8,27.5,13.3,27.7,25,29.3,27.1,16,32.4,19.6,31.1,28.8,28.8,23.4,42.5,32.7,32.3,28.5,29.1,22.3,26.2,37.1
16.9,19,27.3,35.4,19.5,39.9,29.4,30,31,20.4,29.3,26.6,14,30.2,31.6,12.2,22.1,34.6,34.3,32.8,24.9,16.1,28.3,25.5,37.5,33.7,14.7,33.8,25.4,30,24,27.8,25.3,26.9,32.6,37.9,31.2,31.3,25.9,24.1,38.4
26.2,24,35.9,36,24.5,29,27,26.5,31.8,30.8,30.3,28,14.7,32.1,29.9,9.2,26.8,34.5,34.4,30.6,23.2,19.7,28.2,25.3,38.2,33.5,16.3,36.1,21.8,19.7,24.2,31.3,27.2,30.6,33.2,37.8,35.1,28.5,26.6,23.5,40.4
17.4,22,36.8,38.1,24.1,19.3,36.8,29.3,31.8,27.5,30.7,27.7,17.2,32.2,28,10,23.7,20.8,32.1,22.7,23.6,22.9,22.2,25.2,30.9,25.2,20.1,28.9,19.6,25,21.7,33.2,26.8,25.9,33.8,38.6,30.5,28.8,24.4,24,32.8
18.9,23.2,33.2,36.6,30.3,22.7,31.6,27.1,33,21.8,32.5,29.2,17.7,31.6,27.1,11,24.7,26,36.9,30.1,23.9,22.7,22.5,25,28.4,27.2,21.7,31.3,19.7,25.5,23.3,26.3,25.7,27,33,34.4,28.9,27.6,29.1,26.3,35
17.1,27,31.9,37.3,28,29.7,32.4,29.2,33.2,24,31.4,27.5,18.1,31.9,28.7,13.9,25.1,26.1,24.7,30.4,30.1,17,26.2,25.3,27.4,33.7,19.5,34.3,21.7,30.2,23,19.8,27.7,25.9,31.5,30.2,29.5,19.7,25,30.2,35.8
16.9,24.9,29.7,37.7,21,27.4,34.4,22.2,32.1,27.1,33.8,27.6,19.6,31.5,30.9,16.3,28.1,25.1,31.3,24,26.3,13.4,22.5,24.2,33,28.4,20.5,36.7,33,28,25.3,22.4,26.1,29.1,32,29.4,27.2,25.9,27.7,25.3,37.8
20.4,23.4,32.8,37.1,23.6,20.9,25.1,23.2,30.5,23.8,32.3,27.9,21.1,31.7,30.5,20.4,27.1,32.6,36.1,27.8,26.7,13.5,27.6,23.9,34.9,26.9,21,39.2,18,31.1,30.1,23.1,25.3,28.5,29.3,26.1,27.5,28,23.1,27.3,33.6
14.8,22.7,35.8,36.4,24.3,31,29.5,23.9,30.6,26.1,32.5,31.8,12.8,33.6,26,18.1,31,34.1,38,29.4,36,15.9,22.8,24.6,36.9,31.3,19.1,37.5,16.9,29.4,31.5,25.5,25.7,28.9,28.9,19.8,30.4,32.8,24.9,25.4,31
17.5,26.5,33.8,36.6,23.1,35.4,34.4,27.3,31.4,34.7,31.6,29.8,14.9,33.9,28.9,14.7,28.1,28.7,36.7,29.5,22.1,17.9,25.1,24.6,29.3,35.1,21.4,38.7,18.5,20.7,23.2,28.6,26.1,22.4,28.6,30.3,29,32.5,28.9,19.7,28.3
23.1,24.2,33,36.1,28.8,22,35.9,25.2,27.5,36,27.4,30.4,16.7,32.1,27.6,15.8,25.8,22.5,39.2,31.6,25,21.1,20.9,25.9,24.6,36.3,21.3,37.2,23.2,22.8,23.2,31.2,26,24,25.9,37.3,22.6,23.8,28.9,22,31.7
15.1,21.2,36.4,37.2,33.6,25.8,36,25.1,31,26.7,26.8,30,17.5,33,30.6,19.2,24.8,23.5,39.3,29.9,23.9,17.2,23.2,25.2,28.8,31.7,20,39.6,28.4,24.2,24.2,31.5,26.6,27.5,31.7,35.6,30.1,21.3,23.2,23.2,32.7
16.4,24.1,39.8,36.1,35.1,28.3,36.6,27.3,29.4,24.5,30.4,25.8,18.1,31,31.1,14.1,28.7,25.8,31.8,30.3,20.9,17.1,23.8,24.9,36,27.4,18,37.6,19.6,25.5,23.5,40.3,23.5,28.8,31.7,29.3,20.6,23.2,28.4,24.4,31.4
17.9,21.8,42.2,33,30.7,27.3,31.2,25.5,29.6,29.3,22.5,26.7,15.6,31.4,31.8,11,33.3,32.7,33.7,30.4,29.5,19.1,21.3,25.2,29.8,27.3,19,28,21,27,28.1,19.5,24.7,30.5,33.2,34.9,25.6,29.8,26.1,25.4,25.8
18.1,22.6,42.4,34.9,35.1,22.6,26.3,25.3,29.1,33.8,27.9,26.9,17.4,30.9,31.9,13.2,30.9,21.8,36.3,31.9,23.6,21.7,23.7,25,23,30.4,20.3,27.1,21.4,27.8,21.9,26.1,25.1,31.1,33,32.3,20.6,30,28.5,20,23.6
16.9,24.6,28.4,35.1,29.7,32.7,26.8,26.6,30.6,37.6,30.5,25.4,15.3,31.7,28.4,11.6,24.7,20.3,35.1,31.9,29.3,19.9,24.4,24.7,26.8,20,20.1,29.5,22.1,28.6,18.8,33.5,20.8,38.6,32.3,29.6,22.1,21.2,31.2,23.3,24.9
16.4,23.8,31.7,36.4,24.3,34.2,29.4,25.7,30.5,29.4,29.4,28.1,15.3,33.5,29.2,10.8,24.1,27,37.3,34.3,23.3,19,24.8,24.5,30.2,22.8,15,32.4,17.1,31.8,23.2,26.6,22.8,25,32.7,27.2,24.1,23.5,26.4,22.5,25.8
16,24,36.3,35.5,27.1,26.3,28.4,26.1,27.9,25,26.7,31.1,16.5,32.9,30.2,14.5,21.9,21.9,38.3,33.4,20.4,17.7,28.1,24.7,24.3,26.8,17.7,31.9,18,33,26.7,25.6,21.1,28,31.6,26.4,24.4,25.8,25.3,25,24.7
16.1,24.5,36.6,35.6,24.8,33.4,30.2,28.4,29.1,29.2,26.6,24,16.3,32.7,30,16.6,26.8,19.3,25.6,32,22.6,16.7,20,25.5,21.3,24.1,19.6,33.1,21.2,26.8,31.8,36.4,21.3,34.1,32,24.5,24.4,26.9,28.6,25.5,24.4
16.2,25.8,22.6,37.6,24.2,24.2,30.7,27.3,34.4,34.1,23.2,26.3,15,32,31.3,18.6,25.9,18.3,33.7,32.7,30.1,19.1,24.4,24.9,18.4,30.8,19.6,34.4,26.3,27.5,26.8,39.3,23.2,24.1,31.2,31.7,27,25.4,31.1,26.2,30.7
17.4,24.9,25.2,38.3,21.8,27.2,30.5,32.2,33.5,29,27.7,26.8,15.6,32.4,27.7,16.7,27,20.1,29,33.7,24.6,13.3,20.8,24,21.2,27.9,18.3,38.4,29.2,29.2,28.8,24.1,22.7,24,31.2,33.3,28.3,24.8,24.5,27.3,33.6
20.6,28.4,32.9,38.8,23.8,20,33.4,28,34.4,31.3,28,28.2,16.3,33.8,27.9,14.2,26.1,24.8,26.8,32.3,25.7,13.9,24.8,23.5,26.8,31.6,17.4,32.5,31,34,27.5,25.6,26.1,25.6,31.3,29.1,29.4,21.3,22.8,35.5,33.6
27.7,19.7,37.3,33,27.3,24.2,24.3,30,36.9,29.4,28.5,24.5,16.4,32.7,28,15.7,26.5,26.4,32.1,31.1,20.2,12.6,19.6,23.3,29.2,23.4,17.6,27.9,23.1,27.7,21.9,23.6,22.6,34.2,30.5,19,30.6,21.7,24.5,28,33.9
22.7,18.8,41.8,24.4,26.7,25.9,27.9,28.4,36.4,27.7,29.6,27.1,16.3,32.5,27.4,18,28.2,28.8,27.5,27.7,18,14.8,22.4,23.6,27.2,23.7,16.5,26.6,23.3,20.7,18.8,24.8,29.3,37.3,30.4,22.8,31.2,17.4,27.7,24.8,34.3
25.6,21.5,35.4,27.5,27.8,26,30.3,34.2,31.6,34.8,30.9,27.2,15.1,32.4,27.7,15.9,25.8,30.9,20.8,25.7,20.4,20.3,24.3,22.5,32.4,26.8,19.1,29.3,21.8,24.5,21.7,26.1,24.1,24.7,31,24.4,32.4,18,28.5,21.5,35.8
27.3,22,33.7,27,23.6,26.1,31.6,24.7,32.6,37.2,30.9,27.4,15.5,32.3,28,17.3,23.8,32.5,26.1,29,19.5,19.2,26.9,23.2,34.3,27.3,19.3,25.1,20.2,21.7,22.5,24.8,22.8,29.3,31.4,27.8,28,17.6,33.5,20.9,35.2
20.4,21.9,35.8,19.8,23,29.7,22.2,25.6,33.3,38.2,33.2,21.8,16.3,35.2,26.7,19,21.4,29.1,23.4,27.8,30.2,19.6,19.4,23.2,33.9,30.3,16.8,33.3,19.6,22.9,23.2,21.3,22.5,26.1,31.6,29.9,25.3,25.5,33.1,22.5,32.8
26.3,32.5,36.4,20.4,25.1,32.5,23.1,26.1,32.8,31,34.2,25.6,14.2,34.5,32.8,16.6,28,24.8,21.6,28.1,30.9,19.9,19.9,24.5,28.2,33,19.8,32.8,21.2,28.4,26.2,23.6,21.4,22.1,31.7,26.1,27.2,27.6,35.6,21.1,32.4
33.7,21.1,34.4,25.3,23.6,24.7,26,28.3,31.4,33.8,30.3,24.8,14.5,32.1,29.7,16.4,28.5,24,25.3,24.7,31.8,19.3,16.8,24.2,30.1,34.3,18,27.4,29,27.1,33,21.9,22.1,23.9,31.2,25.3,27.4,27.4,35.2,21.4,36.8
33.1,19.2,36.5,27.8,26.4,22,28.4,28.7,31.9,40,32,24.9,12.3,34.7,30.5,20.5,26.7,21,26,28.1,29.5,11.6,19.3,24.5,30.4,27.6,16.3,29.5,16.8,27.7,27,25.1,22.7,26.5,28.8,25.7,29.8,28,26.3,21.6,33.9
32.5,21.4,38.2,28.7,26,24.3,20.9,28.4,30.8,23.8,34.8,25.1,14.1,32.1,25.4,15.9,29.1,21.7,29.6,30.5,27.1,12.9,20.3,22.9,26,28.6,19.5,28.9,19.2,24.1,29.5,28.5,21.6,28,30.1,26.9,24.8,29,24.3,23.1,28.3
37.9,21.8,34.3,28,26.6,31,22.9,28.4,28.5,22.9,33.9,25.5,14.3,33.4,26.9,15.2,24.4,29.9,32.3,31.5,24.2,10.9,17.4,22.8,26.6,35,19.8,25.1,19.4,22.9,24,30.7,18.7,28.1,30.4,29.6,26.9,25.8,22.3,19,30.9
20,23.6,35.6,25.9,27.5,20.7,18.2,26.5,31.4,16.2,32.4,27,11.8,33,27.7,11.5,20.1,21.8,34.9,22.4,21.8,11,17,22.3,33.1,30.8,16.8,29.3,16.8,25,30.6,27.7,21.9,31.7,31.7,27.5,26.1,26.9,21.2,23,32.2
28.2,21.6,26.1,28.7,29.7,18.9,19.1,24.9,32.6,20.5,25.8,26.9,13.4,33.2,27.3,14.2,21.7,22.4,34.2,26.2,21.1,11.3,19.8,22.6,24.5,26.4,19.5,32.5,25.2,21.8,30,26.1,17.6,31,32.3,21.4,26.6,17.9,27.9,22.1,32
37,20.9,34,31.5,27.7,18.8,22.7,22.4,30.8,20.9,27.7,29.4,11.8,32.7,28.3,16.9,22.4,20.5,33.6,28.1,22.1,13.7,20.5,22.1,23.2,23.3,18.9,29.9,17.4,26.1,20.7,26.5,17.4,24,34.5,26,26,18.7,26.5,21.8,31.5
39.2,21,29.1,31.6,23,22,24.3,26.8,31.8,24.8,29,27.8,14.8,33.2,29.2,15.7,23.3,25.6,33.3,28.7,25.8,16.5,20,22.2,22,27.1,19.5,29.8,19.4,26,19.6,33.4,20.5,24,33.8,20.1,23.5,17,31.9,23,30.9
38.7,18.4,27.1,32.2,18.4,22.8,28.4,31.4,31.3,31.2,29.6,26.7,13.3,35.2,29.1,12.1,22.8,24.9,26.5,28.9,32,4.6,17.1,22.2,25.5,25.4,18.6,29.5,15.8,26.5,20.4,25.1,21,26.8,33.4,24.9,25.2,19.8,34.6,24,26.4
39.5,19.6,30.3,31.9,24.8,19.5,23.8,31,31.3,30.3,28.6,27.3,14.1,34.2,29.1,13.3,24.2,24.1,27.9,29,20.5,8.1,19.9,23.2,26.7,25.5,17.8,22.9,16,28,23.1,20.6,22.9,27.4,31.8,23,23.6,17.5,36.1,25.2,28.4
39.4,20,26.8,31.2,24.7,23.1,26,29.6,32.1,27.3,28.5,28.7,15,33.9,28.3,16.6,25,21.9,29.5,29.1,19,11.7,18.2,22.1,23.9,22.3,17.9,23.5,16.6,29.6,23.6,22,22.7,28.6,29.8,21.9,23.4,22.8,29.7,24,24.6
31.9,21.5,30.3,31.5,24,19,31.4,26.2,34.4,27.9,20.9,28.2,13.3,34.5,28,15,24.8,22.3,31.9,27.8,21.1,10.9,18.6,23.3,27.1,23.1,20.4,23.8,21.7,28.6,25,20.9,20.9,24.8,31.7,20.2,21.8,23.9,25,27,24.2
29,21.2,31.8,32.4,25.5,15,27.6,25.2,34.7,30.6,28.1,28,14.8,33.5,28.6,11.8,24.4,22,35.2,29.9,21.6,13.5,19.5,22.8,29.7,25.6,18.5,26.3,21.3,22.1,20.9,24.8,20.1,27.9,31.1,20.9,19.5,16.1,24.1,22.3,22.4
38.9,19.3,34.7,31.5,22.9,16.4,25.8,28.1,33.8,31.8,25.5,28.3,14.3,33.2,29.6,18.3,21.8,18.3,35.2,31.1,22.5,9.7,19.3,23.4,23,27.1,20.7,29.9,19,24.8,22.7,21.8,18.9,25,30.6,21.7,18.5,16.7,21.6,19.3,22.3
43,24.2,26.1,31.6,24.6,19.1,24.6,28,32.9,32.3,23.5,23.5,14.9,34.1,28,15.9,24.6,16.6,33.4,26.1,21.5,4.7,18.9,23.5,20.3,27.6,26,25.6,19.7,22,18.4,21.5,20.1,28.6,30.6,23.1,20.9,19.7,23.9,24.3,23.6
23.2,22.6,28.5,30.5,24.6,23.4,24.4,28.3,30.7,26.2,26.2,25.1,12.8,36.3,26.2,12.2,24.1,17.9,27.2,24.8,20.1,9.1,17.6,22.9,20.7,28.2,16.9,24.8,17.5,25.2,18.4,26.7,21.3,21.2,30.5,25.1,22.6,21.5,23.7,24.1,24.1
26.8,22.8,31,30,25.5,26.2,23.9,28.8,31.7,29.5,24.1,25.5,12.1,33.9,27.4,12.4,25.2,25.1,27.4,25.5,25.3,10.8,16.2,22.2,21.6,27.3,13.9,18.5,17,22.8,19.7,29.3,21.5,21.7,30.6,26.7,24,20.5,26.3,19.6,25.1
32,20.5,26.3,30,19.2,27.8,22.9,28.9,31.6,29,19.4,23.7,10.9,35.4,26.9,16.1,25.8,27.2,26.3,28.4,17.6,12.3,15.2,21.6,18,29.2,16.6,24.2,18.6,26.6,22.1,27.2,21.7,22.8,29.9,27.6,25,14.3,28.5,21.6,30.5
27.9,20.6,26.3,31.9,21.6,28.5,24.3,28.5,31.2,26.4,21.1,24.5,10.6,36.1,26.4,17.4,22.8,26.6,23.4,28.3,20.8,11,15.2,22,21,23,19.6,23.6,16.4,22.2,25.9,19.9,20.7,22.2,30.1,29,26.4,14.5,25.9,25.1,31.4
20.8,22.6,22.3,33.7,20.3,28.7,23.4,26.9,29.9,26.2,22.9,25,12.9,33.5,26.6,15.4,21.5,27.4,23.7,25.6,21.1,7.6,15.3,21.4,19.8,22.7,20.7,22.4,21.4,21.9,23.5,21.7,20.9,20.9,29.8,28.9,28.3,13.7,23.7,21.4,27.3
26.1,22.2,22.9,36,22.4,24.4,21.8,26.9,30.2,22.8,24.6,26.1,10.7,34.9,27.8,13.5,17.7,28.9,24,27.8,16.6,5.5,16.2,21.4,26.5,25.3,19.6,24.4,19.9,24.3,27.5,17.6,21.2,24.1,30.1,27.9,27.8,16.5,20.1,24.1,30.9
32.9,19.4,25.5,31.4,17.3,20.7,19.5,26.3,30.3,22.2,27.6,27.2,13.5,35,29.8,15.4,19.4,23.7,20.9,21.2,20,8.6,19.3,21.9,28.2,20.8,19.4,26.9,14.7,26.6,28.6,19.8,19.7,22.1,29.9,23.7,28.5,17.4,22.7,21.3,21.8
21.8,18,24.4,30.8,20.8,20,20.7,26,29.8,23.6,27.4,29.2,13.6,37.8,28.1,18,22.2,29.4,20.2,23.2,16.1,9.6,15.6,21.8,26.8,22.8,23.2,32.5,15.9,18.5,29,28.8,19.6,28.3,29.6,26.4,29.5,17.7,29.1,23,20.9
28.1,17,25,23.8,20.9,21.3,16.5,24.8,30.4,24.1,28.7,24.3,14.4,38,29.9,17.2,20.7,27.2,19.8,25.3,16.7,10,17.3,21.7,27.3,24.9,22.2,28.1,16.4,20,18.2,25.6,20.8,29.2,29.1,28,18.8,17.9,19.8,25.9,22.9
20.7,23,25.7,22.5,19.9,27.2,15.6,32,29.3,27.6,27.9,24.4,14.7,35.1,30.6,17.6,21.1,18.8,19.8,26.5,16.9,8.4,17.4,21.2,26.7,24.4,22.4,25,17.2,21.1,19.4,16.5,20.3,25.9,30,28.5,19.4,15.2,26.4,17.7,20.8
23,18.9,26.3,24.8,19.7,27.9,18.6,29.7,29.5,25.5,20.1,24.5,14.8,34.9,28.4,15.1,23.3,18.7,21.3,27.2,18.5,8.8,17.9,21.6,25.2,22.6,20.8,22.8,18.4,20.1,18.8,18.4,16.9,22,30,20.8,20.3,15.3,21.3,20.5,20.2
21.2,18.7,26.6,28.1,17.8,21.7,19.2,26.6,28.3,28.6,20.8,25.1,13.2,34.8,27.4,12.3,20,17.9,29.8,19.5,17.5,8.7,17.8,21,18.6,24.6,17.5,24.8,20.7,19.1,18.9,22.4,19.2,23.6,27.7,21.6,19.8,17.4,22.8,19.5,21.3
22.7,23,29.6,28.8,18.8,21.3,23.9,27.4,28.8,25.4,20.5,24.3,14.2,35,26.2,19,18.2,16.8,29.5,19.9,22.5,7.1,15,21.3,20.2,19,18.5,26.6,13.4,17.4,22.3,14.9,18.8,25.4,29.1,23.8,21.6,14.1,22,20.1,24.4
26.2,24,31.4,29.1,19.9,19,26.1,25.6,28.4,27.6,23.2,23.8,15.5,35.5,26.6,19,15.2,16,29.8,22.1,26.3,8.3,14.7,21.3,17.9,21.7,19.2,24.7,15.7,17.8,19.1,20.1,16.8,25.5,29.6,20.9,23.2,18.9,23,19.5,26.1
38.2,17.5,31.9,29.8,19.1,19.9,25.2,25.6,30.5,21.2,24.5,25.3,15,35.5,26.6,13,20.7,20.1,29.7,23.4,24.5,5.3,14.1,21,18.5,21.9,23,29.6,16.5,15.6,27.1,23.1,19.1,26.4,26.9,21.7,26.2,16.2,21.5,17.8,22.4
40.8,19.9,25.3,28.5,16.9,19.5,27.4,28.1,26.8,22.1,27.9,27.5,13.4,36.4,24.7,20.2,21.3,23.8,30.7,22.8,22,6.5,14.6,20.4,25,21.5,27.4,29.5,18.2,19.9,15.2,24.8,18.5,28.4,29.7,22.3,14.6,16.5,21.1,19.2,20.4
21.5,16.8,27,29.1,20.4,23.5,26.2,34.4,25.3,24.3,28.7,29.4,15.1,33.5,26.1,19.9,21.3,16.1,30.4,16.1,19.7,5.6,16.1,19.4,17,15.9,31.7,23.3,16.4,17.1,17.4,24.4,17,30,29.8,19.5,14.6,16.9,21.2,18.5,22
29.8,17.2,28.8,30.9,18.1,19.7,27.2,31.9,26.6,27.2,18.9,27,11.7,34.3,27.2,17.4,25.4,16.8,20,21.5,22.9,3.6,13.2,20.4,16.9,22.3,36.9,22,16.3,20,22,22.7,19,22.6,30.3,21.2,20.2,17.3,22.3,17.3,23.2
37.2,18.5,29.6,27.3,17.3,18.4,26.9,30.7,26.8,28.3,20.1,22.8,13.2,35.4,30,18.2,22.8,19.7,21.3,22.8,27.3,5.3,14.4,22.5,18.4,20.2,24.9,24.2,14.9,19.1,23.4,21.7,19.8,19.8,29.1,19.2,21.6,13.2,22.3,17.7,23.5
38.3,20.4,30.2,26.3,17.6,18.9,20.5,31.7,29.9,30.3,22.4,24.4,13.4,33.1,25.7,19.2,20.2,19.2,22.1,23.4,17.5,5.2,15.5,20.7,21.3,21.8,21.2,22.9,14.1,19.7,12.4,21,19.2,21.1,29.9,22,15.9,11.6,21.9,20.5,24.5
23.8,21.6,28.7,23.5,16.2,13.1,17.9,29.8,29.6,31.9,23.9,25.4,14.9,34.7,25.4,16.3,17.8,20.1,20.5,20.9,17.3,4.7,18.2,18.8,23,19.1,21.3,21.9,12.5,16,14.5,18.9,16.2,25.6,29.2,22.5,14.3,12.6,25.7,17.3,18
27.9,20.5,26.3,24.4,15.5,13.5,17.7,31.2,30.6,28.7,20.9,23.3,13.3,34.9,27.8,18.2,15.7,13.8,20.5,23.6,17.3,5.3,16.4,20.3,21.9,18.9,24.3,25.8,14.8,20.1,17,13,14.2,22.4,30.6,24.1,16.4,13.7,24.8,17.4,19.3
29.8,15.4,26.9,29.3,17,16.2,18.4,34.2,29.9,25,17.7,26.5,15.1,33,29.8,20.7,16.2,14.1,20,18.8,19.2,7.2,15.3,21.4,15.1,20.4,21.3,25.9,16.3,18.2,16,17.7,17.1,26,28.6,24,18.4,12.7,19.9,19.2,17.5
33.9,18.1,26.1,22.4,17.5,21,17.3,34.8,31.2,26.8,19.8,20.6,14.7,31.6,27.2,28.3,18.8,14.2,23.7,21.3,15.3,6.9,18.3,21.8,18.4,19.6,23.8,29.5,15.2,17.8,16.9,14.6,18.5,22.9,26.7,24.7,18.4,14,19.5,18.1,19.5
35.6,17.3,25.8,21.5,18.3,23.2,17.4,29.2,27,29.7,20.9,24.3,14.4,34.1,26.7,31.6,20,16.4,26.3,22.3,22.5,4.4,17.9,20.7,17.6,20,21.1,26.9,14.7,17.4,16.9,15.7,15.6,25.6,29.9,25.5,16.9,13.2,18.9,18.9,20.8
39.5,20.5,25.1,22.9,18.8,23.3,18.6,30.5,30.4,24.4,21,20.2,13.4,36.2,26.9,17.2,17.8,17.5,25.1,18.9,15.4,7.2,17.2,20.3,19.3,19.7,20.1,22.9,15.6,16.6,17.3,15,16.3,22.5,30.6,25.5,19.3,12.5,20.8,18.9,19.8
28.1,19,24.8,24.9,18.2,23.6,19.9,29.8,30.3,22.8,21,22.1,14.4,34.3,21.9,22.9,17,17.4,22,14,14.6,-2.7,17.8,21.3,19.2,17.2,25.7,20.2,15.7,17,16.6,16.4,15.6,22.7,29.7,25.1,17,14.5,21,19.1,21.1
23.4,20.8,24.8,22,18.9,24.3,22.1,30.6,29.7,21.2,18.9,23.2,14.4,33.5,24.8,16.4,19.1,17.9,17.5,16.6,17.7,-1,16.4,20.2,19.2,20.3,21.7,23,15.8,17.6,14.5,16.5,15.4,24.8,29.9,18.9,17,13.9,21.6,15.4,22.4
25.2,19,25.3,26.9,16.5,22.4,23.6,30.5,26.6,22.9,16.7,23.6,13,34.9,25.7,15.7,15.7,14.5,16.1,17.5,17.5,2.1,16.3,18.8,19.9,18.5,24.6,23.1,14.9,19.3,15.9,18.2,18,24.1,29.9,19.4,17.8,16.3,21.7,15.8,14.1
32,19.1,24.7,23.4,15.2,18.6,14.7,32.7,29.7,21.5,20.4,23,11.4,33.2,24.2,17.2,15.1,14.4,17.3,18.3,20,7,18.8,18.8,17.5,17.9,26.4,18.4,13.3,18,15.7,21.9,16,27.2,29.7,13.9,18.4,13.7,24.1,15.6,19.4
33.6,25.8,23.4,22.3,18.1,15.2,16.9,33,29.9,22.1,18.6,20.3,12.4,33.3,27.9,16.9,19.4,17.8,19.1,20.2,21.1,4.7,14.8,18.4,17.8,18.3,31.1,20.7,11.7,19.7,16.2,19.8,21,17.1,29.3,18.8,14.5,12.6,19.1,16.9,16.5
35.1,18.6,21.9,21.3,19.2,12.3,17.2,33.2,29,20.8,15.3,22.3,13.5,33.4,25.1,21.6,15.2,14.6,19.6,20.8,12.4,4.3,16.1,17.9,13.3,16.8,30.6,24.6,13.1,17.8,16.7,18.9,19.6,19.4,27.3,19.5,20.7,11.9,19.1,19.6,16.6
41,15.5,18.6,21.4,15.9,14.7,20.9,30.8,28.3,21,15.1,21.7,15,34,23.6,31.3,13.4,13.3,17.7,16.1,14.6,2.9,17,19.6,16.8,17.2,27.2,22.7,12,16.2,16.4,17.2,18.9,18.8,29.4,20.3,14.5,16.5,19.1,17.7,16.2
31.8,16.1,19.9,14.9,15.5,13.4,13.6,33.1,28.4,22.2,16.1,21.2,14.6,34.4,23.3,32.6,13.8,18.2,17.6,19.4,16.2,4.7,16.4,18.6,16,16.6,23.4,27.8,13.8,18.3,15.4,16.7,16.9,19.1,29.3,21.7,17.1,17.2,20.7,16.2,17.6
25,20.5,21.9,20.2,16.1,12.7,15.5,31.8,28.3,21.4,19.1,21,13.5,33.8,21.8,14.7,16.9,18.4,20.1,20.5,17.4,3.5,18.3,17.8,16.1,17.9,23.1,19.6,13.1,15.9,15,17.3,18.6,20.3,28.3,16.5,17.3,14.3,18.2,15.9,19
22.3,17.9,24.7,22.9,12.1,16.3,14.6,29.3,30.6,23.5,19.2,20.7,12.1,33.4,23.3,17.2,16.7,16.3,20.7,14.2,17.5,2.1,15,19.7,18,18.4,29.6,18.1,12.3,13.6,13.4,19.8,20.7,18.1,29.1,19.2,17.6,11.8,15.7,20.7,18
22.4,20.4,25.4,22,15.6,15.3,17.2,30,30.3,20.2,16.5,19.9,12.6,32.7,23.6,19.1,15.5,16.9,19.8,14,17.8,0.5,15,19,16.2,17.9,29.9,19.4,13.7,10.8,11.9,20,19.9,15.6,28,18.4,14.5,12.4,16.1,16.4,16.4
26.8,20.6,25.1,21.7,18,18.3,16.1,30.5,28.1,19,13.6,19.7,11.4,32.8,21.6,24.9,14.8,16.6,18.4,16.6,15.5,1.6,15,19.8,12.9,19.9,31.8,22.8,14.8,16.1,13.5,15.5,18.9,19.3,27.9,14,14.7,10.5,18.2,14.5,14.2
32.1,18.4,25.9,17.2,16.7,18.3,18,31.6,28.5,20.7,15.8,20.1,12.4,34.4,23.3,27.6,14.5,16.4,18.6,18.5,17,3.8,15,19,14.5,19.8,30.1,20.4,14.6,17.6,13.6,13.7,16.2,19.6,27.8,17.2,9.2,10,20.1,16.2,17.3
40.2,17.2,25.2,18.2,16.4,11.3,18.2,30.8,28.3,19.3,13.7,22,11.9,35.4,22.7,13.3,12.8,14.7,14.1,20.9,15.2,3.8,15,17.8,15.1,18.3,24.9,21.1,14.1,14.3,12.3,13.6,17.1,15.8,24,16.4,12.1,11.3,20.5,16.3,16.4
33.6,16.5,27.5,20.9,17.5,13.9,17.9,28.1,28.8,17.3,13,21.7,12.1,32.8,20.4,12.1,12.7,11,18.9,21.5,13,5.1,17.7,16.2,15,16,23.7,19.2,13.1,18.4,13.2,19.8,17.6,17.5,27.3,17.3,12.1,12.4,23,15.3,14.8
30.2,16.5,27.3,19.9,15.2,15.2,17.5,29,29.1,17.9,14.4,20.7,12.8,34,22,15.1,15.6,13.3,16.7,21.3,15.7,-1.4,16.2,17.9,13.2,15.1,26.6,21.4,13.6,17.5,14.8,19.6,18.6,19.4,26.9,15.9,13.2,12.2,23.9,15.3,16
33.3,18.8,29,18.7,18.2,16.2,16.6,30.2,29.2,17.8,14.7,21.7,15.9,34.8,22,20,14.3,12.9,17.2,19.8,15.1,2.4,16.1,17,12.6,20.2,23.5,20.6,16.3,19.2,16.8,14.8,16.4,19.6,28.2,15.5,16.1,12.4,18.7,16.1,16.7
33.5,15.5,16.1,17.7,17.3,18.5,12,30,29,19.4,19.1,19.7,14.1,35.7,21,22.9,17.8,14.4,17.8,19,16.3,2.9,19.3,17.6,13.4,16,21.7,21.2,12.3,16.2,14.9,13.1,17.4,18,28.5,13.4,16.9,13.1,15.6,17.1,15.4
32.5,14.6,17.3,18.5,16.6,10.3,19.7,29.3,27.8,10.8,20.4,18.9,11.8,34.7,22.9,17.8,16.8,12.2,16.1,16.4,16,6,17.2,17,14.6,15.8,20.2,22.3,12.2,18.1,15.3,17.8,17.2,19.5,28.3,16,12.7,12.8,17,18.2,13.8
28.3,16.6,17.7,16.2,16.7,11.4,13.1,28.6,28.5,14.1,19.3,22.3,10.4,34.8,22.3,21.2,14.7,14,16.8,18.7,15.9,5.2,14.6,18.6,11.8,11.3,21.6,20.4,12,17.6,14.6,16.6,17.3,18.9,28.8,16.4,13.8,13,16.4,17.3,15.4
31.9,20.8,19.1,14.9,15.7,11.2,14.3,29.6,28.5,13,15.4,17.9,13.2,32.3,24.9,18.9,16.8,13.2,14.6,20,14.8,3,19.8,18.6,10.8,16,26.9,17.7,11.9,16.4,12.9,15.6,16.5,18,28,14.8,13.9,13.1,19.3,16.9,19.3
33.9,17.4,20.7,16.2,16.5,15.6,17.8,30.8,29.4,18.5,18,18,14.4,32.3,22.3,22.3,13.9,12,12.9,20.9,15.7,3.1,17.3,18.2,12.4,18.1,35.8,19.2,11.8,17.1,16.1,14.7,18.6,18.7,25.1,15,16.6,15.6,17.6,16.9,19.3
34.3,14.2,23,17.5,17.1,14.4,17,27.7,28,18.1,18.3,17.7,15.6,27.9,22.3,18,14.8,11.6,15.2,21.7,16.5,0.1,18.7,18.6,12.4,17.7,23,20.6,10.8,19.7,12.1,17.5,21.3,18.4,26.9,7.9,17.7,15,19.2,18.9,18.3
24.4,18.6,25.3,23.2,18.7,16.4,17.1,27.8,28.2,17.2,20.6,17.4,17.2,28.2,21.8,23.4,14.9,14.1,14.3,16.9,13.7,3.2,15.5,18.9,15.5,17,20.3,23.1,12.6,17.6,12.6,18.8,23.4,18.3,26,12.8,11.9,14.9,20.2,14.5,19.5
28.4,19.5,15.3,18.2,17.1,15.5,16,29.3,28.8,19.8,22,19,14.7,32.7,23.6,34,13.1,13.1,18.9,13.2,13.3,-2,18,17.8,15.5,17.5,31.5,16.4,13.1,16.6,11.7,14.9,24.7,15,26.4,13.5,9.8,11.7,18.5,16.1,21.4
35,13.2,17.5,20.5,17,15.5,14.3,28.6,28.4,16.8,13.6,20.7,17.7,31.5,21.8,12.4,11.8,15.9,17.2,13.4,13.4,4.3,18.7,18.1,12,16.3,28.7,18.5,12.7,13.4,12.3,13.8,18.3,17.9,26.5,11.5,11.9,12.6,18,15,15.5
38.1,17.2,19.3,21.7,16.8,15.6,14,30.2,28.1,15.7,12.1,19,14.2,32.4,20.4,20.7,13.4,13.7,17.8,10.2,14.5,-1.3,20.1,17.6,10.5,16.9,24,18.9,13.7,16.5,13.5,14.5,17.5,15.5,25.3,14.7,12.8,14.1,17,16.8,14.6
39,15.3,19.5,21.1,12.6,12.2,12.9,30.6,25.9,13.9,11.6,17.8,12.7,32.9,21,18.7,11.9,14.3,17.1,11.6,14.3,6.6,19.6,18.1,11.4,17.3,22.6,20.1,13.1,18.4,12.2,13,18.6,18,24.8,14.3,8.1,13.3,16.3,16.3,14.6
29,14.5,19.8,18.2,13.4,12,12.4,30.5,27.5,14.4,12.7,18.1,15.1,33.5,21.4,18.8,12.3,17.3,15.8,17.1,12.4,2.7,17.7,18.4,13.9,17.9,27.9,20.7,13.5,17.4,13.6,16,15.3,14.9,26.8,15.6,10.5,12.9,19,15.9,15.6
28.8,14.4,14.9,16.4,20.1,13,12.6,31,28.6,16.3,16.2,21.6,17.3,33.4,22.2,21.6,13.3,13.9,18.5,19.9,12.7,1.7,20.4,21.1,13.1,16.8,34.5,20.8,13.1,17.8,13.4,22.3,18.9,15.7,27.6,14.9,7.6,12.3,19.9,16.9,13.8
29.4,16,17.1,16.8,19.9,11.7,13.3,30.1,29.7,16.6,16.9,17.4,16,32.9,21.9,23.8,13.9,11.5,14.2,11.6,11.9,-0.9,21.6,21.8,12,17.6,29.5,19.6,13.2,12.4,13.5,25.8,18.9,18.2,25.9,13.8,14.1,13.1,19.2,16.6,14
26.1,13.5,18.4,20.4,17.5,11.6,12.4,30.7,29.1,16.1,9.4,16.4,17.2,32.7,22.9,23.8,14.4,9.3,13.2,17.5,13.3,3.8,19.7,18.6,13.1,18.7,28.9,15.5,15,15.3,12.4,22,19.7,18.6,26.4,13,11.5,11.8,20,20.7,14.8
32.4,14.2,17.5,11.6,18,15.5,11.2,29.9,28.8,16.3,11.9,12.9,14,34.6,21.7,25.2,9.8,11.9,13.3,21.2,14.5,3.5,16.4,18.5,13,18.1,29.4,15.9,15,20.9,13.8,15.1,19.2,19.9,24.2,14.6,14,14.7,17.4,15.7,15.7
31.8,17.2,17,9.3,16.3,15.1,11.6,35.1,28.2,15.6,15.3,18.8,13.6,32.8,22.4,19.6,12.7,12.2,14,22.2,14.5,-2.1,24.6,18.2,14.4,16.8,26.5,17,13,21,12.4,16.7,19.8,18.7,26,15,14.9,13.8,14,15.1,14.4
32.8,18.1,19.7,15.5,18,13.3,13,33,28.5,17.6,11.3,15.9,14.1,33.3,22.4,24.8,14.8,13,14,21,14.1,-1.5,18.3,17.8,14.4,17.2,31.8,18.2,12.7,16,13.7,16.8,19.3,15.9,27.7,14,16.4,14.6,17.6,17.5,14.8
36.6,17,17.9,9.6,16,14,12.4,32.6,28.8,14.7,17,17.9,12.3,33,21.6,25.5,13.8,12.7,12.9,24,14.9,3.6,19.5,18.5,17,18.1,39.2,17.2,14.8,19,16,17.5,19.5,18.7,26.9,9.2,16.2,16.2,18,16.4,14.9
27.2,13.9,17.1,7,17.6,13.3,12.5,30.9,27.1,12.9,20,18.9,13.4,32.6,20.4,38.3,14.9,11.8,12.9,17.2,14.2,-3.1,23.8,20.2,12.6,17,28.5,17.2,13.3,17.8,12.4,14.9,23.5,19.7,27.1,9.6,15,17,19.1,15.3,15.3
32.3,16.5,18.1,8.8,18,13.4,15.4,31.7,27.2,13.6,18.4,19,14.6,31.3,20,24.8,14,12.5,12.9,15.9,14.5,5.2,20.7,20.3,11.9,17.1,25.7,16.8,11.7,16.1,13.5,18,16.8,14.6,26.4,10.7,15.8,13.4,18.9,16.4,17.4
36.2,19.2,16.3,22,16.5,9.6,15.4,32.5,27.6,13.8,14.9,22.3,14.1,30.9,17.9,19.4,12.5,14,12.4,14.6,13.1,6,20.4,18.5,12.7,12.4,24.1,17.4,12.8,17.3,14.8,23.1,16.3,14.6,26.5,12.8,11.4,12.2,20.1,20.3,19.6
29.4,14.2,19,16,18.2,11.8,12.9,32.8,29.1,13.2,16.4,22.4,14.1,28.1,20.1,25.2,11,14.8,17.5,18.3,12.8,7.8,20.9,20.2,13.8,20.7,28.9,18,13.3,12.6,13.6,15.2,16.8,13.8,26.8,10.6,13.1,12.9,19.5,17.6,17.7
22.7,15.4,17,16.9,18.7,8.5,14.1,33.6,28.1,16.2,17.5,21.7,16.8,31,19.4,21.5,12,12,15.4,15.9,12.3,3.2,19.3,19.4,10.2,20.6,34.1,20.8,12.8,17.3,13.3,17,19.8,15.3,26,12.5,12.9,12.2,14.9,15.8,16.3
30.3,19,20.2,18.6,16.6,9.7,12.6,32.6,27.3,14.5,15.7,19.8,13.6,32.4,20.9,21,12.2,14.2,16.2,17.8,10.2,5.3,18.8,19,12.6,18.8,37.1,12.3,13,19,14.6,20.8,21,19.8,26.6,13.1,11,13,14.7,18.2,16.8
34,16.6,19.1,15.9,18.6,11.2,11.3,31.2,28.4,13.2,12.8,18.8,12.5,31.5,21.5,30.6,13.8,12.8,15.8,18.2,12.1,8.2,22,18.2,12.4,17.6,35.5,19,14.2,20.9,14.2,22.5,21,17.7,27.6,12.6,10.8,14.4,16.1,23.5,16
26,15.1,16.6,18.1,18.1,11.3,9.5,28.1,28.8,12.6,13.2,18.2,17.1,31.9,23,20.9,10.1,12.6,15.5,19.5,12.9,3.9,27.8,20.3,13.4,17.1,32.3,15.8,13.5,18.1,15.5,25.2,22.1,18.7,27.7,15.2,12.4,13.7,16.9,17.2,16.1
23.9,15.3,17.7,18.9,19,9.6,9,28.2,28.2,12.2,14.5,21.7,23.6,32.4,24,22,12.3,13,15.9,19.9,14.3,8.8,21.9,18.5,13.7,16.3,31.3,17.3,11.4,17.5,17.6,23.3,25.7,18.8,26.5,13.1,14.1,16.4,15.4,16.4,15
21.1,15,17.7,25,19.8,8.8,8.5,29.3,27.6,9.1,15.9,18.3,20.8,33.5,23.5,36.5,12.9,13,15,21,13.6,10,17.1,18.8,10.8,18.7,23.9,18.8,12.5,20.6,15.5,18.7,22.9,17.1,24,10.1,16,10.5,15.9,17.3,15.6
22,18.6,15.8,28.2,21.8,10.8,11.7,30.2,27.8,9.3,16.4,18.6,18.4,32.2,20.5,33.7,13.9,11.1,12.8,18.1,11.9,11.3,20.4,17.4,13.3,12.3,29.1,20.5,11.2,24.8,12.7,24.8,18.9,19.9,26.9,11.7,11.7,11.2,16.1,16.4,15.8
19.8,17.4,14,29.6,25,9.6,12.7,30.9,27.2,9,17.2,19,21.1,32.3,21.4,21.2,13.2,11.2,15.5,23.4,15.6,13.6,20.6,18.9,13.2,21.1,35.1,18.4,11.8,18.2,12.7,17,21.1,15.7,27.1,13,15.8,13.2,16.1,16.6,16.6
23,17.5,12.2,17,19.9,12.7,10.2,31.6,27.7,11.5,16.6,17.5,14.4,32.7,22.2,20.1,14.7,14.8,13.5,17.3,14.4,17.4,19.3,19.6,16.2,21.2,34.1,20.4,13,16.7,12.7,27.1,20.8,14.9,26,10.5,15.1,15.2,14.7,17.3,16.3
32.1,20.8,8.4,15.4,20.3,12.3,14.4,26.7,28.4,13.8,14.8,17.9,16.2,31.8,20.1,23.1,13,11.7,14.5,17.8,12.5,12.1,20.4,21.9,16.1,18.7,31.9,20.4,12.8,14.4,14.4,22.9,25.1,14.6,23.9,11.9,14.8,14.7,14.5,18.5,17.1
35.6,17.6,12.9,14.9,20.4,12.2,12.7,30.3,26.3,12.6,16.7,22.4,15.2,31.1,19.8,28,14.5,15.5,14.9,19,16,12.5,21.8,19.8,13.1,18.2,39.6,20,14.1,17.1,13,28.3,20.2,14.2,26.5,11.4,10.2,11.7,15.5,14.8,20.5
29.5,17.4,13.2,15.4,16.3,12.4,11.2,29.9,26.6,13.1,17,24.4,25.1,31.9,20,19.7,13,13.6,14.4,14.9,14.9,15.7,22,20.5,12.1,20.8,39.4,23.1,12.5,17.1,14.9,20,21.6,16.2,27.4,12.6,16.2,13.5,15.6,16.4,19.4
23.9,16.6,13.3,21,23.6,11.8,12.6,29.5,27.6,13,14.1,17.2,14.8,33.1,21,21.7,12.9,11.5,16.1,16,14.8,10.4,23.8,18.4,10.3,24.7,24,19.8,13,18.5,14.3,23.8,25.7,16.3,25.8,14.8,12.1,12.8,16.7,16.9,17.5
29.2,21,13.2,22.5,21.7,11.1,14.2,31.1,26.4,14.3,13.9,20.1,11.8,29.3,21.7,23.2,12.5,13.3,17.5,18,12.8,12.8,20.2,20.4,9,18.7,26.6,17.3,12,20.9,10.5,27.4,21.5,15.9,27.6,14.1,13.9,15.6,12.1,16,15.6
33.7,20.2,16.2,18.3,23.1,8.9,13,31.4,27.2,13.7,13.1,19,13.3,31.9,21.8,29.7,10.6,12.9,17.9,21.6,13.5,10,19.1,20.5,11,17.2,28.1,17,12.6,20.9,14.1,26.7,22,16.9,26.9,13.8,14.9,11.9,16.5,16.9,15.2
29.1,18.6,15.2,16.3,16.6,8.1,10.9,33.1,29.1,12.9,15.6,20.3,14.8,32,22.1,20.4,10.9,10.1,19.8,15.9,14.4,8.8,21.1,20.9,10.6,15.7,39.9,19.5,12.9,20.6,15,29.2,25.3,17.5,25.7,13.7,10.7,15.3,18.7,19.7,14.7
22.6,14.1,13.1,17,20.1,5.5,11.5,32,27.8,10.6,19.8,17.5,16.6,33,21.3,21.1,13.8,13.3,12.7,12.1,14,8,22.2,19.8,12.9,19.9,37.3,24.1,12,18.5,17,15.5,18.2,21.5,25.3,14.7,13.9,13.6,13,21.3,15
24.2,16.5,12.5,23.9,18.7,8.2,11.7,28.3,28.6,13.1,16.8,17.2,17.1,32.5,23.1,21.7,14,13.3,14.1,15.6,12.5,9.8,21.4,20.4,9.9,17.5,33,21,11.6,18.5,15.2,19.7,19.9,21.5,26.9,13.2,13.2,13.4,16.7,20.6,16
24.2,14.8,14.8,23.9,20.6,11.2,12,30,28.4,12.5,10.7,20.8,20.9,33.2,25.9,24.7,16.8,14.3,14.1,20.2,13.8,13.8,22,20.3,13.4,19.1,27.4,18.8,15.3,21.4,13.2,21.7,21.1,19.1,26.7,15.5,12.1,11.8,17.2,20.6,20.4
27,13.8,17,19.4,21.9,9.3,15.1,29.1,28.8,12.5,14.8,21.7,25.2,32.9,22.2,20.3,14.2,15.3,13.3,17.7,13.8,16,27.6,19.1,13,18.5,31.4,19.1,11.5,21.1,14.2,26.2,20.8,17.3,25.7,12.2,12.5,14.7,19,22.6,13.5
29,18,16.1,26,20.2,8,14.3,29.9,28.5,15.2,19.2,19.5,27.4,32.7,22.6,27.4,15.7,13.4,13.4,24.4,14.8,12.3,20.2,18.2,11.9,19.6,31.4,17.8,15.4,23.2,17.1,29.5,22.2,15.2,26.9,10.9,12.1,13.6,16.8,17.8,17
25,20.4,11.9,19.3,25.2,9.6,14.1,31,26.4,12.8,15.2,21.7,16.3,33.9,21.3,23.5,14.1,12.8,13.7,17.5,13,12.4,20.4,18.2,12.7,20.3,25.5,21.1,12.9,20.5,13,33.1,32.2,14.2,25.9,13.6,15.3,12.1,15.3,20,24.2
28.4,16.8,9.4,24.7,25.9,11,13.2,33.5,25.6,16.8,19.6,23.8,20,33.4,22.2,35.3,15.1,15.1,14,15.9,12.9,9.4,22.5,19.2,12.4,23.5,23.9,20.3,12.2,19.8,13.7,36.6,19.7,18.2,25.6,9.7,12.2,13.2,16.1,23.2,17
22.2,14.2,9.8,26.8,26.3,11.3,10.5,30.4,28.4,12.9,14.6,17.3,18,33.2,21.7,19.1,12.9,13,16.6,16.8,15.4,8.5,18.5,19.6,11.1,26.7,28.7,17.2,13,18.2,12.9,20.9,20.4,17.2,26.7,12.4,14.5,16.9,16.2,16,16.3
24.5,16.7,11.9,20.2,19,11.5,14.4,26.4,28.3,10.8,13.5,21.7,23.9,33.2,21.6,25.7,13.2,14.7,18.7,15.8,14.9,12,20.9,23.8,16,15,33.8,18.4,12.3,25,14.5,24.3,23.5,17.2,27.6,11.9,12.4,13.8,17.9,19.4,17.7
22.9,17.8,10.9,15.6,18.9,9.5,11.5,23.9,26.2,10.7,11.4,25.6,29.8,33.3,24.1,28.7,14.6,15.3,11.5,15.8,14,4.9,23.9,17.9,13.7,18.8,35.7,18.4,14.1,20.7,16.1,27.2,25.8,16,28.3,14.4,12.8,15.5,16.8,20,11.6
22.7,16.2,10.8,12.3,19.5,11,14.9,27,27.8,11.1,15.1,22.1,13.6,32.8,20.5,30.2,14.2,14.1,15.6,17,13.4,7.9,24.2,19,12.5,18.9,42.7,19.4,13.7,26.5,15.4,30.5,31.7,21.5,27.9,13.1,13.4,17.1,19.9,16.7,18.8
19.4,11.6,12.1,18.2,24.5,12.4,11.2,28.5,27.1,11.8,14.7,17.6,13.3,32.9,18.7,19.8,12.8,11.2,16.2,18.4,14.4,15.6,25.7,19.9,12.5,17,41.1,18.8,16.8,26,12.5,31,21.8,21.3,28.5,15.3,13.7,13.2,17.3,18.2,16.3
25,14.5,13.9,19.8,22.6,8.1,12.1,27,26.5,10.8,14.5,17.2,15.8,33.1,20.3,21.2,12,13.6,15.6,17.1,14.7,9.3,21.3,20.1,13,24.5,30,18.6,15.7,25.4,14.5,32.6,25,19.5,27.1,13.8,15.3,15.9,17.5,17.6,15.9
27.3,16.8,14.8,20.3,23.6,10.8,12.7,27.2,28.3,10.9,14,21.6,17.5,34.3,21.6,26.1,10.4,16.8,15.1,20,11.5,7.9,22.1,20.4,17.8,22.3,27.5,16.1,16.7,26.7,15.7,22.3,25.4,16.4,25.6,12.6,18.1,14.6,15.3,18.5,16.9
24.6,17.6,16.1,27,21.4,8.3,14.1,27.2,26.9,12.8,14.9,18.7,14.5,34.1,23.8,23.1,15,12,14.1,26.9,12.5,12.9,25.5,21.2,17.6,24.3,29.7,18,12.9,18.8,14.9,17.7,19.6,25.4,24,12.1,17.2,15,15.1,17.8,18.6
27.8,13,16.3,27.5,21.2,8.8,13.9,32.6,27.2,13.6,15.6,19.8,15.5,33.6,23.8,21.6,15,12.1,15.2,27.4,12.8,13.2,22.6,18.9,13.5,23.2,34.6,16.6,12.5,18,14.2,20.1,25.6,20,26.2,11.8,17.5,15.8,16.7,19.7,19.9
28.6,14.4,10,19.2,24.1,9.8,10.3,33.1,26.7,12.8,21.2,20,20.7,31.9,21.2,20,12.4,11.9,14.4,19,13.2,10.5,19.7,18.3,12.4,24,33,17.5,11.9,20.1,15.1,27.3,33.1,17.1,29.2,13.6,14.3,13.7,18.1,18.8,20.6
26,13.3,12.2,27.5,25.7,10.5,14.3,30,28.7,14.6,26.7,24.7,25.8,31.3,23.4,25.5,16.8,16.4,16.5,19.4,13.7,11.2,23.5,19.2,11.6,22,34.2,17.8,13.1,18.8,16.5,30,15.2,17.4,25.6,9.4,14.7,16,18.6,20.9,23.5
21.2,14,11.5,32.1,28.6,10.4,11,27.5,28.5,12.7,28.3,31.2,18.8,32.9,18,23.5,14.2,17.6,16.6,22.8,15.4,4.8,23,22.3,13.9,25.7,36.2,19.1,13.1,22.7,13.9,31.7,17,20.3,27.8,9.7,16.4,15.1,20.8,20.4,21
20,13.5,12.8,28.2,15.4,10.1,12.1,27.9,28.6,10.2,18,21.6,14.4,31.6,21.3,25.6,11.4,13.1,14.8,24,14.8,5.1,23.7,20.3,12.7,26.8,38.5,24.7,13,24,16.5,35.8,20.2,18.8,24.5,13.2,16.9,16.3,20.1,27,17.5
22.4,16.6,13.5,20.7,23.8,11.8,10.2,28.4,23.4,11.8,16.3,23.4,18.1,29,18.5,22.2,13.1,14.3,15,19.5,13.8,14,26.5,20.6,14.4,25.8,29.4,15.7,13.5,22,17.1,25.6,19.6,17.7,24.6,14.1,14.2,13.7,15.1,15.7,17.7
18.3,22.5,11.6,19.9,16.1,12.1,12.8,28.2,26.4,13.5,17.8,27.9,16.8,29.1,17,24,11.1,16.2,15.1,22,13.6,14.6,25.7,21.4,15.8,29.8,31.4,18.6,15.1,21.9,15.4,24.5,19.3,20.6,23.9,14.9,16.3,14.1,16.9,16,16.8
25.3,19.8,15.7,11.6,22.9,9.8,11.5,28.5,25.3,16.3,16.2,19.7,17.2,31.6,22,27.3,14.1,16.1,15.3,26.6,12,17.2,24.3,22.3,17.4,27,26.1,18.3,12.8,24.5,14.8,28,17.5,15.4,29.3,11.4,17.7,14.9,15.9,16.9,24.7
26.3,16.9,14.6,15.1,24.4,8.5,13.2,29.1,28.8,17.2,19.7,20.7,20.3,29.4,23.3,24.2,14.4,14.8,16.2,17.6,11.5,20.5,23.9,19.9,18.1,20.4,32.6,19.9,12.4,27,15.5,31.3,17.1,17.4,26.2,14.9,19.2,19.3,16.5,17.9,18.1
17.7,15.3,14.9,12.6,26.8,8.9,13.3,28.8,29.3,10.2,19.6,22.7,16.6,33,22,19,12.8,16.7,19.3,17.7,11.3,19.9,21.1,21,15.3,19.1,24.2,19.6,12.7,28.4,13.4,33,18.6,17.8,26.1,13.4,16.7,21.1,18.1,18.8,16.9
19.7,14.5,14.8,18.5,28.5,7.2,9.3,28.6,28.6,11.1,19.9,20.7,19,32.4,21.9,21.1,11.5,16.5,17.9,14,12.1,10.7,22.8,19.9,12.8,23.2,33.1,21.1,14.4,25.4,14.7,22.7,19.3,21.2,28.2,13.9,14,14.2,17.3,20,23
20,15.7,14.9,20.7,16.9,10.3,12.3,27.8,29.4,11.8,15.3,23.1,23.9,33.3,28,26.1,11.9,13.6,18.6,19.1,12.6,10.9,19,20,13.5,24,34.1,22.5,15.8,23.8,16,21.4,21.2,17.9,28.3,14,14.1,17.1,16.4,20.1,16.8
21.9,16.4,10.1,22.3,20.4,10.2,14.3,26.1,29.2,11,14.9,22.7,34.6,33.3,25,17.4,13.5,14.8,20.8,24.7,15.9,15.6,24.7,21.1,14,22.7,26.9,17.4,18.5,25.2,16.5,24,18.8,18.5,28.3,14.2,18.9,22.4,15.5,21.2,17.5
23.6,19.1,15.7,22.2,29.5,10.1,14.2,27.5,28.8,12,16.7,24.5,35.5,33.2,25.9,21.1,14,13.6,16.7,25.1,11.9,16,24.6,22.2,14.4,24.8,31.1,17.9,13.4,25.4,16.7,26.2,20.8,21.2,26,15.6,18,23.5,18.8,21.6,18.4
23.4,13.5,11.8,26,20.3,12.2,15.6,27.7,26.7,13.8,17,19.5,28.3,35,23.2,23.1,14.7,13.3,15.6,21.7,10.9,18.6,21.4,21.6,13.8,16,31.9,18.2,15.1,29.2,22,31.1,23,22.1,23.7,17.4,19.1,20.8,16.5,18.4,18.8
16.4,14.5,12.6,30.1,18.7,7.6,13,27.9,26,12.6,21.5,20.7,18.3,33.6,21.9,23.3,13.6,14.6,16.5,25,12.9,19.4,21.5,19.5,15,24.3,36.1,20.7,14.1,20.9,15.1,33.7,34.6,16.3,27.5,18.2,18.3,15.7,12.9,20,19
18.5,16.5,13.1,25.2,17.3,9.4,14.5,27.6,27.9,14.3,24.2,22,24.6,33.2,22.6,22.1,14.4,13.1,17.7,25.9,12.9,17.4,24.1,18.9,15,25.4,30.7,22.5,21.3,26.7,13.8,35,22.9,19.6,27.4,14.2,20,24.3,15.8,19.6,21
19.9,16.2,12.6,29.2,30.2,11.2,16.3,26.5,29.5,13.7,23.8,23.7,18.2,31.5,22.9,18.6,13.5,14.5,20.3,26.5,13.5,17.2,23.4,20.5,15.4,27.2,34.3,21.8,16.7,25.8,17.2,36,22.1,24.5,28.7,14.2,20.6,24,16.7,21.4,22.1
19.3,15.4,15.5,32.7,24,8.8,16.3,27.7,27.1,13.4,26.3,23.4,16.7,33.5,25.3,22,13.3,18.9,16.6,26.2,15.5,9.4,24.9,20.8,17.7,17.3,27.3,18.6,13.4,19.6,22.9,18.8,17,18.7,29.1,15.2,15.1,14.4,14.7,22.1,26.1
20.7,15.4,16,34.1,28.2,11.2,15.6,27.7,28.8,13.2,22.5,25.8,20.8,34.1,23.4,25,14.5,16.7,16.5,20.8,17.2,10.1,24.4,21,15.3,27.2,28,23.1,12.9,30.3,25.8,27.7,18.8,20.7,29,15.2,14.2,20.6,16.9,23.7,26.7
20.4,16.9,10.4,34.9,28.9,8.6,15.3,29.3,27.1,15.8,17,26.7,32,34.6,24.6,29.8,12.9,13.5,16.1,22,13.5,13.7,27.4,21.3,15.3,27.2,33.5,25.2,13.8,30.5,28.5,32.6,22.8,24.2,29,16.9,17.3,13.9,17.1,20,24.2
20.1,20.1,14.9,19.6,21.1,11.4,14.4,31,27.2,13.7,18.8,21.9,28.1,32.7,26.8,25,12.3,13,15.8,22.3,14.3,16,25.4,20.9,19.8,19.4,38.7,26.5,24.5,19.9,15,25.1,22,18.1,29.5,19.2,22.5,16.8,15.2,22.4,25.2
20.9,19.6,15,18,25.3,12.2,14.2,31.3,26.3,13.5,17.8,20,26.4,32.7,24,26.7,17.2,14.9,17.4,18.8,14.6,16.8,31,21.5,20.9,31.8,41.5,28.4,26.6,24.3,18,29.3,23.4,19.1,30.1,18.4,22.7,17.3,16.5,20.5,18.3
20.2,27.2,13,21.1,22.1,11,15.7,26,27.2,15.5,15.2,20.7,20.5,32.2,21.1,21.9,15.6,17,18.9,26.6,14,18.7,23.1,22.5,23,21.5,37.6,27.2,14.7,18.8,19.6,34.2,22.8,22.6,30.5,20.2,25.3,19.7,17.5,24.3,25.2
21.3,20.5,11.8,23.4,18.1,7.4,15.4,24.4,28.3,12.9,21.5,18.7,20.3,33.2,23.8,27.3,14,24,23.2,28,14.7,16.3,25.3,23.5,21.7,20.2,36.4,23.6,17.2,18.8,19.5,20.5,24.2,18.2,29.4,18.8,25.9,24.4,17.8,16.3,30.6
17.8,18.6,12.1,26.5,25.6,9.4,15.9,27.4,29.1,15.5,25.2,19.5,18.6,33.5,25.3,20.4,13.8,23.1,17.2,23.8,16.1,16,26.1,21.2,20.5,25.6,39.1,23.2,15.4,19,25.5,24.3,26,19.3,29.3,21.6,16.3,27.1,18.9,19.6,28.2
19.3,15.1,15.1,30.6,25.4,11.6,15.2,24.6,30,17.7,28.4,21.7,19.9,33.1,25.5,18.1,14.1,20.2,17.1,27.7,16.2,14.9,22.8,20.9,16.2,19.3,35.3,24.3,22.4,24.4,26.4,27.6,36.9,22.3,29.8,20.2,18.6,16.3,15.6,22.3,26.1
19.5,17.6,11.7,27.4,26.7,11.2,13.2,27.5,29.3,15.1,29,22.5,20.6,34.4,23.6,18,15.7,22.2,18.1,25.2,14.9,15.4,24.1,21.9,19.1,18.8,29.8,21.4,25.4,31.5,19.5,22.5,19.9,19.2,29.6,17.7,22.4,23.1,14.5,19.6,23.3
14.8,20.1,12.9,23.9,30.1,10.3,16.3,26.2,30.5,16.2,22.4,26.6,19,35,26.2,23.1,17.2,15.1,21.3,19.2,16.5,13,23.9,21.7,23.1,18.1,26.3,22.3,13.1,25.3,13.8,22.4,19.8,23.4,27.2,14.9,22.2,18.3,14.3,20,25.3
17.2,20.2,15.3,17.6,30.9,10.3,16.9,26.4,30.2,17.9,25.8,17.8,18.7,33.4,24.9,25.4,15.6,15.9,24.2,15.6,14.4,12.2,27.7,22.2,27.7,24.7,29.5,23.6,15.2,29.6,15.7,24.2,22.9,26.8,29.8,15.5,23.7,23.9,16.1,21.6,28.7
16.9,16.3,12.8,19.2,19.5,10.1,16.2,28.4,29.4,12.4,26.4,19.2,15.2,33.2,22.2,29.8,19.4,16.9,27,19.1,14,16.7,23.9,21.8,21.8,25.8,30.8,23.4,13.5,29.4,17.1,25.6,21.9,28.2,29.1,16.2,19.4,27.3,15.1,17.2,22.4
14.3,19.9,10.7,23.8,22.4,12.4,16.6,25.5,29.7,14.9,24.6,21.5,17.1,33.5,19.7,21.1,18.2,23.9,29.1,23.1,13.3,20,22.6,21.5,14.8,29.5,31.5,24,13.9,32.5,27.8,25.5,23.2,18.6,29,17.3,18.8,22.4,18.8,18.3,23.4
15.5,28.3,13.4,29.1,20.4,14,18.7,29.3,26.3,11.3,26.1,22.8,16.6,33.1,23,27.1,16.9,23.7,27.4,26,12.3,16.7,25.2,22.8,21.9,29.6,32.6,28.4,17.4,33.7,16.9,26.4,23.9,20.3,30.6,18.5,19.9,16.5,17.5,20.2,16.3
15.9,27.4,14.4,31.7,25.2,12,14.3,25.9,26.4,16.1,20.7,23.4,20.6,33,25.7,21.1,14.7,13.1,26.4,27.4,13.8,6.3,21.2,22.2,10.6,33.2,33.9,28.7,17.2,32.9,24.3,27.8,26.7,20.2,29.4,23.9,12.9,18.2,20.7,16.5,18.5
15.1,17.8,15.2,32.7,26.3,13.7,15.1,27.4,28.7,17.5,19,23.6,27.2,33.7,25.4,20.8,16.3,20.1,19.2,22.8,13.4,9.4,26.8,21.6,13.3,33.3,37.7,20.6,24,22.6,18.7,23.1,23,22.9,29.4,23.3,15.1,15.8,22.3,18.3,18.5
16.3,17.4,14.2,31.2,25.2,13.5,16.5,28.3,28.7,11.2,14.2,20.8,25,30.9,29.5,15.2,14.9,11.1,21.1,26.2,14.2,5.2,27.8,22.5,14.3,34,41,20.2,28.4,22,19.6,25.4,24.3,22.4,30.3,19.9,18.5,17.4,25,20.8,21.5
16.1,14.9,15.1,25.7,26.4,12.3,23,27,28.9,15.3,18.6,18.7,18.6,32.5,22.1,16.4,14.7,13.5,23.1,28.5,13.9,8.4,28.4,25.5,19,21.2,32,24.1,13,25.7,22.3,25.3,25.1,22.4,29.6,18.4,19.2,21.8,20,21.6,24.5
16,17.1,17.6,28.6,25.6,12.7,24.8,27,30.3,16.3,21.2,22.6,17.5,33.1,19.8,19.8,11.5,16.2,28.5,20.1,13.7,15.9,26.1,26,23.2,22.5,30.2,23.4,16.1,17.9,19.6,31.5,27.6,19.9,30,18.5,22.1,23.8,18,23.2,27
13.4,21,17.7,32.1,28.2,10.7,20.8,26.4,27.5,18.9,22.3,23.4,23.8,31.3,21.4,17,14.4,17,30,25.2,12.4,20,25.7,26,25.8,26.9,27,22.2,15.4,24.6,15.5,24.7,23.6,21.7,29.2,16.9,24.4,24.3,23,19.8,30.5
14,28,12.8,30.8,31.2,12.3,15,21.2,30.3,15.8,28.2,23.3,29.1,32.5,22.8,21.4,16.9,15.3,19.4,26.9,15.1,19.3,22.7,26.8,27,18.9,24.8,24,15.9,26.1,17.5,33.4,23.8,23,30.4,20.6,26.4,28,24.6,20.1,34.4
16.3,32.3,15.1,20.2,31.2,12.4,17.9,25.3,30.7,12,28.7,22.7,37.9,31.9,24.2,22.3,21.6,18.9,24.2,30,17.8,19.8,22.6,25.7,24.1,25.7,28.1,26.8,17.8,26,18.1,34.8,31.5,23.6,27.4,17.6,19.8,25.7,19.2,21.5,21.3
17,16.5,15.9,18.1,29.7,12,23.4,26.4,29.4,14.9,23.9,20.6,20.4,30.1,24.4,21.1,20.9,24,13.3,30.2,16.7,19.7,24.1,25.6,26.7,27.6,27.2,29.1,14.8,27.1,20.4,28.2,40.4,26.2,28.7,11.9,22.5,30,19.1,20.6,24.1
17.3,17.8,14.7,26.7,30.3,11,22.9,24.1,30.5,13.7,24.6,25,22.8,30,25,21.5,19.1,15.2,15.8,28.9,13.4,15.1,26.9,26.6,23.2,28.7,24,32.6,17.1,29.5,26.6,32.4,22.8,25.2,29.6,17.4,23.8,31.8,19.1,22,25.4
18.2,18.8,14,27.1,27.1,10.3,13.2,25.8,30.3,14.4,26.8,22.8,33.6,31.7,22.1,22.7,15.7,22.5,16,17.7,12.3,19.4,26.6,26,16,31.9,29.2,27,17.5,31.8,29.2,33.8,21.5,24.2,27.7,19.2,23.9,15.8,18.9,22.2,29.1
15.2,20.3,15.9,34.1,26.9,15.9,13.2,24.4,30.4,17.6,27.4,23.5,39.1,32.5,21.5,18,15.3,22.5,18.4,27.1,17.7,25.8,25.3,25.4,15,32.2,33.1,24.3,27.3,30.2,22.1,31.6,26.6,23.4,27.4,20.7,23.4,18.1,22.9,17,31.7
14.5,21,16.3,32.7,27.5,10.7,18.3,25.3,30.3,22.4,27.6,24.8,20.4,33.1,22.7,16.3,17.3,16.9,24,25.5,19.9,22.7,25.6,28.2,17,22.4,32,22.3,31.2,19.5,35.7,33.7,33.2,25.4,28.1,24.7,25.8,18.7,15,19.7,23.3
14.6,20.6,18.7,35.5,25.5,10.8,21.9,25.1,31.5,25.2,21.6,24.5,24.1,33.4,24.8,20.7,18.6,22.9,27.2,27.4,24,18.6,26.9,27.1,16.8,19.5,26.8,27.1,27.2,21.9,18.5,39.1,29.3,19,29.6,21.3,19.3,23.5,16.4,19.1,18.2
11.9,15.8,19,33.1,24.7,14.5,23.3,20.6,27.7,19.6,17.7,22.2,20.6,33.9,25,17.3,19.8,20.8,20.4,29.2,18.5,15,24.9,25.3,16.9,21.2,28.5,28.1,15.7,27.6,22.4,31,30.5,26.7,24.4,19.7,18.1,19.8,19,21.9,22.7
14,15.5,13.6,30.8,25.5,18.5,27.5,23.5,29.3,23.6,22,22.6,27.6,32.1,24.3,17.8,19.7,15.3,21.6,29.4,20.2,19.6,28.9,25.7,21.1,25.8,23.2,26.5,19.4,25.2,21.5,29.5,23.1,20,26.9,22,20.2,24.6,18.8,21.9,24.1
15.6,17.5,13.4,32.4,21.3,20.1,18.2,24.4,30.8,23.4,23,21,26.2,33.3,26.1,22.3,19.6,15.7,24.4,30.2,14.3,19.3,24.5,25.8,26.3,27.4,29,33.9,16.4,26.3,22.2,31.8,21.2,20.6,29.3,22,18.9,23,16.6,21.9,24.4
15,19.1,14.3,26.3,26.7,19.1,19.1,19.7,30.6,20.4,23.2,23.2,23.9,29.7,25.4,22.6,13.2,17.8,22.5,30.4,22.4,16.7,28.4,26.5,21.1,24.7,32.2,22,15,33,20.3,29.9,22.6,22.1,28.8,19.4,19,32.2,21.2,21.9,27.6
14.1,21.8,13.9,29.6,31.7,12.2,21.3,23.7,30.4,19.9,25.8,26.6,27.1,33.2,25.2,19.7,13.2,19.8,27.4,32.2,26,16.2,26.8,24.9,23.6,26.5,29.2,20.4,15.8,30.5,30.7,35.5,24.4,26.9,29.2,23,20,31.3,23.7,23.8,31.4
15,24.4,18.7,30.6,22.7,14.4,23,21.5,30.8,22.6,27.1,25,23.1,33.5,22.7,18.9,18,22.5,32.8,31.3,16.6,13.4,30,25.9,29.3,26.8,28.5,22.3,17.5,31.4,34.4,31.2,23.4,18.5,29.3,20.1,22.1,27.9,25.6,22.7,27.9
17,23,19.6,32,31.4,13.8,20.4,22.3,28.2,20.4,33,25.4,19,33.5,26.4,21.5,16.9,24.1,18.4,23.8,15.6,16.4,28.6,26.5,28.1,28.9,22.2,28.4,25.6,31,33.3,35.7,28.5,18,29.7,19.9,26,25.3,21,24.9,28.6
16.4,18.2,19.9,33.8,19.8,19.8,22,21,31.1,14.4,30.2,25,21.8,33.2,25.7,19.7,20,22.6,18.9,27.6,18.6,24.1,29.5,25.3,30.9,33.3,22.7,31.1,25.1,28.2,21.5,33.3,27.6,22.6,29.8,18,29.6,26.3,17,26.4,38.6
16.5,18.4,19.1,35.5,20.5,14.3,26.9,19.8,30.2,16.1,33.7,26.2,23.4,33.6,26.6,19.6,17.4,29.4,20,28,12,18.3,27.7,25.3,23.1,32.1,23.5,34.4,25,27.2,29.1,37,24,18.2,29.6,18.7,32.3,26.1,21,29.9,26.3
18.5,19,19.7,35.2,29.2,8.8,16.6,21.5,30.8,19.8,35.5,28,26.9,33.9,26.3,15.1,16.9,30.4,18.7,29.3,13.3,19.9,25.6,24.8,14.2,31.5,26,37.3,25.1,25.9,22.4,30.5,28.8,18.7,31.1,13.4,23.4,29.7,25.4,23.5,24.2
15.3,22.2,20,30.9,34.1,10.1,17.4,22.4,30.3,10.6,33.5,27.4,19.8,33.9,26.7,15.9,19.3,19,23.3,29.7,17.3,18,28.5,25.4,21.5,28,27.9,26,24.3,24.4,25.6,41.6,28.8,23.6,30.6,16,23.9,30.4,19.7,24.7,28.1
15.7,21.1,14.6,29.6,37.4,13,20.4,25.2,27,14.7,24.7,25.2,20.7,32.1,26.9,18.8,20,16.8,31.5,23.5,20.3,21.5,30.3,23.9,20.2,31.9,25.3,22.6,20,26.8,29.6,22.7,27.4,27.9,25.5,21.8,25.8,28.4,17.9,26.5,27.4
15.8,18.4,14.3,25.2,30.8,13.7,21.9,22.5,29.4,15.7,25.5,20.6,23.5,31.2,26.8,17.5,18.9,22.8,26.5,28.9,25.5,21.5,31.1,25,20.8,22.6,24,26.9,16.4,26.7,23.1,26.7,24.5,22.7,27.8,23.6,26.8,21,18.6,25.4,26.5
11.5,18,21.1,25.8,27,14.7,24.5,22.3,30.2,19.3,26.6,21.2,23,31,27.6,21.7,22.7,18,31.2,29.5,17.1,21,30.6,25.2,19.6,27.6,29.4,22.2,18.6,31.1,27.1,26.3,26.5,27.9,28.6,24.5,29.5,22.6,21.4,24.3,30
15,16.5,23,28.2,26.6,24.7,23.3,22.8,30.3,25.6,28.7,23.3,30.1,31.8,28.6,16.7,22.2,22.3,33.7,29.2,15.2,19.9,39.7,26.2,22.5,31.9,17.7,23.2,16.7,23.6,30.1,34,21.4,29.6,29.2,26.9,29.3,20.6,28.3,22.3,35.1
13.7,17.1,23.2,29.4,26.9,13.8,27.8,23.9,30.2,17.3,28.3,24.5,39.8,33.2,23.3,18.8,19.1,22.6,23.1,28.2,20.2,22.4,31.2,25.3,31.3,31.6,22.1,25.6,18.8,19.7,20.2,34.5,24.9,32.5,29,27.7,30.6,26.2,31.2,25.3,28.4
16.3,18.5,24.9,35,29,15.2,31.8,19.4,29.9,12.4,29.6,24.9,32.6,33.1,26.4,16.6,19.9,31.6,22.2,30.2,17.7,26.2,32.5,24.7,33.9,35.9,22.8,28.8,27.2,32,19.9,41.5,29.4,21.7,28.8,21.9,26.9,21.8,33,31.1,33.5
18.7,20.5,19,37.4,29,18.3,29.4,21.3,31.1,16.3,27.9,25.4,24.8,32.2,25.6,16.7,19.1,31.4,24.1,23.6,19,24.1,26,21.9,32.9,39.1,23.9,29.9,17.8,35.1,22.3,26.3,29.4,21.2,27.7,20.8,29.2,19.1,22.6,17.4,23.9
15.2,22.8,20.8,39.4,28.2,18.4,21.2,21.6,27.4,16.2,27.2,25.7,28.5,32,24.6,19.2,19.6,29.9,25.6,25.2,24.5,22.3,25.2,23.9,30,30.1,32.3,31.2,17.9,38.2,23.1,28.5,29.4,22.1,27.4,22.8,22,18.2,20.3,23.4,24.6
12.6,25.7,23.2,38.3,24.4,15.9,19.6,21.9,29.6,11,30.4,25.9,18.3,31.3,26.8,16.6,17.5,22.4,30.1,22.3,28.7,21.3,27.9,24.1,19.9,29.7,24.3,35.1,17.6,20.1,29.9,32,28.1,18.3,28.4,25,21.3,16.6,25.6,23.5,25.2
12.5,26.8,23.7,36.3,29.3,23.2,22.4,22.1,28.2,15.7,29.1,26.7,18.8,30.7,27.9,20.3,19.8,22.2,33.3,29.4,14.1,24.1,23.4,24.1,18.5,24.9,23.6,37.8,17,22.1,19,23.1,20.2,24.7,28.9,26.3,24.3,25.1,18.8,25.4,31.9
13.4,19.4,19.9,23.9,30.3,17.1,20.3,21.3,28.1,15.8,27.2,24.5,20.2,33.3,28.1,22.8,20.9,15,33.9,33.4,13.7,28,25.7,23.2,18.8,30.4,20.9,40.5,14.7,25,20.4,24.8,26.1,25.8,29.6,27.2,29.8,19.6,19.2,24.8,36.6
13.4,19.6,18,29.6,32.7,11.6,22.2,22.4,27.2,15.6,20.1,24,21.8,32.2,28,14.4,20.4,24.3,30.2,27.1,15.9,23.2,29.7,24.1,22.2,27.6,21.7,30.1,15.7,27.7,18.4,24.2,25.2,26.8,30.3,26.4,31,25.4,17.8,22.8,38.6
14,21.3,19.1,32.4,27.8,15.1,30,20.4,29.7,14.5,22.2,25,24.9,31.2,27.1,11.2,21.8,25.1,29.4,31.4,16.9,24.1,25.6,24.4,24.5,31.1,24.5,33,15.2,30,21,25.6,24.8,28.2,27.8,27.6,29.4,22.7,20.5,20.7,33.1
16.1,21.5,18.6,34.5,28.2,12.5,30.8,23,30.3,17,24.9,25.8,30.2,31.9,26.4,13.3,15.4,28.9,31.7,32.4,15.3,23.1,29.4,23.4,31.9,28.9,26.1,27.2,17.2,30.3,21.7,25.2,29.3,28.3,29.1,15.3,29.1,25.1,21.2,22,34.5
14.9,18,12.8,37,29.8,13.3,27,22.1,26.1,18.5,25.8,26.1,19.4,32.6,23.4,17.6,19.4,27.2,21.2,35,24.7,11.9,36.6,23.7,31.6,27.8,23.8,29.7,16.6,28.5,19.6,27.1,30.7,19.6,29.6,16.5,27.1,40.5,25.6,22.9,37.8
13.6,20.2,15.4,34.1,32,17.1,27.6,21.8,29.5,20.8,30.4,26.3,20.2,30.1,23.1,17.7,18.5,27.2,25.8,23.6,19.3,18.5,24.5,25.4,22.4,28.4,25.8,30.8,19.6,27.8,30.5,27.9,21.5,21.5,28.9,25.7,24.3,23.1,26.4,26,28.1
16.2,31.1,17.4,34.6,31.6,19.7,20.4,22.1,30.3,26.8,26.8,29.1,21.2,30.5,26.5,13,17.2,24.3,27.9,21.9,18.9,16,25.9,26.5,20.2,32.4,28.9,33.9,16.1,28.9,38.1,21.2,27.6,26.1,29.5,26.9,23.9,21.2,31.5,26.1,27.9
14,18,19,30.7,33.7,21.7,21.7,20.3,30.6,24.7,21.9,33.2,25.1,31.4,30.5,12.3,18.7,22,32.3,23.1,19.5,19.6,26.3,25.6,19.4,32.4,21.2,36.8,19.2,31.3,24.7,27.1,24.9,25.7,29.7,25.4,26.8,20.7,32.2,24.7,25
14.5,20.2,21.8,28.8,36.8,19.5,24.5,18.8,30.8,18.8,29.1,25.3,32,29.7,29.7,11.6,19.9,27.6,33.7,30.7,25.8,14.6,29.5,26.1,30.3,33.7,23.9,38.2,20.1,33.8,22.3,22.4,25.6,25.3,29.2,26.8,29.4,22.2,28.7,25.4,26.1
16.3,19.3,23.3,29.5,27.6,24.6,29.2,18.9,30.4,15.3,29.9,26.4,23.4,28.9,26.8,10.4,27.4,20.4,33.3,27.3,28.2,17.8,22.7,22.8,20.5,34.3,21.8,26.9,19.3,36.2,21.7,27.7,32.4,27.5,28.7,27,32.5,31.6,19,23.2,25.9
19.8,18.5,25.8,33,36.7,22.9,30.6,21.3,30.1,19.5,32,26.3,21.2,29,28.3,12.9,25.9,18.1,30.8,30.7,14.6,19.6,30.8,24.1,21,37.4,24.7,22.6,17,39.6,33.4,33.8,30,27.8,29.5,26.9,26.2,33,22,26,31.6
14.7,19,19,35.2,41.5,27.2,28.8,22.6,30.8,25,35,26.9,17.2,29.3,29.1,14.1,19.3,19,25.1,30.8,18.5,15.3,22.4,25.4,21.6,27.7,24.2,23.3,17.7,36.5,34.3,26,25.8,32.8,31.7,23.1,27.3,22.3,26.2,25.2,35.5
15.9,20,22.2,36.3,38.7,25.5,23.1,21.2,31.3,20.8,23.7,29.8,27.1,31.2,31.3,13.4,23.1,16.9,24.5,27.2,18.4,14.1,23.7,25.5,15.6,41.8,26.2,24,18.3,27.7,24.8,27.7,30.3,29.6,31.6,21.7,23.1,26.1,34.7,22.9,28.3
15.6,21.6,22.2,37.8,38.6,12.5,19.8,22.2,28.2,28.4,24.5,25.5,25.4,31.4,29.9,13.3,22.4,24.7,24.8,34,18.1,13.1,25.5,26.9,18.1,41.3,21.5,23.3,25.6,36.1,23.1,27.5,27.7,32,30.6,24.5,19.1,25.1,21.4,23.4,23.7
13,20.5,23.6,31.1,41.4,14.1,21.5,21.3,30.3,28.8,27.4,23.7,27.6,30.1,23.4,13.5,21.4,19.2,26.5,34.1,26.6,18.7,25.4,25.6,20.8,39.4,22.8,24.3,35.4,39.9,28.3,27.2,22.9,28.4,31,29.1,21.9,27,19.8,26.1,25.9
14.6,18.5,25.6,38.2,33.9,14.4,22.7,23.6,30.3,32.2,22.9,22.9,20.6,31.1,25,16,24.3,23.8,26.3,35.7,34.9,15.7,30.1,27,26.3,41.1,22.5,25.3,18.7,38.6,23.7,31.3,25.1,23.6,31.9,25.4,26.9,24.9,21,26,25.5
15.5,19.2,19.5,38.8,24.1,15.5,27.3,23.9,31.4,33.4,33.8,26.3,16.9,30.5,25.6,13.8,25,27.4,24.3,34.3,26.8,16.4,26.8,28,30.5,40.7,16.7,27.6,17.7,38.1,29.3,22.5,25.9,27.7,33.9,19.4,29.8,29.5,20.4,25.9,31.9
15.3,20,18.7,33.3,25.5,17,22.5,21.5,31.3,25,34.9,25,16.2,31.7,25.6,14.9,24.6,20,18.4,26.9,19,16.5,24.9,26,30.3,33.1,17.2,28.5,24.9,39.5,26.3,26.7,27.3,27.2,31.5,20.4,30.3,20.4,21,30.5,34.6
17.7,19.8,18.8,37.4,30.5,23.8,16.6,21.4,31.3,25.1,32.2,27,18.3,33,28.3,11.8,27.3,15.9,23.1,30.2,19.2,18.4,27.9,26.2,20.3,24.8,18.8,31.9,25.9,40,22.1,27.6,26.8,22.1,30.8,17.6,35.9,21.2,23.5,26.1,37.4
20.1,21.9,21,38.6,38.2,23.6,19.8,22.4,31.9,25.1,39.8,24.7,17.2,31.7,29.3,12.8,20.3,22.8,29.8,32.9,17.2,19.4,24.1,24,28.1,27.6,20.6,36.6,20.6,23.7,21.9,20.2,27.4,31.3,31,24.3,38.1,32.5,29.4,23.6,40.3
20.1,22.4,24.5,38.4,22.7,27.3,24.7,23.6,32.2,33.2,38.7,24.4,30.1,30.7,28.4,9.4,23.8,29.5,32.5,28.1,18.2,19,23.8,24.4,31,28.2,22.5,26.6,18.3,26.1,22.9,27.4,32.6,32.2,32.4,28.4,37.4,28,23.4,25,31.4
15.8,24.8,24.7,38.5,22.8,25.5,24.3,21,32.8,33.7,38.1,28.3,33.9,31,29.5,10.4,21.1,40.4,26.3,31.6,20.9,13.6,25.6,25.3,37.8,31.6,23.8,31.1,26.4,30.6,24.7,25.4,41.3,22.8,31.7,29,34.1,29.5,22.8,27.5,27.9
15.4,21,30.5,38.5,23.5,25,27.6,20.7,32.4,35.5,36.3,25.3,24.2,31.5,30.2,12.5,22.1,24.8,42.1,33.8,23.6,14.7,23.4,26.1,40,24.2,27.3,33.9,19.5,37.3,33.7,24.2,23,27.7,30.5,28.3,31,28.4,23.8,27.8,32.8
18.3,20.4,22.6,33,24.1,16.9,19.6,21.4,31.6,27,34.2,22.5,17.2,32.5,25.5,14.7,22.9,20.3,37.8,33.6,28.8,15.1,27.1,27.5,28.3,22.5,23.6,31.9,22.6,22.6,22.1,26.6,26.1,27,30.4,25.1,29.8,21.1,28.3,32.8,38.2
13.7,23,23.1,33.7,28.1,16.8,25.1,21.4,31.9,33.3,31.3,25.5,18.2,32.8,27.7,15.7,16.4,19.7,28.8,32.5,32.3,15.5,30.8,28.1,28.8,23.1,19.5,29.7,17.9,26.8,28.3,32,29,33.3,27.5,22.1,34.2,25.4,31.7,29.8,42
14.9,21.4,20.8,26.4,31.8,21.8,32.1,19.5,30.1,34.1,32.5,26.6,25.9,32,27.7,13.3,19.4,22.6,30.8,33.6,32.8,17.6,27.4,28.4,34.7,27.5,18.2,27.7,16.6,30.9,23.2,30.9,30.2,21.2,28.8,28.9,31.5,23.4,32.6,21.3,42.5
18.6,22,23.3,33,37.9,25.5,40.8,21.4,30.9,28,35.4,27.1,30.1,33,29.3,13.5,19.4,21.5,33.6,37.9,28.5,13.9,26.1,23.6,34.8,36.1,18.3,35,27,27.6,20.4,29.2,27.3,23.9,31.2,34.8,32.9,29.6,26.7,23.4,38.5
19.6,23.5,24.8,36,28.6,28,28.4,20.7,28.5,31.9,32.1,27.1,21.4,31.9,28.2,13.5,16,30.8,36.9,36.9,30,12.2,20.3,24.9,30.5,29.8,19.7,32.5,34.8,37.3,30.5,28.9,26.6,23.3,30.6,34.7,30.3,36.8,30.7,23.6,30.1
16.5,37.9,25.5,36.4,24.5,28.6,25.4,23.9,30.4,39.2,33.1,30.9,22.2,29.9,28.4,16,21.7,33.7,25.3,34.4,20.8,17.7,22.9,25.5,29.9,24.8,22.2,35.7,27.5,35.5,40,29.8,27.7,26.2,31.3,31.2,36.2,37.2,31.9,25.7,34.3
16.9,21.4,27.3,36.3,27.5,24.4,23,26.4,29.8,39.9,35.3,27.3,23.1,31.8,28.5,11.6,18.9,34.7,26.3,33.1,23.2,14.6,27.1,25.2,29.4,34.2,18.1,32.4,22,28.4,25.3,29.3,27.7,27.7,30.6,20.2,33.9,32.6,22.9,22,38.9
19.6,23.6,29.7,37,32,20.7,28.1,26.8,29,30.3,31,25.8,19.4,31.7,29.1,14.4,18.9,20.5,27.1,34.6,17.8,11.9,28,25.4,34.2,28.3,20.4,40.6,22.3,23.4,20.8,26.8,27.2,26.9,31.2,21.6,33.2,29.4,32.8,25.1,36.2
20.5,23.2,29.9,38.1,34.1,21.8,26.1,24,29.8,30.3,36.8,20.8,22.9,32,29.9,13,18,26,28,40.2,19.1,12.3,21.1,24,28.4,32.1,20.4,36.9,20.6,30.1,18.6,22.2,26.5,26.8,29.4,28.2,38.1,18.7,33,27.5,37.9
16.4,29.8,30.1,38.4,29.5,20.1,31.5,20.4,27.9,34.6,37.3,26.6,19.8,32.3,30.4,14.7,20.8,26.6,32.3,41.4,29.4,10.4,19.5,23.1,23.9,32.2,18.7,40.7,24.9,30.4,22.5,21.6,22.4,27.4,30.8,24.3,33.8,20.2,26.7,25.2,37.2
16.1,20.6,24.2,38.6,30.2,15.8,33.3,22.5,30.7,32.8,40.6,25.2,18,33.2,27.9,15.4,23.7,26.7,34.2,40.4,19.5,11.9,19.6,22.6,27.8,20.8,20.9,31.7,17.1,27.8,20.9,23.2,25,29.9,31.4,28.4,33.2,20.4,22.5,22.7,32.7
15.7,23,27.6,39.7,36.6,24.9,34.8,22.4,30.2,28.6,44.3,26.2,19.5,32.4,27.6,13.1,26,30,26,38.9,19.5,13.7,19.5,25.6,28.7,31.3,20.4,33.4,23.6,32,29.8,24.2,27.6,30.5,30.6,24.8,36.4,28.7,24.2,20.7,36.7
15.8,23.4,21.4,39.8,22.1,23.4,21.1,23.1,29.6,20.2,42,27.1,17.2,30.5,28.4,11.7,23.4,32.4,26.8,37.6,18.4,14.7,16.7,26.6,35.4,32.3,20.2,36.3,17.9,31.5,28.2,21.6,27.6,29.9,32.4,24.5,34.6,28.8,26.3,23.6,39.9
17.6,24.5,22.6,43,32.6,19.9,27.4,19,30.1,18.8,36.2,27,17.4,33.5,28.4,13.3,24,28.3,34.6,37.4,14.9,13.2,20.7,27,31.6,23.3,17.3,36.8,17.3,31.6,19.6,25.1,27.9,25.6,32.6,21.6,34.7,19.9,27,26.5,38.8
18,19.2,23.3,42.2,32.9,15,25.4,19.6,31.4,21.6,37.6,27.1,18.7,31.3,29.7,16.4,25.3,20.8,34.2,34.6,16.3,7.7,16.2,27,30.9,26.4,17.8,40.3,18.2,22.4,21.7,18.6,28.2,27.9,31.1,24.9,33.5,21.1,24.8,26.7,32.8
18.2,20.9,27.3,41.7,22.6,21.6,27.3,20.5,31.7,28.6,39.1,27,26.3,31.5,29,16.1,25,28.5,30.9,31.2,17.1,8.4,17.9,26.4,34.4,31.7,22.7,38,19.5,23.4,30.4,20.6,37.8,29.1,30.3,31.3,27.2,29.2,26.1,29.7,32.6
16.6,22.5,29.9,39.8,25.3,14.9,30.9,22.2,31.8,26.8,39.8,26.8,17,32.7,29,15.1,30.3,19.9,37.6,33.5,20.9,9.8,20,24.4,28,31,19.8,29,29.7,30.8,24.4,18.9,25.5,30,31.8,26.4,21.2,28.3,27.2,33,42
18.3,27,31.6,35,26.4,26.7,23.7,23.5,32.2,30.5,29.8,26,17.4,32.7,28.6,14.1,29.6,29.2,31.8,35.7,26.9,11,22.1,23.5,36.7,29.5,15.7,26.2,17.8,28.2,19.6,20.2,26.4,36.7,31.2,28.2,26.1,26.6,30.5,22.3,40.6
18.2,21.5,30.4,35.7,31.8,23.5,24.2,21.9,32.7,31.8,37.6,27.6,15.9,32.7,30.1,11.7,26.2,36.7,34.2,36.2,19.2,6.5,22.1,23.6,31.2,30.6,18.2,32.2,20.9,28.8,21.8,26.6,30,29.4,31.2,28.3,28.7,28.6,32.1,28.8,38.9
16.5,21.4,29.7,34.7,29.6,20.1,24.7,23.4,32.6,35.2,37,29.1,13.3,34.2,30.4,14.6,23.7,39.4,33.7,29.1,17.2,3.4,18.9,22.1,31.9,29.8,17,37.4,19.7,31,23.5,23.3,26.4,24.6,32.8,30.5,28.6,17.9,29.2,26.2,48.1
14.9,22.6,26.7,27.8,28.7,18.7,33.1,18.1,33.1,27.8,28.2,26.7,14.3,34.7,30.8,12.2,22.2,29.4,41.9,34.2,23.2,6.1,14.5,24.2,37.2,33.4,16.7,35.2,16.7,32.9,24,16.3,25.6,30.5,31.7,30.4,31.3,20.3,31.1,19.2,42.2
16,19.4,22.2,25.3,34.8,23.4,24.8,21.8,32.2,22.8,25.3,26.6,13,34.2,30.6,13.2,24.5,25.3,36.5,34.9,22.9,0.9,15.9,23.4,41.3,26.3,15.2,37.2,16.9,28.5,24.4,19.4,25.5,35.6,31.2,30.4,26.1,26.2,30.9,22.7,42.5
18.1,22.3,26.2,32.5,27.3,21.2,29.8,22.3,30.8,27.2,35.6,27.2,15.7,34.3,28.4,14.3,23,18.9,38.7,33.7,30.2,4.2,16.4,23.5,41.7,27.5,16.9,36.4,17.8,27.8,20.4,19.7,27.3,40.8,31.5,31.8,28.8,24,29.6,24.2,42.7
22.5,21.5,28.8,32.9,27.4,28.9,26.5,21.1,32.1,32.1,37.2,30,14.3,33.8,26,12.3,21.9,20,23.2,30,35,7.3,16.6,21,37.8,26,14.8,29.3,19.3,25.1,21.2,15.6,28.6,32,30.8,36.9,29.2,18.9,26.2,30.4,42
25.7,21.9,31.1,33.8,25.8,31.2,28.5,20.8,31.5,26.7,37.8,32.2,13.5,34.3,28.8,16.2,23.9,28.4,22.1,32.2,22.2,9.8,19.2,19.8,33.3,24,17,36.8,19.5,22.7,18.9,17,24.1,35,31,34.7,27.6,17.6,31.8,26.1,41.9
20,23.3,25.6,34.1,23.7,20,26.6,22.4,30.9,32.5,28.1,32.3,14.1,30.6,28.8,13.4,25.6,28.3,25.1,35.7,21,8.8,19.1,22.8,21.2,23.4,17.9,37.1,18.1,31.8,20,16.2,24.6,21.8,31.5,34.1,27.5,17.6,35.7,24.6,21.9
21.4,20.4,20.8,34.1,32,20.4,31,23.7,32.6,36.1,33.1,32.6,14.7,32.9,27.5,13.2,24.4,25.5,29.8,37.6,20.2,9.9,19.3,22.5,21.9,26.3,17.8,33.5,16.1,26.2,17.9,17.5,25.1,25.4,31.3,37.6,21.6,19.2,33,26.8,20.2
16.2,22.2,18,35.3,30.8,18.6,39.9,24.2,34.8,39.1,28.4,30.4,17.3,32.2,29.8,16.3,25.8,20.4,36.3,38.6,22.2,9.3,19.2,21.8,25.6,31.8,19,29.7,16.8,22.6,18,17.5,27,27,31.7,34.6,30.5,23,36.1,23.1,30.3
20.8,23.5,20.5,33.7,21.7,17.4,40,24.8,34.5,26.8,33.6,33.7,19.8,32.5,29.9,15.6,23.6,23.9,23.3,34.2,32.8,4.2,17.9,21.1,26.8,30.3,15.5,35.3,29.2,20.5,19.2,16.3,26.7,33.9,33,33.6,27.7,26.7,35.4,23.7,33.3
25.7,22.4,21.2,33.8,24.3,20.6,34.1,28.4,32.5,28.5,35.5,23.3,20.2,33.8,30.4,14.5,20.1,29.3,26.5,31.6,37.2,4.7,16.5,20.3,30.4,25.6,17.5,33.6,23.9,24.1,22.4,21.5,19.7,23.8,31.9,21,26.4,29.1,31.3,22.5,39.1
18.8,21.3,25.9,35,27.9,26.9,29.3,27.1,31.6,35.8,37.1,22.5,18.1,31.9,28.5,14.8,22.7,28.1,29.3,30,19.7,2.7,17.1,20.7,36.2,23.2,19.7,31.2,16.7,29.7,29.1,21.7,23,25.5,31.1,23.6,22.4,26.7,33.4,21.8,39.1
22.8,23.5,29.2,34.9,29.3,28.3,21.3,25.7,29.7,35.9,31.8,24.8,11.4,31.2,28.9,14.8,24,26.7,28.5,30,24.9,6.1,17.5,19.9,27.7,21,20.2,24.6,16.6,17.6,30.3,23.1,24.4,27.6,32.6,24.5,29.1,24,33.2,21.6,30.6
13.6,21.5,30.8,36.1,22.9,20.9,24.3,23.6,30.4,19.3,26.6,28.7,12.2,30.3,29.6,9.4,23.6,27.8,30.7,29.6,28,6.4,18.4,20.3,20.5,20.8,16.3,27.1,22.9,18.5,28.3,16.4,25.2,26.1,28.6,27.8,29.9,18.3,32,22.7,27.4
15.5,20.8,30,35.9,19.4,23.5,22.5,25.1,31.5,18.2,33.2,23.2,12.4,33,29.9,12.3,23.1,27.1,26.8,30.9,24.3,6.2,18.3,20.8,27.1,23,16.8,40,28.4,21.6,18.7,16.2,26.7,32.5,29.8,23.2,25,26.9,25.3,28.9,33.5
15.9,24.9,22.2,36.2,22.4,22.6,27.5,23.8,31.7,27.1,35.7,26.4,15.1,32.4,31.8,13.3,28.2,18.4,26.3,30.9,21.2,5.8,17.9,21.8,30.7,19.9,19.9,41.8,19.9,19.3,22.2,17.9,26.4,32.1,29.9,22.9,29.8,32.2,24.7,25.8,34.3
18.1,24.8,38.1,34,19.9,28.4,26.5,24.1,31.6,28.6,36.3,27.2,13.9,32,30.5,15.7,21.3,19.1,23.5,33.5,23.1,4.1,19.2,21.8,28.4,22.1,20.3,38.4,17.3,20.7,29,16.8,29.2,25.1,30.3,26.7,24.8,22,26.4,25.8,32.9
28.5,22.8,31.1,30.4,19.1,35.2,21.9,25.3,32.3,31.2,40.4,28,16,33.9,27,14,30.2,24.8,25.6,33.2,26.2,5.9,19.9,21.8,21.3,19.9,19.9,29.5,16.6,21.2,32.3,16.5,30,23.5,31.6,23.4,23.6,26.8,28.1,20.5,27.4
26.1,24,29.4,30.1,20.5,36.3,27.3,25.1,32.5,28.5,32.5,28.6,18.7,33.3,27.7,12.3,22.6,22,32.2,34.5,19,7.4,15.7,20.5,22.1,20,22.7,30.7,27.4,17.8,20.1,18.6,24.2,27.7,30.7,23.2,23.8,18.8,26.7,20,29
18.6,22,29.2,30.9,21.2,28.9,28.9,26.1,28.2,29.1,28.9,29.9,15.7,33.8,28.2,18.4,26.8,29.9,34.8,34.1,19.2,6.2,19.3,20.5,20,20.9,19.4,33.8,19.4,17.1,27.5,18.1,24.7,29.5,30.7,19.4,25,24.4,23.4,23.1,25.9
18.7,21.1,28.9,34.5,18.2,18.6,25.6,23.9,28.2,30.3,26.1,32.5,14.6,33.6,28.9,10.1,20.8,18.3,32.4,32.6,21.6,0.1,18.2,21.5,23.4,19.3,19.5,37,17.3,18.7,20.3,17.9,24.6,29.6,31,27.8,25,29.3,22.5,24,28.9
25.3,24.5,31.6,34.7,18.6,25.3,22,24.1,30.3,30.6,30.9,26.2,11.4,31.8,29.9,14.3,21.4,18.9,24.9,24.6,31,-0.8,18.9,22.5,27.4,18.6,18.8,37,17.2,18.7,18.9,16.8,25.2,32.2,30.4,25.2,26.6,25.6,25.9,19.3,33.1
21.2,31,30.7,34.6,21.2,26.9,22.2,21,30.7,33.4,30.7,23.7,10.9,33,32.3,15.8,20.8,20,24.3,23.2,22.4,0.3,20.4,20.8,31.6,15.8,16.5,29.7,16.6,19.7,19.9,19,25.5,29,30.1,23.8,30,23.2,30.9,20.5,35.6
29.7,21.6,32,35.2,16.5,17.3,28,24,31.8,27.4,28.6,24.3,13.8,32.9,32.7,9.5,23.7,17.6,24.5,24.2,23,1,18.1,20.6,33,16.7,18.4,30.3,17.5,21.3,21.4,19,26,34.4,30.8,22.7,23.8,22.5,28.4,18.7,36.9
17.4,22.4,33,34.1,20.6,23.5,30.6,23,31.7,38.2,27.1,25.9,13,33.9,29.2,14.5,22.7,28.4,32.5,30,27.2,3,17.2,20.9,35.5,17,19.5,32.8,19.5,22.6,21.3,20.4,27.4,28.1,31.7,28.9,26.3,17,28.8,19.3,38.8
16.1,23,26.4,28.6,19.6,21.6,29.7,26.6,32.2,39.8,28.5,29.5,13.9,34.8,25.8,17,25.7,26.2,30.9,27.5,20.6,2.1,18.6,21.5,29.1,19.3,20.7,32.5,16.8,23.8,20.4,19.4,29,22.4,30,23.4,29.6,17.4,25.8,17.3,38.9
18,26.2,28.9,27.5,21.3,15.7,25.1,27.8,31.9,34.9,29.2,31.7,14.5,34.6,27.8,14.5,28.1,22.8,22.8,25.4,21.5,3.6,17.7,20.3,24.4,20.3,24.1,35.3,16.8,22.6,19.3,19.1,30.9,24.8,30.4,26.1,27.5,20.9,23.6,17.6,34.7
22.8,21.8,25.5,28.9,22.6,26.2,22,27.3,32.7,30,33.2,29.9,14.4,34.1,27.2,17,23.1,26,29.2,30.6,24.1,-0.6,15.6,18.8,20,22,23.9,32.5,17.1,22.9,21,21.5,25,28.1,31.3,24.8,29.2,24.4,27.5,19,28.3
27.9,19.8,31.4,31,22.6,18.4,20.2,28.1,31.4,31.5,33.1,32.4,14.4,30.8,26.6,12.9,21.8,29.9,32.4,31.8,23.4,1,18,19.3,21.6,23.2,24,33.7,15.3,19.4,25.3,18.9,26,32.1,30.8,24.1,27.1,27.2,26.1,16.1,27.4
23.1,22,33.7,35.3,19.3,17.8,28.2,21.9,31.1,20.7,35,27.3,12.6,33.9,28.3,9.8,24.3,32.3,33.2,26.2,23.5,1.7,19.2,20.8,23.4,22.6,20.9,35.1,12.7,16.7,20.8,18.7,25.5,29.2,31.6,25.3,27.5,21.8,30.4,15.7,26.5
29.9,24,26.9,30,20.4,16.3,28.1,21.1,31.5,31.1,36.2,25.8,13.4,34.5,29.3,13.7,22.3,26,26.5,23.7,30.4,2.5,21.1,21.1,22.1,17.2,18.3,39.5,12.5,17.8,17.4,20.3,29.6,25.7,31.9,26.6,22.8,18,25.9,20.2,30.9
32.1,23.5,29.3,25.4,17.6,15.6,20,23.5,32.2,39,24.5,25.2,14.7,32.4,28.1,17,23.6,18.2,31.1,23.1,39.6,3.7,16.7,20.4,23.4,19.9,17.5,34.4,14,17,20.1,21.9,26.9,23.4,31,23.4,26.6,17.6,23.9,16.8,35.5
22.2,21.8,31.9,25.7,15.8,17.8,29.4,28.1,31.3,36.7,31.5,26.6,11.4,35,29.4,15.3,18.3,18.1,27.4,23.7,24.6,6.6,17.9,19.6,32.2,18.1,20.7,34.3,13.1,17.6,17.9,19.1,27.5,26.2,30.6,27.5,21.2,16.9,27.6,17.1,31.8
17.8,21.7,31.4,29.2,18.2,18.7,30.2,28.3,32.3,29.6,30.4,28.8,14.2,33.2,26.8,10.9,18.2,22.8,27.7,19.5,28.7,4.9,16.3,19.5,20,20,17.2,35.8,13.1,19.7,16.7,15.5,21.3,24.4,30.9,29,20.5,13.5,28.6,17.8,27.7
22.6,20.7,30.6,24.4,18.8,23.7,23.8,29.4,32,34.4,25.1,28.6,15.2,32.9,28.7,11,21.4,29.5,25.7,20.5,26.2,3.6,15.7,19.9,29.5,20.5,17.6,36.9,15.4,20.3,14.7,14.5,23.1,23.4,30.5,25.3,22.7,15.2,21.2,17.5,25.9
22.7,21.4,34.4,33.3,20.3,24.9,21.7,22.6,31,36,24.1,27.6,15.8,34.9,30.7,14.8,24.4,24.1,21.4,21.7,17.5,8.7,18.9,18.9,26.9,20.1,18.7,36.7,13.9,18,16.5,13.2,25.3,26.8,31.2,24.7,22.5,14.6,22.6,19.1,29.9
20.8,23.3,31.6,33.2,20.7,23.8,20.9,19.3,31.6,33.2,22.7,27.5,15.2,35.4,33.2,17.8,24,23.5,20,22.3,19.4,1.1,13.5,19.7,24.6,18.1,15.5,36,13.8,15.1,14.8,13.8,24.6,29.7,31.4,26.8,22,14.6,24.2,21.3,33.4
24.3,24.6,35.4,27.2,17.9,20,25.5,22.2,32.1,32.9,28.5,27.3,15.9,32.9,32.1,18.6,26.4,18.9,21.4,23.6,21.1,-2.1,12.6,17.8,29,18,17.9,38.7,13.6,14.2,14.8,14.4,24,28,30.5,24.9,21.3,10.4,17.5,24.1,32
33.8,21.7,38.2,25.4,17.4,16,27.5,22.9,33.4,31.3,30.4,27.9,16.7,33.1,30.8,11.9,21.1,17.2,21.1,24.2,19.8,1.4,14.8,18.9,25.3,14.8,17.5,38.1,14.6,16.8,9.4,13.4,21.5,25.5,27.2,21,21.1,12.7,20.1,23.6,31.2
27.8,19.8,36,25.1,17.6,25.1,23.1,23.9,31.4,32.5,30.5,27.1,14.9,35.3,28.4,11.4,22.6,17.4,23.7,24.3,20.5,-1.5,17,18.4,20.9,17.7,18.4,35.6,17.6,17.2,16.5,14.1,23.3,19.9,30.1,22.3,18.3,15.1,19.7,23.1,30.8
25.3,18.8,23,25.3,14.4,26.8,25.2,25.3,32.7,27.9,31.6,26.4,17.4,35,28.5,14.3,22.3,28,27.1,24.4,21.6,-1.2,18.7,18.9,22.2,17,15.7,33.1,20.1,16.5,13.4,13.7,25.9,20.3,24.7,21.9,18.3,13.2,19.9,14.5,21.1
29.5,19.6,21.5,27.1,13.5,26.8,18,20.8,32.1,29.1,28.2,23.4,13.3,33.8,27.1,13,22.4,22,29.9,18.5,26,-2,16.2,19.1,19.2,16.2,17.5,35.1,20.3,15.6,14.1,14.8,28.7,26.7,28.1,19.6,16.3,14.3,20.2,16.8,23.4
20.2,24.4,27.3,29.1,16.6,19.5,19.1,23.7,30.7,25.9,23.6,25.5,15.4,33,26.7,17.1,22.2,17.2,21.1,15.5,32.8,-0.1,17.6,20,15.7,15.6,18.5,36.4,17.7,16.8,17.8,12.3,25,21.2,30.5,25,18.1,14.4,20,17.5,22
18.9,20.6,29.4,29.8,16.6,25.6,19.5,22.2,31,25.2,22.5,26.4,12.7,33.5,25.7,17.4,26.4,17.9,20.5,17.9,30.6,-1.1,16.4,20.4,17.6,16,21.5,28,13.7,17.3,17,18.7,27.9,20.5,30.8,21.1,15.9,15.8,20.4,18.1,23.2
23.5,17.7,29.7,19.2,16.1,19.2,22.8,22.6,31.6,26,20.7,26.5,12.1,35.1,27.6,13.9,20.3,17.1,19,18.1,23.9,-1.5,16.6,18.2,27.5,18,23.3,28.7,12.5,17.9,16.1,22.1,27.9,19.8,31,19.7,11.5,16.3,19,17.9,22.7
25.1,25,24.8,20.5,13.9,16.9,21.9,26.6,29.8,34,19.9,24.7,12.3,34.9,26.3,16.3,22.3,16.6,19.6,20.8,20.4,1.7,14.7,18.1,20.1,19.1,20.3,28.6,11.9,18.9,20.1,15.5,22.3,18.5,31,24.5,11.6,17.7,22.2,18.6,25
27.2,19.4,28.5,22.1,16.8,16.7,19,27.1,29.9,30.7,21.1,25.1,11.6,35.1,24.9,18.2,16.6,14.2,17.9,19.4,18.2,0.2,15.9,19.4,17.8,21.3,17.5,28.3,14.6,18.8,17.1,14.7,25.3,19.3,30,25.2,13.6,19.4,19.9,21.2,22.3
34.8,18.1,28.6,21.4,17.5,25.9,17.8,26,31,19.5,21.8,25.6,13.3,35.6,25.6,18.5,20.1,16.3,20,23.1,18.3,2.9,19.1,19.5,16,15.9,17.7,31.1,12.9,21,13.6,12.9,25,17.6,31.4,18.5,13.6,18.7,20.5,17.2,24.7
38.2,21,29.2,21.3,17.5,17.7,16.9,27.4,28.9,23.9,20.8,23.4,12.5,34.4,24.8,10.5,19.8,14.8,16.6,22.6,20.5,0.1,18.3,19.3,18.3,19.7,19,35.4,14,15.7,14.8,18.8,24.9,17.5,31.6,18.6,11.2,13.8,14.6,17.1,29.8
30.2,17,29.2,20.8,18.7,14.9,15,26.5,31.7,25,18.6,22.6,13,34.4,24.9,11.7,20.8,13.9,15.5,21.3,25.7,4.4,19.9,19.9,16.2,19.9,19.5,33.8,14.2,18.1,14.4,19.9,24.2,21.3,32.2,15.6,15,12.6,17.6,14.9,28.5
33.1,21.5,29,21.1,19.1,14.6,13.8,26.5,31.4,24.2,18,23.5,12.6,33.1,22,13.6,21,12.7,15.9,22.5,28.5,-0.3,22.7,17.3,18.3,18.2,22.7,32.7,18.4,17.6,15,17.7,30.7,16.4,31.8,14.7,20.8,14.3,19.3,12.8,25
32.5,16.9,25.7,19.8,20.5,14.6,17,25.7,28.3,25.8,15.5,22.3,13.9,32.2,22.5,16.9,19.4,15.3,18.5,23.9,28,1.5,21.6,17.3,17.4,17.7,19.4,31.2,15.6,16.3,14.2,17.6,22.8,16.4,29.7,17.1,17.9,14.6,19.4,16.3,16.6
20.6,18.6,22.5,19.2,19.4,20,16.3,23.3,31.3,27.7,16.9,22,12.7,34.2,23.6,16.1,17.3,15.9,18.4,18.9,22.1,3.7,23.4,18.3,14.2,17.5,18.3,29.7,14.9,17,15.3,20.9,20.4,17.1,29.1,13.6,22,13.9,18.8,16.1,20.1
24.2,18,28,17.3,17.7,22.5,16.4,23.5,30.5,30.9,16.1,22.6,12.9,32.5,24.4,23.1,15.2,12.6,16.3,19.1,17.9,4.4,24,19.1,17,18.3,19.3,29.7,11.7,17.7,15.4,18.6,24.9,17,29.7,15.1,23.3,14.7,19.4,14.7,19.4
21.7,19.5,29.2,20.2,18.6,23.8,13,26.4,31.1,31.5,18.2,21.6,9.6,32.7,22.3,23.2,14.4,13.9,18.1,16.5,18.7,4.3,17.8,19.6,14.1,20,22,32.1,11.3,19.9,15.6,20,19.4,21.4,27.1,13.6,13.9,18.8,19.8,15.9,18
22.5,19.4,29.8,19.8,19,16.7,14.6,26.2,30.8,27,18.6,19.5,11,32.5,22.5,17,15,14.8,22.1,11.7,18,3.8,18.1,19.1,14.7,21.2,24.3,34,13.4,20.4,15.4,21.6,21.7,16.1,26.7,14.1,13.6,16.5,20.1,16.1,20.7
21.4,21.4,30.9,21,18.7,16,14.1,26.1,31.5,25.1,23.5,20.2,12.6,32,23,24.2,15.1,16.1,24.7,15.6,20.5,7.3,17,18.5,16.1,16.6,21.8,35.6,14.4,16.5,17.8,13.3,26.5,19.4,29.6,10.4,14.8,12.2,19.8,16.6,20.2
17.6,21,24.8,26.7,16.3,15.4,16.2,26.4,33.3,25.6,24.6,21,14.6,31.3,20.3,14.8,13.5,18.1,25.4,17.7,30.8,9.4,17.2,17.6,15.2,17,18.8,34.8,14.3,16.7,11.8,19,21.1,19.4,28.7,15.3,14.8,10.8,16,16.9,18.1
19.1,21.5,22.8,27.5,16.3,14.2,18.3,28,32.3,26.8,22.6,21.6,13.2,33.2,22.7,15.5,9.6,20.2,19.9,12,34.2,7.8,18.4,17.6,14.5,18.1,23.1,34.9,12,16.8,13.2,16.1,22.3,21.6,29.1,18.6,20.5,13.5,17.5,18.2,18.9
21.6,17.4,23.4,27.9,18.3,11.6,14.6,27.9,31.3,20.8,17.8,21.1,14.7,34.5,23.2,17.8,13.4,16.3,16.5,15.4,22.7,3.3,17.1,19.9,22.7,17.7,23.9,33.9,15.1,18.4,12.8,16.2,23.1,22.7,29.3,15.3,12.6,14.5,16.8,17.6,16.6
25.5,16,22.3,28.3,18.1,13,15.8,29.5,25.8,20.1,12.3,22.2,14.1,35.2,19.7,19.9,13.6,13.2,14.7,19.2,17.7,0,18.8,19.1,13.2,18.6,25.3,32.9,14.4,16.9,14.7,15.5,27,24.1,28.7,13.6,10.3,14.3,17.4,18.3,18.1
33.3,15.7,22.1,20,19.5,11.5,14.4,25.2,28.8,25.5,10.8,20.6,13.5,34.9,21.1,12.5,17.9,13.4,13.1,15.6,18.8,0.9,17,18.6,11.8,11.5,28.2,32.4,11.8,15.7,15.1,17.5,18.9,23,28.1,13.3,11.8,14.4,17.4,19.7,24
31.7,17.6,25,19.1,20.6,12.3,14.1,27.5,27,25.7,14.1,18.8,14.2,33.9,23.4,18.7,18.9,13.7,13,17.7,26.4,5.9,17.7,19.1,12.9,15.9,25.9,24.6,14.8,17.9,14,23.3,21.9,18.8,28.1,14.7,11.4,12.9,18.4,20.6,24.2
21.4,18.2,25.3,18,16.6,12.4,14.8,25.5,29.3,27,15,21.8,17.3,34.6,23,11,14.9,17.6,14.7,20.6,29.9,6.9,16.8,18.6,12.6,15.6,26.9,26,15.5,15.2,14.3,19.1,21.1,17.2,23.9,15,9.3,13.2,17.9,15.6,17.6
21.3,18.5,28.7,16.4,16.9,12.6,13,25.1,28.5,25.1,12.6,20.6,19.8,33.1,20.5,10.9,16.7,18.8,14.8,14.3,22.9,5.6,17.4,18.1,14.8,14.6,21.7,26.7,15.1,15.6,14.1,20.1,21.7,17.6,27.7,15.6,15.2,15.4,18.8,18.1,17
29.6,18.5,27,17,16.4,12.1,16.9,26.6,28.2,23.9,19.6,19.5,23.1,32.7,18.5,16,18,16.9,15,19.7,23.3,6.6,19.7,16.9,14.1,16.4,23.1,26.9,14.6,15.8,12.4,19.5,21.6,16.8,26.1,15.5,15.2,16.7,18.6,18.9,14.6
31.2,18.9,27,18.6,17.2,10.2,18.2,26.6,32.5,22.3,21.2,19.4,16.1,32.8,14.5,12.2,19.2,15,16.6,21.4,20.4,3.1,18.5,17.7,19.7,18.8,27.4,25.7,14.8,19.3,17.4,21.2,15.4,18.8,25.5,17,16.3,16.8,18.6,21,14.1
36.9,17.6,28.2,18.6,16.6,10.6,15.9,26.4,30.5,21.7,19.3,20.1,13.8,32,18.5,17.4,16.1,12.1,17.5,20,19.9,1.7,21.2,18.6,15.2,13.9,29,23.4,17,15.4,17.3,28.9,19.7,20,26,16.8,17.3,13,18.5,17.5,15.4
28.6,15.5,29.3,19.2,16.1,14.6,14.8,27.4,29,20.5,16.6,19.1,14.7,32.8,20.7,20.5,12.2,10.6,20.2,21.5,20.5,3.3,20.1,19.8,15.2,14.4,25.8,29.9,13.1,13.7,10.1,27.1,19.5,19.9,25.4,13.4,11.3,15,17.2,16,17.1
26.1,16.3,26.9,23,17.3,17.2,15.1,26.7,27.6,20.7,16.5,20.9,13.9,31,20.3,26.8,14,12.9,17.7,19.8,23.2,12.9,23.1,19.3,13.5,20,20.5,25.6,14.8,16,13.6,23,18.6,19,27,11.1,12.5,15.7,20.2,17.7,17.6
29.6,19.8,28.4,25.6,17.9,17,10.4,26.3,30.7,24.4,16.5,21.5,15.5,34.2,21.5,18.2,15.3,13.5,17.5,20.1,28.7,13.9,18.2,20.3,11.4,18.2,21.1,23.6,12.4,14.3,15.9,20.5,18,20.6,27,9.2,13.3,14.6,20.1,19.2,20.9
28.7,18,28.2,18.2,11.3,14,13.1,28,30.7,26.6,11.4,20.1,13.6,33.1,22.1,19.6,11.8,13.8,14.5,20,20.4,10.2,20,19.9,12.1,19,23.8,23.3,12.2,18.6,18.5,22.4,16.9,18.2,27.2,9.3,10.9,16.1,17,20.3,24.8
30.9,18.5,25.9,13.1,14.8,12.2,13.5,27.3,30.6,27.3,14.2,20.1,16.8,34.1,21.1,18.1,13.5,13.2,15.8,23.4,18,11.2,16.8,17.9,12.5,20,28.2,22.9,13,18,16.8,20.9,17.3,15.3,27.1,12.7,10.8,17.2,20,15.8,18.6
32.1,21,26.3,11.3,15.7,8.8,15.3,25.5,31,28.5,16.2,19.1,15.4,32.3,20.4,18.9,15.2,13.4,13.3,17.6,19.2,10.2,20.6,17.1,10.1,19.1,30.7,22.3,11.1,16.6,15.4,22,18.7,14.3,28.6,13,14,17.3,17.8,16.5,16.6
25.5,22,25.9,14,15.1,10.4,14.8,26.9,31.4,26,14.6,18.2,16.1,32.7,21.1,24.8,14.4,14.3,15,13,17.1,8.4,19.5,17.1,12,23.5,27.5,24.8,13.3,19.1,14.7,25.3,19.9,15.6,28.8,12.5,15,16.8,16.7,18.4,15.9
32.1,17.6,26.8,14.5,16.8,11.4,14.8,24.9,30.8,28.9,18.2,16.9,14.4,33.7,22.3,19.7,13.1,15.6,15,14.6,17.2,7.7,23.8,15.2,14.5,22.1,20.7,23.1,12.3,20.4,16.8,24.1,19.1,15.7,27.3,12.8,15.8,14.2,15.7,16,13.2
26.9,20.6,20.1,15.8,19,12.3,15.5,24.3,31.4,23.8,19.8,17.8,15.8,33.5,20.2,22.7,11,13.6,15.4,15.7,18.2,9.1,17.8,16.3,15.8,18.2,19.3,25.4,12.7,23.3,15.1,21.3,20.1,16.9,25.1,13.7,16.6,14.2,15,15.2,13.9
23.9,15.5,22.1,16.7,14.2,11.5,13.6,26.1,31.7,26.5,16.6,15.6,18.1,33.2,22.7,17.7,10.9,15.9,15,15.7,22.7,9.6,19.4,16.7,13.1,18.3,23.3,18.2,13.1,23.9,15,18.6,18.6,17.3,26.2,14.5,16,13.7,14,16.8,13.1
27.1,16.6,24.2,20.5,17.8,11.8,15.6,28.3,31.6,28.8,16.3,18.2,19.3,33.2,22.6,17.8,13,15.6,14.6,13.1,25,11.1,14.4,17.9,14.7,18.2,21.9,21.9,10.5,26.1,13.3,15.3,17.7,18,25.5,11.9,17,11.5,14.2,18.9,14.6
28.6,12.8,23,20.1,12.7,14.2,14.1,28.9,31.7,20.6,15.7,18.4,18.3,34.3,22.7,14.3,12.6,11.3,16.7,13.9,17.6,10.1,17.2,17.6,15.8,18.9,22,22,12.8,23.4,15.6,15.8,20.5,16.6,25.2,13.6,16.9,14.3,14.8,13.8,15.5
37,12.4,24.7,22.3,14.3,16.2,16.7,30.7,30.8,20.8,18.8,20.4,20.1,33.7,20,12.6,15.5,15.4,16.8,19,17.8,4.9,19,17.7,11.3,18.9,24,19.9,13.8,23.8,14.8,18.1,15.5,19.1,25.7,14.1,14.3,12.6,15,14.2,17.7
29.2,13.6,25.7,21.2,18.5,14.7,11.4,30.2,31.9,20.8,13.9,18.4,15.2,34.2,20.3,14.9,9.2,16.7,18.1,13,18,6.6,16.1,18.1,16.3,18.9,27.3,20.8,11.8,17.7,11.3,18.3,18.5,18.8,26.6,13.6,15.8,12.9,15.7,14.4,17.7
32,14.2,25.8,17.6,18.2,14.3,11.3,32.1,32.1,19.9,14,19.2,15.2,33.7,20.7,21.5,8.2,16.1,18.2,14.5,16.9,3.9,22.2,19.4,16,20.2,28.9,21.1,11.1,15.8,13.8,22.1,16.7,20.3,26.7,9.2,11.7,14.5,14.9,15.8,16.3
27.3,14.5,20.4,19.7,19.3,12.5,14.2,31.3,31.8,21.2,16.4,21,16.3,33.8,20.7,22.8,14.9,13.9,20.5,13,16.8,0.3,25.5,19,13.7,12.7,32.6,23.1,13.4,17.8,12.8,27.2,17.2,21.6,26.5,11.5,11.5,14.2,18.4,19.1,20.2
32.5,15.1,22.3,23.6,21.9,12.4,15.3,30.6,29.9,20,16.9,18.2,13.3,30.8,22.9,21.4,14.4,16.1,13.2,18.9,14.6,2.7,20.1,19.5,13.8,17.8,20.6,25.3,16.3,17.5,13.3,23.4,17.4,19.5,21.3,13.9,11.7,12.3,17.1,14.4,21
29.6,16,21.9,22.4,24.2,8.7,15.1,30.4,30.4,21.1,17.9,22.4,15.7,34,22.7,17,12.5,16.9,15.3,19.6,15.9,16,23.7,18.9,16.1,15.8,21.5,25.6,14.5,18,13.2,26.8,19.3,18.7,24.3,14.8,8.3,12.2,16.4,16.5,15
32,18,19,21.3,16.4,7.1,14.6,28.1,29.5,22.6,20.6,20.3,21.3,31.9,22.2,25.5,14.3,16,17.1,18.6,14.5,3.7,23.2,17.3,19.7,19.5,26.5,21.9,17.5,18.2,12.4,22.8,18.9,19.4,24.6,14.1,9.7,12.7,17.8,15.4,14.9
42.9,17.7,16.8,22,17.8,9.2,16,23.1,29.1,20.4,18.7,17.1,16.8,32.2,21.5,13.7,11.2,15.8,18.1,23.4,14.2,8.9,20.6,16,16.5,17.8,24.9,21.2,18.5,18.6,15.3,24.7,17.3,18.1,23,10.1,10.4,14.2,17.7,15.3,19.4
33.2,18.2,16.8,21.4,17.8,11.1,14.3,26.2,27.6,17.5,19.4,18.4,12.4,35.1,21.5,13.5,13.9,11.8,20,23.4,13.7,14.1,30.1,18.5,14.7,17.7,21.4,19.8,18.9,19.6,12.4,23.1,20.2,16.9,25.1,13,10.7,17,18.5,14.3,20
32.7,17.5,15.2,21.6,17.7,12,14.6,24.2,26.5,20.3,18.8,17.5,13.8,34.1,19.9,17.6,12.7,14.5,16.9,22.4,15.2,14.1,18.6,19.6,12.2,19.9,28.3,19.4,13.6,14.3,12.1,24.8,16,18,24.5,9.7,10.5,15.2,18.9,18.4,20.9
34.5,16,11,23.2,17.8,12.1,15.9,25.1,27.4,21.7,15.7,16.3,13.2,34,20.6,19.4,13.1,13.9,17.3,19.4,14.7,7.7,17.6,19.9,12,23.8,30.9,17.2,13.8,18.3,14,16.2,17.2,16.8,26.2,10.7,11.8,18.5,17,19.4,22.8
22.4,18.6,14.1,24.8,18.8,10.4,12.6,27.5,25.3,21.7,15,18.6,14.3,35.8,20.8,16.9,16.2,11.1,20.1,16.4,14.3,8.5,18.4,19.4,12.9,19.9,34.2,18.8,14.7,17,13.1,18.9,15.6,19,24.4,11.8,13,18.5,16.2,20.1,22.3
22.7,16.6,13.7,25.1,18.9,13.1,11.8,28.4,27,22.2,12.9,21.1,14.3,32.9,20.9,20.3,12.7,11.7,15.7,18.5,13.6,0.6,22.3,19.7,11.2,21.8,23.1,19.7,12.7,23.2,10.1,23.9,17,20.8,25.6,11.7,15.5,20.2,18.4,20.9,22.8
28.3,20,11.2,22.1,17.5,10,10.8,29.6,27.5,23.7,12.1,23.3,17.4,34.2,19.7,16.6,14.5,13.6,16,15.5,14.8,0.1,20.8,19.9,11.6,18.4,22.7,18.3,14.1,22.1,12.5,19,14.9,17.9,25.7,11.1,13.5,22.2,17.3,23.6,16.8
33,19.2,15.8,19.8,15.5,10.3,9.4,32.1,27.9,24.7,14.9,20.6,15.6,32.2,22,18.8,12.4,13.4,13.5,19,14.8,3,20.9,19.7,11.5,21.2,29.7,20.3,15.4,18.6,15.9,21.9,14.4,17,26,11.1,11.4,21,15.5,22.3,17.4
37.5,19.5,17.9,22.3,19,11.8,12.1,30.7,29,25,12.9,17,15.3,33.4,22.5,19.1,8.7,12.7,12.9,21.6,22.2,8.8,16.1,18.2,11.4,24.3,24.3,20.6,14.4,20.4,19.2,20.7,16.3,18,26.4,11.9,11.6,18.3,17.7,18.7,15.2
22,20.5,16,18.1,17.7,12.4,12.7,29.3,28.8,17.1,14.6,20,18.5,31.9,22.7,22,12.6,13.5,13.9,22.1,18.1,8.9,17.3,19.2,10.3,25.5,29.5,19.8,13.7,23.8,21.5,21.3,17.8,17,25.4,13.1,18.4,14.7,16,16.5,14.2
25.8,19.5,18.6,16.8,17.6,9.8,11.3,24.8,29.5,19.2,9.6,18.7,19.4,31.4,21.6,15.9,13.6,12.5,12.8,23.4,12.8,6.5,20.2,19.3,8.9,27.4,30.3,18.2,16.4,19.2,22.5,26.6,13.5,17.2,25.2,13.6,16.6,13,18.2,15.5,14.9
32.8,16.8,20.5,16.6,17.6,11.4,12.4,26.8,29,14.2,13.7,16.1,25.2,32.7,21.9,18.5,13.7,13.8,11.4,23.4,14.7,11,18.2,18.6,11,21.3,38.8,20.1,18.1,21.3,25,22.1,17.2,17.3,25.4,11.9,9.7,11.8,18.4,17.1,16.2
33.1,17.4,22,17.9,21.7,13.1,13.6,27.3,25.4,17.9,14.1,16.4,18.1,31.3,24,20.9,10,12.2,11.6,14.8,14.5,8.4,23.5,19.8,11.7,18.6,32.7,20.7,16.9,18,12.6,22.3,16,13.6,25.3,11.4,12.2,12.6,17.1,17.1,15.1
30.9,21,15,12.5,21.8,11.7,11.7,27.8,24.6,19.5,14.4,14.8,24.9,31.6,21.1,20.9,13.4,13.3,13.9,19.5,14.5,13,20.5,17.8,11.2,20.2,24.7,20,18.1,23.4,14.8,20.4,14.8,13.4,26,11.9,13.1,17.5,17.3,15.9,11.3
22.5,13,14.7,22,18.5,13.1,13.8,28.6,25.4,19.8,11.5,20.8,13.8,31.1,21.6,23,14.4,11.2,14.6,20.3,13.5,14.2,20.8,18.8,13.1,23.9,27.4,20.7,20,25,12.3,23.4,19,12.8,26.2,12.8,15.1,19.9,17.5,17.1,11.2
22.6,14,14.9,19.6,17.4,13.7,11.6,29.6,27.1,21.2,15.1,18.9,13.2,30.8,21.4,15.2,12.3,14.4,14.9,22.1,14.5,14.3,19.6,19.3,11.1,30.5,30.5,23.1,20.3,26,12.5,25.6,16.9,16.4,24.5,7.4,16.6,17.5,18,15.3,14.4
22.3,16.4,13.8,19.8,20.2,13.8,10.3,28.9,27.9,22.5,17.6,18.4,16.5,30.7,21.5,19.7,12.7,11.3,14.8,23.9,15.5,14.6,19.8,19.3,12.5,30,33.7,20.4,15.2,19.7,12.9,27.5,18.6,16.5,24.8,12.1,18,17.1,19.5,16.8,16.6
24.6,19.8,13.9,19.9,24.2,13.1,14.9,28.8,27.1,16.8,16.9,20.9,19.6,30.8,21.5,21.3,13.1,13.6,16.8,16,18.8,18.1,19.2,18.9,12.1,32.4,37.2,24.3,14.6,15.4,14.2,23.1,18.1,14.4,23.6,14.1,14.7,19.2,19.9,17.8,15.5
30.2,19,14.8,20.6,26.1,9.8,13.6,29.7,26.3,19,16.6,18.1,23.3,30.1,22.1,26.2,11.7,12.7,19.5,19.9,15,17,24.9,19.6,16.4,27.4,25.2,15.6,15.1,17.7,13.8,28.2,18.2,13.9,26.3,14.1,21.4,18.4,16.4,16.2,15
33.7,15,19.4,22.5,20.7,8.5,16.1,33.5,26.2,19,16.1,18.6,14.4,29.3,22.9,17.1,14.3,14,17.7,25.1,11.4,18.3,20.5,19.9,13,27.4,23,18.2,13,19.9,13.3,22.1,18.2,18.6,26.8,15.4,23.2,18.2,15.2,16.5,17.2
34.6,16.2,19.8,23.6,18,9.1,15,31.2,28.9,18.9,20.1,19.1,15.3,31,21.9,19.2,10.5,18.7,15,22.3,12.1,17.7,22.6,18.6,14.6,24.6,23.2,17,12.3,18.7,14.4,28.2,18.5,18.7,25.4,15.6,14,18.5,16.4,17,20.5
35.4,16.8,17.6,26.7,16.2,8.4,12.9,29.8,27.3,13.9,21.5,20.8,12.5,32.1,22.3,20.1,10.7,21.2,16.7,22.1,12.1,19.9,24.3,20.7,15.6,25.5,23.6,16.9,13.9,23.2,12.7,35.6,19.4,15.3,25.5,14.5,16.6,20.4,17.8,15.9,16.3
31.8,21.7,18.3,27.9,17,9.8,14.3,28.5,24.5,15.9,23,21.3,15.2,32.7,21,22.4,11.2,12.7,20.7,22.6,13.1,4.5,23.2,20.7,18.6,16.2,26.6,16.4,14.1,25.5,18.1,23.2,16.7,19.9,25.5,17.4,11.5,15.8,18.9,17,18
22,18.5,14.8,28.6,19.1,9,15.6,29.8,25.7,17,23.8,21.7,15,32.1,21.8,21.1,14,13,20.5,21.9,12.6,13.6,24.1,20.2,17.2,21.9,35.5,17.3,18.7,23.9,12.7,26.1,14.7,20.7,26.7,17.3,12.7,16.9,20.8,18.5,21.6
24.3,13.4,12,28.4,23.4,8.8,14.3,29.4,25.3,17,26.3,22.1,22.3,27.9,21.5,17.9,11.4,12.6,21.3,23.4,13.2,11.4,31,20.5,16.7,20.4,26.2,16,21.8,29.3,15.3,15.4,18.2,20.4,25.4,21.1,16.5,17.5,18.1,19.6,28.8
24.3,24.9,12.8,23.4,28.7,10.4,18.2,30.4,25,16.1,26.5,23.3,18.9,29.6,20.8,18.2,16.9,11.5,26.7,23.5,14.3,9.6,21.4,19.9,20.5,18.8,24.6,16.3,17.3,26.5,16.6,17.9,18.3,21.9,26.2,21.1,17.8,14.3,14.6,18.6,23.6
26.2,16.7,9.8,26.9,27.8,10.2,18.6,30.5,24.7,16.4,25.2,20,18.9,30,21.1,18.8,14,14.4,27.7,26.9,13.8,15,18.4,19,24.6,19.4,29.8,16.5,13.2,23.3,17.8,16.2,16.9,22.5,26.1,18.6,15.4,13.6,18,19.6,18.5
34.6,19.4,10.2,28.9,26,11.3,15.5,31.4,26.6,16.9,23,17.7,17.5,31.4,22.2,21.3,15,13,27.9,14.9,12.1,15.1,20.4,19.7,14.1,19,33.1,14.1,13.2,18.7,17.8,20.7,17,25.9,24.7,13.1,17.9,14.8,17,18.4,17.2
22.1,17.1,13.9,21.5,26.6,10.5,14.4,29.7,26.2,14.1,20.1,17.4,14.5,31.2,21.5,20.3,16.5,17.1,14,14.5,13.3,12.3,24.5,22.2,12.1,20.2,31.3,12.8,12.7,16.4,21.9,21.7,16.9,24.5,24.5,12,15.7,21.5,17.3,16.4,19.8
21.6,17.6,16.1,20.8,31,11.8,11.7,30,26.8,15,20.5,17.7,14.6,30.4,21.6,20.8,15.4,14.4,17.4,16.8,14.4,14,26.1,20.1,11.2,18.4,28.8,17.1,13.5,21.4,17.7,25.6,15.2,20.5,25.3,15.5,19.8,16.1,16.4,18,18
26.8,18.5,15.9,23,18.1,11.8,15.4,30.7,26.6,15.4,21.3,20.2,20.3,29.8,21.2,16.1,13.8,14.2,15.4,18.5,11.7,20.5,21.4,20.2,15.5,22.1,26.8,20,13.1,19.8,14.2,27.3,16.2,16.9,24.5,12.4,9.7,14.2,18.4,16.8,21.2
28.3,17,16.7,25.4,20.9,10,16,31.8,25.8,13.8,17.2,19,25.5,30.9,20.4,23.5,17,17.1,14.1,21.4,14.1,19.6,18.9,20.7,14.9,21.6,34,22.1,16.7,18.8,18.3,26.4,20.7,19.1,25.2,16.2,18,15,18.4,19,22.4
27.1,18.3,16.9,25,16.2,10.1,11.9,31.3,26.9,14.9,14.5,20,15.8,28.8,19.8,24.1,15.1,17.3,13.1,26,14.9,19.1,23.8,21.4,15.9,23.7,32.2,18.7,14.8,18.2,15.8,27.4,20.9,15.2,25.5,17.8,17.8,12.7,19.3,18.5,16
29,19.2,12.6,27.3,19.6,11.5,16.8,32.4,26.7,15,16.6,19.1,19.7,30.6,22.4,19.9,10.2,19.1,18.1,27.8,14.7,15.1,19.2,21.7,15.7,22.9,35.5,18.9,14.7,19.1,18.7,27.7,15.7,17.1,25.2,10.4,16.9,14.7,20.7,18.8,17.2
24.4,19.3,12.5,30.7,18.6,12.5,18.1,32.4,25.7,12.4,23.8,17.4,25.3,31.8,20.1,20.8,12.9,18.2,16.5,30.3,15.7,18,24.1,19.4,12.8,22.7,31.2,18.8,16.3,19.3,21.2,26,17.3,17.9,24.9,15.1,18.4,13.7,19,20.2,21.4
27.2,21.8,11.8,19.8,16.3,9.8,13,30.4,23,15,25.4,19.6,31.2,29.3,22.6,23.3,14.1,19,21.5,30.3,16.4,11.5,30.2,21.1,15.5,21.7,39.9,19.2,25.4,21.8,13.8,28.7,16.9,17.7,25.7,14.1,21.3,17.6,18.5,17.9,25.5
24.6,17.4,11.6,22.2,19.1,14.4,12.5,26.8,24.6,13.6,23.3,19.5,22.6,29.9,24.9,19.9,13.6,21.1,20.5,27.6,16.1,17.1,25.8,20,17.3,25.9,36.7,20.2,15.1,21.3,15.5,24.2,16.1,18.4,25.1,15.4,19.5,18.2,15.6,16.9,18.4
22,16.4,11.1,22.9,18.9,16.6,18.7,29,24.1,13.6,19.9,19.3,13.9,29.7,22.1,31.2,11.4,17.1,17.3,28.8,15,18.1,26.4,18.9,19.8,29.5,40,18.6,24.4,23.9,13.1,33.4,17.2,17.2,25.5,14.6,18.3,21.3,17.8,13,22.9
18.1,15.2,13.1,24.5,19.2,18.6,17.9,30.2,25.6,12.9,19.9,17.9,14.9,31.4,21.3,19.6,12,14.9,15,30.2,17.7,18.9,23.8,20.8,20.1,30.7,28.9,18.9,12.7,23,14.5,31.8,17.1,17.5,27.2,16.8,16.7,25.4,15.5,16.8,24.4
18.7,15.5,15.5,24.9,21.9,16.2,16.5,28.9,24.7,7.7,21.8,20.2,19,34.2,22.5,25.1,16,15.1,16.8,17.9,12.3,15.7,30.6,22.1,15.6,34.5,31.7,19.8,14.8,22.1,17.1,24.8,16.4,16.8,27.5,19.8,15,20.5,17.8,18.1,21.6
26,15,15.7,26.1,21.3,10.8,16.8,31.8,26.2,12,25,21.7,26.1,32.7,22.3,24.9,16.9,16.9,20.6,20.9,15.3,20.4,24.3,21.4,15.6,19.9,36.4,21.7,20,18,20.7,23.3,18,19.9,29.7,19.7,16.7,27.9,18.8,16.8,25.2
29.1,16.2,16.4,28.3,22.6,11.6,21.3,28.8,26.6,13,26.4,17.4,23.7,33.2,21.2,20.7,15.9,20.3,21.1,21.4,13,15.2,19.6,19.5,14.5,17.8,39,18.6,23.9,21,19.4,26.4,16.7,21.9,26.2,17.3,18.2,16,14.7,22.1,27.4
20.3,15.6,15.2,32.1,23.3,10.3,14,28.7,26.9,11.5,27,20.9,15.7,32.6,22.9,22.8,18.5,19.8,21.4,17,11.6,9.9,22.9,22,15.2,25.4,34.7,20.3,13.9,22.1,19,27.1,18.3,17.4,24.1,16,20.2,20.5,14.2,25.6,31.1
17.6,22.6,16.6,29.1,21.4,14,16.1,31.3,26.9,13.3,20.9,22.7,17.2,32,25.1,21.2,16.5,20.7,23.1,18,13.4,9.7,25,21.3,17.1,28.7,36.5,21.8,12.4,25.1,24.3,30.5,21.8,18.8,25.8,17,20.8,23.4,17,18.8,25.5
20.6,25.1,15.2,28.6,21.2,9.9,14.2,35.3,26.7,15,15.1,20.7,16.6,32.8,20.2,24.5,16.2,15.5,24.6,21.3,11.7,13.7,21.5,21.2,18.1,24.3,28.5,20.1,14.2,28.4,14.6,33.2,20.1,19.1,26.2,18.7,14.7,18.8,18.5,20.3,20.5
19.3,15,14.1,27.3,25.9,13.8,18.9,34.5,25.7,12.1,17.2,20,24.9,33,24,24.1,16.8,14.9,19.1,22.7,13.2,15.9,18.6,20.3,21.6,23.7,25.1,20.4,22,29.7,19.6,37.6,18.8,16.8,25,16.4,15.4,16.2,20.2,21.1,18.8
18.3,17.7,15.2,30.1,26.5,15.5,18.7,28.4,25.4,13,18.8,21.1,32,33.1,25.5,22.9,14.2,14,20.8,18.2,14.1,20,18.6,20.1,15.6,27.1,30.5,20.9,17.7,29.7,25.6,22.5,24.6,21.7,25.6,18.5,15.7,21.9,23.4,24.1,18.5
17.5,21,14.8,28.9,20.6,11,19.5,27.6,26.3,15.3,22.6,19.9,29,32.7,25.5,21.9,14.1,14.2,18.9,16.6,12.7,21.3,20.5,21.4,13.3,18.1,36.6,20.7,16.5,32.7,14,24,16.7,22.6,27.3,19.7,23.4,21.4,19.6,25.8,19.8
19.2,21.9,14.8,22.2,22,15.9,19.3,27.7,26.4,14.4,26.2,20.7,27.6,31.7,27.2,21.6,13.8,16.3,17.3,24.1,9.8,10.7,23.4,21.5,13.6,29.4,36.9,17.3,17.7,20,15.8,20.3,17.3,27,26.5,15.1,17.8,20.5,17.9,19.2,25.2
20.7,15.8,11.2,21,24.9,14.8,15.3,29.3,26.5,13.1,30.5,20.8,29,31.9,30.9,24.2,14.9,25.4,28.7,28,14.7,10.7,30,22.5,14.6,37.4,25.1,16.9,16.1,15.5,14.3,26.9,19.8,17.8,25.5,14.1,22.8,18.8,18.2,30.8,29.3
15.4,17.8,10.8,20.2,28.3,14.6,16.4,30.6,25.2,13.5,31.7,22.5,19.7,32,32.1,21,14.6,16.6,22.4,29,13.2,14.3,25.4,21.5,19.7,35.5,36.3,16.5,13.6,17.8,15.8,28.5,18.1,12.9,27.3,15.8,24.2,14.6,19.2,15.9,31.3
18.1,23.5,11.2,21.4,29.8,15.8,13.7,31.4,25.4,14.9,31.6,24.9,21.2,31.4,24.3,18.4,16.7,20.5,24.2,24.5,15.3,9.3,24,21.2,17,30,32.4,20.5,14.7,25.3,17.2,29.9,18,17,26.4,13.7,23.9,16.6,19.9,16.6,32.8
17.1,16.8,8.3,25.3,33.5,15.5,15.1,32,25.2,14.4,32.3,18.2,23.2,27.6,23.8,21.8,17.4,18.6,18.3,27.4,14.1,13.6,28,23.2,22.7,28.3,30.5,20.8,13.8,23,17.3,29.7,19.2,17.2,26.8,14.7,28.7,22.7,20.5,19.8,35.1
16.6,18.2,9.2,27.5,16.9,11.1,15.6,33.2,26,12.6,23.7,19,21.2,24.8,23.8,18.2,15.7,20.2,18.3,24.4,14,13.5,18.6,23.2,29.6,38.7,27.7,19.4,13.2,23.1,18,23,17.5,24.6,27.3,20.1,16.8,17.4,17.4,18,23.8
17.1,22,11,29.5,18.3,13.5,13.5,30.9,26,8.9,29,19,19.5,25.6,25.3,21.5,14.7,20.8,17.8,28.2,13.3,14.9,19,21.3,21.6,30.9,34.2,20.2,25.4,18.3,16,23.6,18.4,23.9,27.8,17.9,23.7,18.5,18.9,20.9,21.4
16.6,14.5,11.8,33.1,24.4,14,16.8,25,26.2,9.1,26.5,20.6,34.6,26.9,23.3,24.8,13.6,20.8,17.9,28.1,13.6,14.5,20.8,22.1,13.9,23.8,33.2,24.7,16.9,23.6,14.7,19.8,17.6,31.1,27.3,22.3,20.1,24.7,20.9,17.1,26.8
18.7,14,10.5,30.8,27.5,10.5,21.9,27.4,25.7,11.4,21,22.2,18.9,28.5,22.7,27.6,14,14.6,19.1,29.2,17.4,13.8,21,23.5,21.6,20.3,29.5,17.4,14.9,28.9,15.2,21,20,25.9,27.5,24.5,18.8,28.4,20.3,15.8,31.9
21.9,15.4,12.6,23.6,25.2,9.4,25.6,27.1,25.5,11.5,25.1,27.1,20.8,32.7,24.1,18.4,16,15.8,16.6,32.6,18.9,15.5,20.4,24.3,15.2,27.9,25.8,18.3,18.3,32,17.9,26.2,25.9,29.3,26.9,25.4,20.1,15.8,18.6,15.5,22.4
24.9,17.4,12.1,27.5,18.3,11.7,21.4,27.6,26.8,12.3,16.2,26.2,19,28.9,23.3,19.8,16.1,11.8,26.5,28.8,14.1,15.2,18.7,25.2,13.2,35.6,28.4,23.4,24.7,31.5,17.5,19.8,17.6,21,26.7,26,22,19.2,17.3,16.6,22
24,16.8,11.1,25.2,23.1,14.8,29.6,29.2,25.7,11.3,20.6,32.2,22.1,31,21.9,19.1,18.1,21.1,25.9,27.1,14.3,13.5,21.7,22.4,15.5,35.7,37.8,24.1,30.4,34.2,23.2,22.8,20.4,22.7,26.6,15.8,13.7,18.6,27.9,19,27.3
24.8,18.6,11,34.5,28.4,17.6,17,29.3,25.9,13.1,20.8,23.6,23.8,31.6,20.8,20.5,17.6,17.9,33.2,28.3,14.8,18.3,24.2,24.1,19.5,20.7,38.1,27,17.1,29.1,23.7,21.8,16.8,32.1,27.6,20.4,15.4,20.9,20.2,20,20
14.5,18.5,14.5,35.8,33.8,16.5,19.6,29.6,26.2,13.6,23.3,29.4,19.6,32,25,22.5,17.8,16,24.3,32.2,14,16,18.8,24.3,18.4,16.5,40.4,18.3,16.9,28.7,21.5,23.2,18.3,17.8,25.6,22,11.6,24.6,16.6,18.6,21.6
14.6,17.2,15.6,25.6,34.6,11.2,15.8,30.4,25.7,12.2,22.5,21.2,20.8,31.1,22.6,18.3,15.6,15,32.3,29.4,14.4,17.6,20.1,23.6,14.9,19.9,29.8,20.9,21.4,28,15.4,27.1,18.4,21.2,25.9,25.1,19.2,27.7,18.1,22.4,26.2
15.5,19.5,9.3,29.6,32.9,12.1,16.3,29.4,25.2,14.6,20.9,27.8,22,29.6,27.4,17.6,14.9,16.7,20.2,30.7,16.4,20.7,21.2,23.8,17.5,31,35.5,18.1,14.6,36.8,17.1,36.2,19.9,18.8,26.4,14.2,18.4,15.9,24.8,18.5,22.4
15.5,19.3,13.2,22.6,28.6,11.9,19,28.7,26.7,14.4,23.7,22.4,26.9,30.8,26,18.2,16.2,16,23.4,31.2,13.4,14.5,22.7,25.1,17,30,34.4,18.4,15.9,30.1,22.1,30.3,18.9,22.8,26.2,19.6,19.8,16.1,23.3,19.5,20.9
15.6,19.1,14.1,23.8,25.8,11.5,18.9,23.9,25.1,14,21.7,20.6,17.5,30.4,25,19.4,16.9,21.9,28.7,31,16.4,17.1,25.1,21.9,17.8,33.3,30.1,20.1,23.1,23.1,16.6,36,23.9,21.3,27.5,12.2,22.4,17.7,19.8,16.5,25.7
16.8,16.4,14.5,32.3,37.2,10.2,21,27.2,26.6,10.7,23.8,22.3,20,29.4,24.8,18.2,15.7,22.6,19.4,22.4,16.9,15.1,20.9,21.7,17.9,30.4,32.4,21,13.6,27.3,18.5,41,20.4,16.9,28.5,12.4,19,29.3,19,21,20
16.9,16.7,14.7,31.8,29.7,14.2,17,34.5,27.2,11.4,25.8,21,19,29.9,26.6,15.8,17.3,24.4,15.5,34.6,19.6,17.4,21.8,23.3,13.8,20.4,33.8,22.8,14,35.1,17.2,26.7,21.2,16.2,26.6,15.1,16.6,29.3,22.4,19.7,21.1
15.3,18.3,16.1,31,24.4,13.5,15.5,30.9,27.2,12.2,29.1,20.8,17.2,30.2,22.2,13.7,17.4,28.5,20.7,34.2,20.2,17,22.7,22.8,19,25.7,31.1,21.7,15.8,35.5,25.8,28.4,23.3,17.3,27.2,16.3,17.6,25.6,20.3,16.7,24.5
18.8,17.7,14.7,37.6,20.3,17.6,14.5,29.9,27,12,26.7,18.4,23.1,30.8,23.7,15,18.6,19,24.3,29.1,21,21.6,26.8,25.5,23.9,23.4,32.3,23.1,15.5,23.3,30.9,34.3,18.1,19.1,27,19.5,24,27.8,22.4,18.8,29.9
20.6,20.4,19,30.8,27.4,18.6,16.5,28.7,27,12.2,27.9,18.9,26.4,31.2,23,20.4,16.8,15.4,30.6,32.4,15.5,23.7,21.5,23.7,20.1,19.7,31.7,18.3,16.2,19.8,21.1,36.9,20.1,20.6,27.3,17.5,27.1,20.9,24.3,22,29.2
17.6,17.4,20.6,30.2,24.7,25.4,17.6,26.8,26.8,12,30.3,20.4,26.4,31.3,25.5,25.6,18.6,19.4,18.1,36.8,16.9,25,22,23.4,18.6,20.2,32.9,19,18.6,30.1,27.8,39.5,23.7,21.8,27.6,18.2,21.8,23,26.2,22.8,26.4
15.4,16.7,21.5,30,19.9,16.8,20.1,26.6,27.3,14.7,31.3,21.1,20.3,28.3,25,26.5,16.4,24.1,18.7,39.7,12.6,21.2,24.6,22.2,18.1,26,34.4,19.8,24.6,32.8,20.5,22.9,20.1,19.2,31.1,20,27,25,31.4,21.5,27.4
13.1,18.1,22.9,34.7,16.3,10.5,20.4,27.6,26.9,14.1,36.3,22.1,20.2,32,25.9,20.7,11.9,26.6,17.5,33.3,14.3,20,23.4,24.9,27,24.6,33.8,20.6,27.7,30.2,24.8,26,19,20.4,28.4,17.1,28.6,26.9,25.6,30.8,35
13.8,20.5,20.7,34.8,17.5,15.9,18.7,27.6,27.2,14,27,23,19.7,31.6,26.7,17.2,16.3,21.8,21.4,29.5,16.1,14.9,26,23.3,31.1,23.8,34.1,20.3,18.7,19.6,23.4,27.7,21.1,19.7,30,15.5,30.2,33.6,21.1,16.4,23
16,17,11.1,33.8,19.6,18,16.8,25.7,26.8,14.1,28.4,21.1,20.7,31.8,23.9,20.4,18.1,15.5,26.5,34.6,19.1,12.5,26,23,25.4,22.4,30.3,20,19.5,23.3,25.2,26.2,26.9,19.5,34.4,17.3,32.9,22.8,21.6,16.9,31.9
16.6,18.1,12.3,35.1,29.3,12.7,15.1,25.3,26.3,13.9,29.6,25.2,23.2,33.3,26.3,29.6,19.2,14.7,20.3,34.9,22.1,13.5,22.4,22.1,17.6,25.3,36.3,20.8,25.7,18.9,17.6,30.7,22,23.5,31.8,20.7,22.7,21.7,21.4,19.6,29.3
16.6,17.8,10.1,34.7,30.4,11.4,17.1,24.2,27.1,15,33.7,21.4,27.1,33,27.6,28.5,20.9,18,22.6,35,17.2,3.8,26.3,23.9,26.8,25.1,35.3,22.4,21.4,18.4,20.3,25.3,27.1,18,27.4,21.1,24.9,20.5,17.7,20.6,34.2
15.6,16.1,16.8,34.4,21.4,13,20.9,18.9,28.2,15.4,30,22.4,34.1,31.5,24.7,17.8,16.9,15.8,22.9,32.9,13.4,14,28.8,23.5,31.1,24.9,37.5,22.9,17.3,20.5,31.7,22.7,18.5,19.7,27.5,20.2,25.2,24.2,21.6,20.9,31.4
16.7,17.6,13.4,36.2,24.6,15.9,21.5,22.5,29.3,12.2,27.2,24,26.5,32,25.6,18.9,18.1,16.6,22.5,24.9,13.9,17.8,25.9,24.5,27.5,25.4,36.2,20.8,27,20.3,21.1,26.3,18.7,23.2,34,20.5,21.6,23.8,20.4,21.2,25
13.8,19.6,17.3,17.7,19.9,18,18,21.5,30.5,13.7,29.2,23.9,19.3,29.9,26.8,20.1,19.7,20.4,19.2,21.8,13.9,17.5,30,23.4,18.7,23.3,37.4,21.1,29.1,25.2,18.7,27.9,18.4,30.7,30.7,22.1,24.7,20.3,21.7,18.7,28.6
16.1,21.4,13.8,25.6,18.1,17.8,19.6,21.7,30.7,12.2,27.7,25.7,23.3,26.6,26.9,21.4,23.6,29.3,21.3,27.5,14.7,16.2,20.9,23.4,19.7,30.3,34.8,17.8,17.9,25,18.4,31.3,19.6,25.6,34.6,24.9,26.6,18.8,21.4,18.8,29.7
18,22,10.8,34.3,21.6,17.4,28.7,23,27.8,12,30.5,19.4,29.4,32.4,28.7,15.8,23.5,25.2,31.5,29.1,15.2,18.9,22.7,21.9,22.8,31.3,34.3,19.1,16.9,27.3,18.2,32.1,19.7,18.4,31.8,26.3,25,20.9,18.8,18.4,30.3
17.6,20,19.3,35.4,20.9,16.5,28.5,23.2,23,12.1,36.7,20.5,30.1,32.8,27.1,19,20.7,27.7,25.2,31.5,17.5,21,24.4,23,22,29.9,29,19,18.5,19.7,18.8,31,23.1,18.9,30.7,26.5,24.5,16.9,20.4,20.1,34.3
17.5,17,18,39.8,24.1,11,20.1,23.7,25.6,15,36.8,26.1,26.3,31.2,28.4,17.2,13.1,28.2,24,24.8,15.3,23.1,25.3,23.7,23.2,24.5,28,16.9,17.3,23.2,20.6,31.2,21.9,20.4,28.4,28.9,27.7,20.5,21,24.3,32.2
17.1,19.9,17.7,31.8,24.9,12.6,23.4,24.9,27.3,7.9,36.6,26.5,21.6,31.7,28,19.6,17.8,23.1,30.4,26.3,23.1,23.4,26.1,23,28.8,26,29.7,20.6,17,22.6,17.5,23.6,21.1,23.7,29.3,28.5,32.7,24.6,22.3,21.3,35.5
19.1,21.6,20.7,34.9,19.7,13.2,18.9,22.5,27.9,15.3,28.4,22.7,21.9,32.1,28.1,17,19.1,24.5,33.5,27.1,19.1,17.4,25.3,23.3,24.7,27.4,32.2,22.3,18.7,23,18.1,33.8,21.8,28.9,27,13.2,23.7,27.9,23.5,22.1,25.6
19.9,21.6,16.6,37.7,22.9,19.6,23.8,24.1,27.3,12,26.2,22.4,22.8,31.6,29.1,16.2,21.7,28.4,30,29.2,15.5,14.2,26.6,23.7,33,32.3,32,20.4,18.8,21.2,18.9,33.9,23.9,26.4,29.1,13.6,26.2,30.6,33.1,22.1,30.6
22.2,20.6,16.8,38.2,22.1,18.2,30.9,23.2,26.3,14.2,33.5,24.6,31.6,31,28.1,15.1,16,18.9,28.3,19.9,18.6,19.4,25.3,23.1,30.1,35.2,27.6,17.5,20.8,24.2,27.5,36.5,28.9,19,29.7,17.8,28.5,31.2,23.8,35.5,34.2
15.3,19.4,16.2,33.9,23.4,13.8,22.2,24.5,27.2,12.4,25,22.7,33.6,28.1,28.3,13.4,18.5,26.8,36.1,20.6,24.5,20.7,24.3,24.6,21.6,37.3,30.8,17.2,26.3,23.5,26.9,40.2,16.1,22.3,29.6,24.2,31.8,29,22,20.8,37.6
15.2,22.3,15.9,29.3,20.5,18.1,17.3,19.4,27.4,11.8,21.6,24.3,36,27.9,28.9,17.2,19.6,21.9,21.5,28,14.3,15.7,24.7,23.2,29.1,29.3,34.9,18.5,16.1,22.2,20.8,29.8,24.2,21.9,29.8,23.7,29.1,19.9,21.2,22.2,37.4
13.4,18.2,15.8,35.3,24.4,21.3,18.6,22.2,28.3,14.8,25.1,27.2,43,28.6,27.5,13.7,19.5,21.5,24.4,28.5,16.1,10.9,23.9,23.2,32.9,32.3,35.4,22.6,17.4,27,19.5,38.2,20.3,24.8,30.2,20.2,33.5,19.8,20,23.3,36.3
13.6,19,18.3,38.6,22.1,25.5,22.1,22.8,28.1,10.9,19,27.1,22.5,31,28,15,20.5,19.9,29.8,27.9,19.5,11.8,26,23.2,26.5,32,28.1,28.3,17.3,27.6,20,39.3,21.5,32.3,29.9,23.2,24.5,17.8,19.3,21.5,26.2
12.5,20.2,19.6,33.2,26.6,17,20.4,23.1,28.3,13.4,28.1,28.8,21.4,31.7,27.3,14.8,19.6,18.4,35.6,28.2,24.5,20.5,25.9,22.3,37.2,25.6,27.8,22.6,15.4,24.4,20.1,28.8,23,30.7,29.8,23.9,20.2,19.9,29.9,18.1,25.1
13.9,25.4,16.8,19.8,29.4,21.1,24.9,22.7,28.5,12.8,30.2,23.7,26.2,32,29,12.6,27.7,23.2,23.9,28.7,14.3,16.6,27.1,22.5,20.7,30.7,32.1,22.9,18.3,26.4,21.4,32.6,26.7,29.4,30.5,21.6,27.1,23.6,30.9,18.1,28.1
15.1,34.9,21.4,25.9,28,15.9,25.9,19.9,29.4,12.1,33.9,24.7,21.9,32.2,27.5,12.6,22.3,22.4,22.2,27.1,13.4,14.9,27,24.5,23,24.8,35.2,26.3,21.3,26.1,22.4,28.7,21.4,25.6,29.3,25,24.4,25.5,33.8,19.3,24.4
13.6,22.6,18.8,28.2,23.8,21,30.5,19.9,29.5,9.3,37.1,27.3,19.2,31.6,26.4,14.5,20.1,18.4,26.4,27.9,15.2,13,28.2,24.8,20.1,26.9,35.1,21.1,20.9,30.5,22.2,27.9,22.1,25.1,30.2,29.8,20,24,33,24.8,27.5
14.8,18.6,15.9,31.5,25.7,16.9,26.1,24,29.2,12.5,26.1,25.1,17.9,31.9,25.9,18.2,21.3,22.8,28.7,26.9,15.3,17.5,19.4,25.1,21.3,32.6,34.2,21.8,24.2,33.5,24,21.9,24.4,21.2,29.8,28.3,24.8,25.7,23.5,28,27.8
14.5,19.3,14,34.2,25.2,11.5,21.8,23.9,29.9,13.1,26.2,24.9,20.2,28.8,26.8,14.4,20.5,27.8,35.5,30.7,22.8,14.7,21.2,25.5,23.4,29.6,32.9,28.5,17.8,36.2,23.8,28.1,20.4,22.3,31.1,28.5,31.8,32.9,23.4,23.7,35.1
14.7,17,17.2,36.1,24.5,14.7,23.1,24.3,27.7,13.7,29.5,27.9,20.3,28.8,26.5,14.8,19,33.4,29.9,28.3,17.4,16.6,25,23.4,19.2,30.2,32.5,21.9,18.9,27.4,23.5,29,17.9,18.6,30.9,21.9,25.4,20.5,24,26.3,37.7
17.5,21.4,23.9,38.6,24.9,15.7,28,22.8,29.5,14.2,26.1,28.2,24.9,30.7,26.2,18.1,20.9,16.8,34.3,31.3,18.2,18.3,22.7,24.2,26.8,27.1,31.7,20.1,17.8,27.2,24,28.9,23.9,18.5,30.5,23.2,23.1,23.1,21.7,18,31.5
15.9,22.1,26.7,41.9,30.3,14.5,25.1,18.1,29.5,19,24.2,30,24.4,30.3,23,21.1,19.9,18.7,29.8,32,17.8,20.3,23.3,23.6,33.7,27.4,24.2,21.7,21,24.3,21.8,30.6,18.1,28,30.7,26.6,25.2,24.3,23.6,16.8,26
17.7,23.3,18.2,30.1,29.9,14.6,26,12.6,33.9,12.4,29,26.9,37.7,29.8,20.9,22,19.3,19.4,33.7,30.8,15.3,18.9,25.7,25.6,31.2,25.6,25.3,25.2,22.7,28.8,23,35.9,19.2,28.5,30.4,26.5,23.5,28.5,23.8,20.1,29.5
20.5,26,22.1,32.5,33,22.1,30,20.4,30.8,13.6,27.9,30,37.3,29.3,25,14.9,18.2,20.6,25.2,31.3,15.5,15.6,24.9,24,19.2,23.3,26.5,26.4,18.2,22.7,26.9,31.5,18.8,28.2,31,30.2,23.4,33.6,23.6,22.2,31
19,22,18.4,26.2,27.4,26.6,23.1,15.5,30,14.2,29.1,23.6,36.2,28.5,26.5,15,20.8,24.6,27.7,30.9,20,14.1,24.4,23.6,21.5,26.7,26.5,24.4,19.2,23.2,34.4,35,26.3,27.6,30.7,25,25.7,36.6,25.7,21.9,32.2
21.7,22.1,18.3,31.6,21.9,21.3,34.2,18.8,29.5,15.5,27.7,24.4,25.7,29.6,27.9,13.1,16.2,27.5,30.8,31.3,17.3,19,25.4,24.8,23.8,22.8,25,20.7,22.6,28,37.5,24.6,24.5,18.8,30.9,29.7,27.7,38.8,23.9,22.9,33.2
21.6,17.9,19.8,34.2,28.2,26.3,21.9,22.5,26.2,16,30.9,33.6,25.8,29.9,28.8,15.6,17.4,31.3,34.9,32.1,15.5,22.2,25,25.4,24.4,26.6,23,22.6,23.8,30.8,23.3,28.7,30.4,18.7,30.8,32.1,28.6,21.9,25.3,18.3,31.9
24.6,19,19.6,37.4,30.6,23.8,22.5,20.1,27.7,16.6,32.5,20.1,37,30.6,26.4,15.3,21.4,31,33.5,32.6,26,22.3,26.1,25.1,26.1,28.5,30,25.2,20.6,29.3,21,30.7,23.5,22.3,30.9,19.5,26,22.2,24.9,20,29
13.6,21.5,21.3,34.6,29.5,26.6,23.1,22,28.6,15.2,30.1,23.2,36.8,29.4,26.2,12.8,22.8,28.3,28.9,34.4,31.4,14.4,24.7,25.1,28.7,29,23.5,26.4,23.9,28.7,18.3,34.1,23.4,17.7,30.7,19,27.3,24.8,26.6,19.2,27.8
15.3,19.6,19.2,41,24.1,19.7,22.4,21.7,30.2,15,26.1,22.3,19.1,30,26.8,14.4,25.8,19.1,25.6,33.9,18.5,12,27.4,23,32.3,18.3,23,29.2,29.3,23.2,20.7,38.5,20,18.5,31.5,22.1,28.9,29.7,38,20.4,27.9
14.3,18.7,12.3,35.9,29.2,23,20.3,23.1,30,16.8,30,19.6,22.3,30.4,27.7,13.3,25,17.5,25.5,33.8,26.8,14.8,26.6,24.8,30.2,20.5,24.8,31,28.9,26,21.5,29.3,21.9,20.5,31.8,18.5,29.3,24.8,23.4,20.6,34
14.4,20.6,15.5,36.3,21.6,25.1,25.8,22.5,31.4,21.2,32.5,20.2,31.1,25.4,29.4,16.2,22.4,22.3,24.9,31.6,14.6,8.1,24.3,26,20.4,29,18.5,21.9,30.5,31.9,21.9,27.2,23.1,22.2,32.3,15.9,25.3,19.7,24.6,21.1,37.2
15,22.1,17.6,34.8,25.6,18.7,18,22.7,31.9,19.8,34.6,22.8,19.3,24.8,28.1,11,18.4,25.6,28.7,28.8,14.8,12.3,27.3,25.5,23.7,32,20.6,22.7,20.3,28.7,22.2,27.8,24.7,23.9,31.1,23.6,27.2,23.9,24.8,21,29.3
16.6,20,18.3,29.7,27.7,20.1,26.8,22.4,30.5,17.7,34.4,24,21.3,25,26.4,10.2,21.2,22.6,36.4,30.6,19.7,16.1,23,25.9,22.8,28,21.2,20.8,22.9,18.8,29.6,26.4,23.5,23.6,32.2,26.3,28.2,33.4,28.9,23.3,33
17.5,22.2,17.8,38.7,28.2,18.8,32,19.3,31.7,20.5,37.3,24,25.3,25.8,26.7,12.3,18,24.6,23.7,29.8,25.8,13.8,26.6,26.4,24.7,21,20.5,21.8,20.4,18.1,30.5,22.8,21.5,28.2,31.7,27.8,28.6,26,23.3,24.8,35.7
20.7,25.5,18.6,34.8,25.4,18,35.2,21.6,31.4,20.7,29.8,23.6,31.4,27.6,27.6,9,19.2,27.3,24.6,22.2,22.8,5.4,27.5,25.5,28.6,23.5,21.5,25.4,20,27.6,23.8,25.7,21.6,19,32.3,30.5,28.5,25.1,21.7,23.4,35.5
16.2,20.2,16.7,35.5,25.8,21.2,20.3,22.1,32.6,16.9,31.9,24.2,31.8,28.2,29.7,13.9,20.3,31.4,26.2,31.2,16.6,13.4,25.6,25.3,31,24.3,22.8,24.3,17.5,31.3,22.2,31.4,20.1,20.3,32.2,20,30.2,20.3,25.1,20.4,37.7
17.9,22.5,20.3,38.9,25.5,15.5,19.2,23.5,25.9,13.8,32.2,23.7,22.9,29.3,28.2,10.7,22.2,29.5,29.3,33,15,16.6,25.1,26.6,21.6,24.6,24.8,22.9,17.1,23.2,22.6,34.1,25.1,22.3,31.7,24.7,32.7,28.1,29.8,21.1,40.2
14.6,24.7,23.2,39.2,24,23,25,22.3,27.6,14.8,32.7,23.8,27.1,28.2,28.1,12.4,25.3,31.1,25.4,35.1,15.7,15.2,23.9,25.7,23.8,27.8,24.6,25.6,18.7,26.1,24.3,33.7,26.3,22.3,32.1,18.3,31.6,32.9,33.9,22.5,41.8
16,31,24.3,40.9,24.2,15.4,23.3,21.4,29.3,16.2,34.7,27.2,25.6,30.3,26.3,16.6,27.6,19.8,29.8,33,15.2,17.9,28.2,26,23.6,26.1,21.2,23.9,17.1,25.9,25.2,26.8,30.7,21.8,26.6,21,27.7,25.6,35.1,22.7,30
18.1,22.4,20.3,37,27.3,18.5,25.9,20.8,30,18.2,37.3,25.9,39.3,31.9,27.5,9.7,23.4,20.4,32,32,32,18.1,22.9,26.7,28,27.5,21.4,24.1,20.2,26,31.3,31.5,29.6,22.7,29.6,24.6,27.6,31.8,34.3,23.8,32.4
21.3,20.3,23.7,38.4,32.8,18,28.5,20,30.5,17.7,38.7,24.8,35.5,30.3,27.3,15.7,22,21.7,34.6,31.7,20.8,13.2,24.6,27,32.1,29.4,18.5,22.9,34.3,26.8,30.6,37.8,26.9,22.6,30.3,26.1,28,34.5,27.3,21.4,41.2
22.8,21.2,25.7,39.1,19,17.5,31.6,19.2,29.7,19.3,37.9,26,23.7,31.6,28.6,17.4,22.2,21.6,29.8,26.6,28.2,16.1,25.6,24.9,32.5,29.1,17,28.9,34.5,29.8,28.8,37.7,30.8,26.7,32.1,23.7,28.9,36.5,30.9,23.7,42.1
23.2,20,28,42.2,18.3,26.1,29.4,23.5,30.4,23.4,38.1,26.1,25,30.9,27.6,14.4,24.6,39.2,26,23.4,26.9,10.6,25.2,24,28.5,30.9,18.6,35.9,19.7,29.4,31.6,26.8,26.3,28.2,32.1,21.7,30.3,31.6,33,24.5,41.4
17.2,21.5,25.9,36.1,27.8,29.1,26.8,19.8,30.8,17.9,35.4,27.7,22.4,30.3,29.2,12.4,21.8,32.4,26,25.2,18.7,18,24.8,25.4,24,28.4,20.1,37.2,34.7,27.6,32.5,19.1,26.4,28.4,33.7,25.1,33.2,19.9,34.4,26.5,41.8
18.5,23.2,28.4,41.4,30.9,26.9,23.5,21.8,30.6,19.1,40.1,25.8,25.2,30.5,29.6,12.2,26.8,22,35.2,31,26.1,13.6,25.3,26.5,22.4,26.9,19.8,25.7,32.9,26.7,20.3,21.4,26.4,21.9,35.4,23.6,35.1,27.5,34.7,24.1,35.2
19.5,19.2,20.6,42.4,27.6,19.1,28.5,23.4,29.3,18.4,30.1,25.5,18.1,31.2,29.6,14,24,23.4,32.8,21.8,20.2,6.9,21.4,22.4,27.4,30.5,17.5,24.1,21.7,30.8,22.7,26.9,25.5,22.7,33.4,22.4,36.9,29,26.9,23.2,40
21.6,19,23.3,40.9,21.1,19.1,31.4,18,30.2,19.1,30.4,25.9,18.9,30.9,32.1,13.6,25.2,20.2,28.4,28.5,23.5,12.9,24.7,22.8,32.8,31.7,14.2,22.6,27.4,31,22.8,29.9,27.3,24.7,29.8,24.9,31.4,34.1,32.6,24.2,28.7
24.9,20,23.8,42.5,23.1,18.9,24.2,23.2,29.8,19.9,27.3,24.4,24.6,30.5,27.7,13.5,26.6,19,28.5,30.5,20.1,13.6,21.6,24.2,39.9,30,19.6,28.2,33.8,29.4,21.1,21.4,25.7,23.9,30.8,21.5,33.1,33.8,38.5,24.9,25.5
18.5,22.3,25.9,40.5,24.7,26.7,24.3,23.6,30.7,11.3,32.5,25.8,25.9,30.5,27.5,7.7,25.5,21.4,33.4,28.1,29.5,11.7,26.7,24.6,25.6,27.1,20.9,32.6,20.8,31.6,24.5,25,27,28.5,30,24.3,24.7,23.6,38.1,25.6,26.7
15.8,30.4,23.1,39.5,25.4,19.1,27.5,22.1,29.6,16,32.3,26.3,20.6,31.8,28.3,10.7,25.3,21.2,38.2,31,33.4,8.8,21.8,25.2,30.4,32.1,19.7,34.3,19.8,31.6,22.7,29.5,24.1,29,31.2,27.4,25.9,21,34.4,24,28.2
14.8,20.1,24.8,28.7,26.2,19.1,31.5,21.3,30.4,21.8,31.4,26.1,20.6,30.9,26.1,11.4,24.9,19.8,34.8,32.3,19.5,14.9,22.5,25.8,31.4,32.5,19.8,36.1,21.4,18.9,21.4,29.3,31.3,26.1,32.2,29.2,22,22.6,24.2,25,30.2
14.3,22.9,22.2,33.1,26.3,20.8,33.2,21.4,30.8,23.5,31.8,29.2,26.6,31.2,25.1,11.3,26.6,23.6,28.6,31.2,19,15.7,26.5,23.9,22.4,30,20.5,36.7,24,21,24,20.7,21.2,21.9,31.7,28.9,28.3,26.4,36.4,23.9,32
15.7,23.4,22.3,31.9,27.1,21.5,35.1,22.4,31.4,20.7,32.6,30.8,33.4,31.2,27.4,8,27.9,33.2,28,31.9,20.9,17,26.4,22.9,23.6,20.6,21.1,35.8,24.6,30.9,23.8,28.6,24.7,26.5,32.6,24.8,30.5,27.4,23.3,23.5,33.5
16.3,23.5,26.6,34.3,28.6,27.9,33.8,23,31.2,16.3,31.2,27.7,24.4,31.5,28.7,12.1,28.6,34.8,31.1,28.8,18.4,16.6,24.9,23.8,35.1,24.9,21.3,26.1,18.4,27.7,30.4,28.6,27.2,28,34,24.1,31.2,22.3,22.1,22.9,38.8
21.9,27.2,30.1,33,29.4,30.1,24.8,23.2,30.6,19.7,25.5,31.8,32.7,32.8,29.6,14.8,25.1,25.3,32,31.6,19.7,15.6,23.6,23.4,37.7,22.7,22.6,27,19.8,22.5,30.6,34,29,26.2,29,22.2,36.1,25.7,27.2,24.9,41.3
17.6,24.4,31.2,33.1,28.9,31.1,24.4,22.9,29.9,21.6,28.3,25.2,16.2,31.3,29.9,11,23.7,24.2,40.4,30.9,23.9,18.5,25.1,24.8,30.3,23,19.5,30.3,19.1,22,23.4,31.6,21.3,28.6,31.6,23.8,36.1,30.1,28.9,23.5,38.8
25,24.3,22.8,39.8,28.8,20.4,28.4,21.9,31,19.4,27.2,26.7,17.7,30.3,26.9,12.6,22.8,19.9,38,29.2,20,19.2,24.8,24.4,30.4,28.8,24.3,32.3,20.4,27.9,27.5,22.6,26.8,29.3,32.1,27.5,33.8,28.6,32.8,25.2,28.9
24.3,23.4,25.3,41.4,30.9,20.2,31.2,21.7,32,22.6,32.9,25.2,19.3,30.3,25.2,9.7,21.8,33.3,31.2,24.8,21.2,12.8,26.8,24,36,28,18.4,26.8,19.3,27,21.9,24,26.5,21.3,32,31.3,30.3,31.6,28.2,25.7,33.3
30.5,25.9,27,41.2,29.2,23.3,34.5,23.9,30,23.8,23.2,25.8,20.3,30.4,24.7,12.2,25.2,32.8,29.8,30.5,26.3,5.8,27.2,22.1,35.3,27.2,17.5,24.2,20.6,27,23.2,19.1,27,27.1,31.8,31.6,31.2,23.6,28.4,30.9,38.7
26,26,28.3,37.7,26.7,28.2,39,22.8,31.2,23.8,25.9,25,25.4,30,28.2,11.5,25.3,34.6,35.5,31.3,16.8,9.4,26.7,23.6,35.7,27.4,16.7,28,20.6,28,29,19.2,26.2,22.7,31.6,33.9,32.8,25.3,28.1,23.5,37.5
17.8,27.1,22,36.9,32.1,32.1,27.6,22.5,30.5,19.3,25.9,26.6,25.6,32,30.4,9.5,23.9,26.8,25.9,32.8,19.7,14,24.4,23.1,31.2,27.9,15.4,26,34,23,25.4,21.6,27.9,24.2,31.4,29,34,27.7,31.4,18,37.3
28.1,28.9,27.5,35.6,30.3,34.8,32.7,22.4,30.3,17.7,27.6,27.7,21.8,31.8,29.3,10,27,30.6,25.3,33.7,20,14.7,22.3,21.2,32.8,28.3,16.4,31.3,20.4,27,35.6,23,26.6,24.9,32.1,28.4,30.1,37,34,18.2,38.1
14.9,20.6,29.6,38.8,27.3,37.4,27,22.5,31.6,19,28.5,27.5,27.6,30.6,28.3,10.9,28.3,32.6,27.8,32.4,19.5,9.6,17.6,22.9,33.1,23.4,16.4,30.3,22,26,19.1,26.8,27.9,26.9,32.7,28.9,27.1,34,27.7,24,36
19.3,22,22.8,41,18.9,30.9,23.4,23.6,30.9,13.4,30,27.2,24.8,30.5,28.7,8.2,29.4,37,29,32.1,17.9,11.2,20.2,23.2,24.2,23.6,15.3,31,24.7,27,17.2,28.4,30.4,29.3,33,26.7,31.1,20.4,27.5,25.2,29.1
31.5,24,22.7,41,20.4,21.6,23.5,21.8,32.5,16.8,30.6,26.4,26.9,31,28.4,12.9,25.6,33.3,35.7,28.9,23.5,9.7,22.9,22.6,21.8,25.4,16.6,30.2,21.5,25,19.4,20.5,29.8,24.9,33.4,22.3,33,22.3,25.2,21.2,26.3
21.5,25.7,24.4,32.9,28.2,21,20,21.8,32.8,22.1,28.3,24.4,31.3,31.1,29.3,12.9,26.3,19.3,37.1,28.1,25.4,11,24.2,23.1,27.7,23.1,16.6,31.4,22.4,25.4,18,19.6,26.1,26.4,33.1,23.4,26,21.3,23.1,21.1,29.5
17,23.3,26,33.7,27.1,23.1,22.6,21.4,31.7,24.9,30.2,23.5,17.1,30.7,29.3,17.2,27.8,26.3,34.5,28.5,24.7,10.9,23.6,23.1,29,26.1,13,31.6,35.5,27,22.1,21.6,25.4,25.6,31.3,17.9,27.5,19.1,22.2,22.8,38.8
15.7,18.4,25,36,24.3,28,23.8,22.2,30.4,21,30.9,24,19.1,31.1,28.9,16.1,25.9,27.3,37.1,31.3,20.6,8.1,21,23.3,32.2,26.9,17,35.3,39.4,28.4,18.6,22.5,27.3,24.3,29.2,22.7,28.2,26.3,25.1,23.9,25.5
22.2,21.7,27,41.9,21.4,24.1,28.8,21.5,34.7,21.2,32.5,25.3,15.4,30.4,27.5,16.7,26.4,24,36.5,29.5,19.8,10.1,20.7,22.9,19.5,24,19.9,37.2,21.1,29.1,17.9,17.6,26.9,26,29,27.1,26.8,20.9,28.5,23.3,26
19.4,22.5,31.5,28.5,21,21.5,32.2,21.2,32.6,21.9,34.7,25,15.2,32,28.9,19,29.7,21.2,38.4,30.7,20.8,5.5,23.7,22.5,21.5,28.1,22,30,19.3,28.2,20,22,28.4,25.9,30.1,24.4,25.6,21.1,29.4,23.7,27.1
18.6,22,35.9,30.7,27.2,16.9,34.7,22.3,32.4,24.2,34.6,26.1,18.4,30.7,30.8,14.1,29.7,25.8,36.2,31.8,24.2,9.9,26.3,22.8,22.2,26.1,19.1,27.4,19.9,26.8,20,21.9,35.4,27,31.2,20,28.9,24.7,28.4,24,27.7
19.5,22.5,21.6,32.5,26.8,19.5,32.2,23,33.2,19.5,36,23.3,23.3,29.3,28.8,18.8,22.3,20.9,37.1,25,28,10.6,22.1,22.1,22.9,27.4,18.4,31.6,21.4,29.6,27.3,18.6,28.5,28.9,31.2,28.8,30.6,21,30.3,25.7,26.1
20.2,26.2,22.9,32.2,25.4,19.9,33,20.3,33.9,24.9,36.7,26.7,27.2,32.7,29.8,9.6,24.8,24.4,32.7,30.9,31.5,9.2,24.9,23.7,20.8,29.5,18.8,32.6,17.3,24.8,30.7,20.1,31.4,34.6,29.8,32,29.7,21.4,25.7,25.2,28.3
17.4,28.5,23.6,32.6,27.5,19.4,31.8,25.4,34.8,26.3,28.6,25.2,26.6,31.9,29.1,9.2,26.3,28.7,24.9,32.4,26.2,6.8,21.5,23.2,26.2,28.6,19.1,34.4,18.8,24.6,30,20.1,28.4,22,31,31.6,31.9,24.8,32.8,24.1,37.2
19.3,23.7,27.1,35.5,28.6,32.7,30.6,22.5,28.8,25.6,29.4,26.9,27.8,31.6,29.7,10,19.9,34.3,25.7,28.7,19.9,9.3,19.9,21.6,30.4,27.9,19.9,28.5,20.8,20.7,20.3,20.8,24.3,20.2,31.8,33.1,23.4,32.1,35.1,25.7,36.5
26.7,23.5,22.9,38.5,29.6,26.9,33.5,24.2,31,27.2,32.9,26.8,28.3,32.1,29.8,11.3,21.4,33.4,28.1,28,23.6,6.6,21.1,22.3,34.9,29.2,19.8,24.9,22.2,22.9,26.2,24.9,25,25.3,32.6,26.8,29.1,29.2,28.7,22.9,36.2
22,24.3,22.5,38.1,21,26.7,32.5,23.9,31.6,27.6,34.4,28,27.1,30.7,32.4,9.6,22.9,26.6,30.3,29,22.3,7.5,19.6,23.1,31.4,23.4,18.7,27.5,21.6,25.3,26.4,20.6,28.2,24.4,32.4,22.9,31.4,23.4,25,25,40.5
20.1,22.6,25,40.8,23.3,25.7,34.5,23.8,32.5,27.5,31.5,27.5,14.1,30.5,30.1,13,23.4,30.2,31.8,25.4,27.7,9.1,19.4,22.8,30,26.1,21.7,33.6,33.7,25.9,19.6,21.5,33.5,23.7,30.8,22.3,33.9,21.3,24.1,25.7,41.4
29.8,24.6,26.6,41.3,24.9,33.6,34.8,21.6,31.3,18.9,26.9,26.6,16.9,31.9,28.5,12.4,19.7,22.4,35.1,29.1,25.2,7.4,18.9,22.9,35.9,26.3,18.8,35.5,25.4,25.7,15.7,23.3,31.2,27,31.4,26.7,34.6,27.8,28.4,24,32.1
34.5,25.8,29.1,41.3,27,31.7,34.5,22.5,31.1,16.4,32.5,28.2,19,34,23.1,10.9,25.2,23.9,25.8,29.2,21.9,5.2,20.8,23.2,26.5,19.5,20.5,36.1,19.7,25.1,18.7,19.5,37.5,25.7,31.1,27,26.2,20.1,32.4,24.9,31.2
25.3,28.3,25,41.5,24.6,24.9,33.9,23.5,31.9,17.5,33.3,26.6,15.4,34.7,25.3,17.4,23.6,37,26,29.6,22.9,10.1,24.2,23,30.1,25.6,21.4,34.7,20.6,24.9,18.1,17.6,33.7,25.6,30.1,24.9,23.3,20,22.5,27.8,37.3
21.9,21.3,27.7,33.5,22.2,33.9,33.8,22.7,33.3,19.2,27.3,26.4,17.1,32.1,27.6,14.2,26.1,33.8,25.9,29.5,24.2,9.1,25.5,22.5,34.2,26.3,20.5,32.4,20.8,27.2,19.8,19.7,41.5,25.1,30.3,29.1,21.5,17.9,23.6,20.8,38.2
26,24.4,28.9,28.1,25,27.8,29,19.6,29.6,22.4,26,25.8,17.7,31.8,28.8,13.8,23.8,19.6,26.7,29.8,36.2,5.2,26.4,22.6,37.6,18.8,21.1,33,28.7,24.5,19.2,18.5,35.6,28.4,31.7,29.7,24.4,21,24.2,20,32.6
31.8,19.4,30.7,32.7,27.4,18.8,24,22.9,27.5,26.6,25.7,26.3,14.4,34.8,31.5,14.9,25.6,21.4,27.8,32.7,41.7,7.4,19.6,22.6,38,23.1,20.1,28,32,23.6,23.9,20.4,23,28.7,31.1,16.8,24.5,23.5,26.1,21.2,24.3
19.1,21.5,25.6,33.8,26.1,21.5,25.1,22.2,31.5,27.1,25.4,27.4,15.2,32.3,32.2,18.9,24.4,19.7,28.9,31,23.2,7.4,18.3,22.1,34.2,18.5,20.5,36.3,17.7,18.6,22.9,23.9,25.3,25,31.9,25.4,25.9,26.5,26.3,20.7,22.6
24.8,21.4,27.8,34.8,28,26.1,27.7,26.2,30.6,28.4,27.7,27.2,14,32.2,27.2,21.7,31.4,23.7,33.4,29.9,26,8.3,16.7,22.7,19.8,21.2,18,35.5,19,24.2,29.9,22.9,24.5,28.7,31.9,21.2,24,28.2,20.1,20.4,24.9
19.2,21.8,28.5,37.3,26.6,27.4,33.6,31.6,31.5,26.2,29.7,28.9,14.6,31.8,29.2,20.2,29.5,18.9,32.4,31.3,25.7,8.1,17.6,20.3,22.3,22.7,16.6,35.2,23,20.1,20.1,19.7,25.7,25.3,31.4,25.7,26.4,25.7,22.3,20.1,26.5
19.5,26,29.6,32.7,27.7,21.3,34.1,30.6,30.7,24.5,29.6,25.9,14.7,32.9,26.2,15,24.2,25.9,35.8,26.1,20.8,6.3,18.3,20.5,25.8,21.3,16.3,38,23.1,21.8,24.4,19.1,23.1,23.7,31.7,26.4,28.4,27.1,24.2,25.4,27.9
20.6,25.4,31.3,19.9,23.4,24.8,27.7,25.1,31.3,19.4,30.9,25.9,19.7,33.5,25.5,18.1,25.6,20.9,37.8,22,21,7.3,19.4,20.4,22.4,21.2,20.3,41.5,26.7,23,22.9,18.8,24.2,29.3,32,25,23.1,27.8,21.6,22.4,27.9
21.9,32,33.1,18,23.7,19.8,32.3,24.7,30.1,21.8,31,26.5,18.7,34.2,28.3,12.1,20.1,20.8,23.8,24.7,18.1,3,22.2,20,22.3,18.4,20.8,37.5,20,23.9,27.2,13.2,26.7,28.6,32.4,26.3,24.8,18.9,21.1,22.7,28.5
21.2,37.3,26.6,24.8,18.5,21.9,29.2,26.4,30.8,17.7,30.6,27.4,17.8,33.6,28.8,14.3,21.4,21.1,18.9,26.3,19.1,7.8,17.6,21.9,25.1,26.3,19.5,32.2,26.6,19.3,17.7,17,28.7,28.6,32.1,28.1,24.5,20.4,24,22.5,32.3
34.8,22.2,29.4,28.5,22.8,23.3,24.8,26.1,30.7,19.9,30.9,27.4,15.2,33.5,28.7,13.6,25.8,20.7,24.6,28.6,21.1,2.4,19.9,21.7,25.2,27.9,19,35.2,25.3,21.8,14.2,20.4,27.6,30.3,31.8,28.3,24.6,14.7,27.3,23.8,32.2
24,23.8,29,29,25.3,29.6,29.8,22.6,30.7,24.9,25.9,30.2,14.1,32.2,29.4,17.2,21.6,25.4,22.2,21.9,22,4.5,19.1,22.9,33.5,20.7,19.4,37.5,27.1,22.8,18.7,13,30.1,34.3,32.4,28.2,29.1,19.2,29.2,23.9,32.8
33.4,24.2,29.4,29.4,26.3,31.4,35.9,22.1,31.2,21.7,28.2,30.9,15.7,31.8,28.4,17.5,19.8,22.4,20.5,25.7,38.1,4.4,17.6,21.2,22.8,17.9,19.4,29.5,30.7,22.5,20.7,14.8,33.2,22.5,32.3,24.7,19.7,23.1,30.6,24.4,34.4
29.9,26,29.7,31,25,24.2,36.4,26.3,31.1,29.1,26.9,30.1,16.3,32.8,26.9,20.6,21.2,29.3,25.9,28.8,24.5,2.2,17.2,21.6,22,20.3,22.1,27.2,17.5,20.6,23.4,18.3,24.9,30.6,30.7,24.2,21.4,24.8,27,20.3,35
21.4,21.1,30.4,34.3,25.2,21.3,33,22.5,31.3,21.8,30.1,25.5,14.4,31.9,26.8,17.9,24.2,30.8,25,28.8,25.1,3.9,17.1,22.5,21.7,21.6,18.9,26.9,18.7,21.7,23.8,19.7,26.1,22.6,32.4,28,23,26.6,24.9,20.5,25.9
26.3,21.2,31.8,27.9,26.6,23.1,24.3,22.6,30.6,31.5,31.7,22.8,14.1,31.2,28.2,17.3,23.1,27.1,25.4,29.4,26.6,3.5,16.9,20.1,18.2,19.7,20,29.6,14.8,20.6,26.7,21.2,28,28.1,26.4,30.3,25.7,21.4,23.5,21.9,26.7
30.9,22.3,34.9,30,25.7,26.4,24.9,24.7,31,34.4,26.1,30.5,16.5,32.9,25.7,13.4,25,22.9,26.3,30.2,36.1,1.8,17.9,20.8,17.1,20,17.7,34.1,15.4,27.4,19.6,20.9,27.2,21.9,30.9,30.7,27.9,25.1,23.1,23.4,29.8
25.1,27.2,36,31.6,18.3,34.2,21.9,22.6,31.4,30.9,22.4,24.3,20.1,34.9,28.3,12.6,21.8,21.6,29.5,23,25.7,0.6,18.1,19.3,18,20.5,23.9,34.8,17.6,21.2,20.7,14.3,28.8,21.1,31,24.1,22.9,26.4,23.3,24.1,34
29,20.5,38.9,33.7,19.3,34.9,22.6,21.3,31,21.3,29.2,26.8,14.8,32.9,27.8,11.9,22.6,26.3,25.8,24.5,31.9,2.3,16.3,19.2,22.3,20.9,26.3,28.6,21.2,18.5,21.2,12.9,33.6,28.1,30.7,22.8,25.9,24.5,24.2,22.4,33.8
36.8,24.4,29.2,26.3,21.1,24.7,22.2,24.7,31.4,28.5,30.9,27.2,13.6,33.8,27.7,13.2,23.6,27.1,27.9,18.4,37.5,0,20,20.4,25.1,21.9,19,30.8,24.9,17.7,24.5,16,21.8,24.4,30.4,20.8,30.5,22.1,18,20.7,24.6
23.4,26,26.1,28,22.4,18.2,17.8,29.1,32.8,28.9,29.2,27,14.7,32,26.7,11.8,25.3,19.5,28.4,25.1,35.6,2.5,16.6,20.2,28.4,16.9,20.9,30.3,21.3,19.9,23.5,16.8,31.7,25.4,30.9,19.5,28.3,23.9,18.6,22.7,22.5
21.5,21.6,19.5,30.1,22.9,15.8,23.6,25.8,29.8,22.8,29.8,25.3,15.2,32.1,27.5,16.2,23.7,17.1,33.9,24.8,22.2,-1,16.3,20.5,24.8,18.1,18.2,33.3,18.8,20.8,17,17,25.8,27.2,31.6,17.1,28.5,19.8,18.5,22.6,22.6
21.7,21.6,25,31.2,18.3,17.9,20.9,27.7,32.4,22.3,31,22.2,17.4,33.1,27.4,18.8,18.3,17.8,26.1,25.7,20.6,0,15.4,20.5,32.8,19.1,19.6,29.7,25.1,20.6,18.2,16.1,23.2,26.5,30.6,16.5,20.8,15,20.7,21.4,23.9
21.9,30.3,28.3,33,20.4,23.1,21.6,27.6,31.2,25.7,31.2,25.4,13,33,27.1,15.5,13.9,17.4,24.4,23.2,22.2,0.3,15.4,20.1,25.7,19.1,20.7,32.1,27.6,20.8,16.6,17.5,24.4,31.3,32.1,22.7,20.7,17.4,27.5,22.5,27.1
18.7,18.9,31,33.3,22.2,18.3,21.1,27.3,31.4,26.1,35.7,23.9,12.5,32.9,26.8,15.8,17.2,19.2,27,25.1,26.7,0.8,16.2,19.5,28.3,19.8,22.4,36.6,22.8,13.9,16.5,15.7,25.8,21,30.7,16.5,17.4,19.1,28,24.7,28.7
28.5,22.4,31.6,36.2,23.9,18.7,24.3,26.9,34.7,31,32,26.9,12.3,33.9,28.2,17.2,19.6,23.1,28,27.4,29.3,2.7,18.3,18.4,18.5,16.5,22.9,36.6,14.6,18.7,21.5,14.6,27.4,22,27.6,20.3,19.8,21.3,21.1,23.1,31.9
33.5,21.7,33.4,36.8,22,19.7,25.3,27.5,33.3,32.3,32.5,27.3,12.6,33.5,28.8,19.3,19.9,27.1,22.4,26.6,27.7,3.4,15.8,19.2,19.3,15.5,18.4,37.9,14.1,18.5,13.4,17.9,27.7,24.9,30.6,23.6,22.1,18.6,22.3,26.6,33.4
30.2,17.9,36.1,38.7,20.4,23.9,23,29.3,31.7,30.4,33.8,25.3,14,33,28.6,17.6,22.2,28.9,21.8,27.6,20.5,5.6,18.5,19.2,17.4,20.1,19.2,27.5,16.1,19,14,18.4,27.5,26.5,29.7,24.2,23.1,12.9,20,24.6,35.2
19.7,23.8,33,38.9,20.3,18,21.8,22.5,30.2,26.5,24,25,12.8,32.6,29.4,19.7,21.2,20.2,20.4,18.5,21.7,2.2,18.4,20.4,18.8,15.4,19.1,25.4,16.4,18.2,16.5,19.5,24.5,26,30.2,22.5,20.8,12.3,23.2,24.4,30.9
22.5,32.1,32.1,35,18.6,25.6,23.2,23.8,32.8,28.2,24,25.2,14.2,32.9,28.2,19.9,24.5,24.8,24.4,20.1,20.9,2.1,18.4,20.9,25.7,13.9,20,30.4,18.6,19.6,14.6,18.8,28.3,22.3,26.3,26.2,25.5,16.6,25.4,24.8,30.7
25.1,22.9,32.8,30,25,27.5,24.9,23.2,34.9,30.5,18.4,23.3,14,33.2,27.5,21.5,21.7,26.9,25.9,22.5,23.1,4.7,19.5,22.1,27.3,16.1,20.2,29.2,14.9,17.1,17,21.7,26.8,25.1,27.1,27.3,26.2,13.7,19.5,26,33.3
25.7,21.6,35.5,27.1,27.1,25.4,27,24,33.2,31.2,21.4,24,14.6,34.2,27.2,12,21.4,18.6,27.8,23.1,22.4,0.2,15.6,18.2,29,15.9,21.1,32.9,13.6,15.8,22.9,10.7,25.2,26.3,28.3,26.8,25.1,15.3,18.5,23.1,36.4
22.9,20.8,34.5,23.9,19.6,19,21.2,25.6,33.6,30.2,24.2,24.9,14.5,35.5,28.2,12.5,22.2,19.3,30.5,23.1,24.4,2.5,17.1,18.8,29.3,13.5,22.4,39.2,15.2,15.1,23,14.9,24,23.5,27.2,25.7,23.5,21.7,18.8,17.1,26.7
28.2,24.7,36,23,19.9,20.9,19.9,25.2,32.7,30.6,26.4,24.7,14,34.2,30.2,13.5,21.7,15.3,30.3,23,24.8,3.3,15.4,19,24,12,23.9,38.8,14.8,15.7,19.4,14.2,23.5,26.2,30.9,24,22.4,20.5,17.3,18.9,22.8
33.1,24.8,29.1,20.5,21.5,24.2,17.1,25.1,33.4,31.5,26.3,24.7,12.5,33.3,25.2,17.6,24.5,14.5,30.6,22.9,31.3,7,16.8,19.7,14.9,18.6,24.7,31.6,14.7,13.7,13.6,16.3,30.8,28.2,31.1,20.2,23,17.8,19.2,22.4,24.2
31.4,25.8,28.5,29.8,21.4,24.5,19.2,26.4,31.4,29.3,27.1,25,13.7,34,24.6,23.9,23.2,22.5,25,23.7,36.7,7.5,16.4,18.5,16,19.7,21.7,38.3,18.8,17.6,13.7,17.7,27.1,28.6,29.9,20,16,15.6,19.4,23.1,20.3
23,21.8,29.4,29.5,19.2,16.3,19.2,28.3,31.9,33.8,26,25.7,11.7,34.9,24.8,12.1,18.7,24.2,28.9,24.7,30.2,8.3,15.9,19.2,16.6,17.5,23,40.4,21.4,16.9,17.5,18.7,26.7,27.3,30.3,24,15.4,13,19.4,23,22.2
23.7,17.4,29.8,18.5,19.9,16.7,20.6,25.7,32.6,37.5,28.5,26.1,14.5,35,25.7,14.6,16,22.9,31.1,13.9,23.8,3,15.6,20.1,18.5,18,21.3,28.7,19.1,16.6,17.4,14.8,20.6,27.1,30.5,26.5,19.5,14.6,19.9,22.9,25.5
22.2,18.3,32.5,19.6,20.4,18,23.6,23.9,30.1,34.5,25.9,26.5,11.7,33.3,25.5,16,15.1,24.5,33.7,15.1,25.6,2.9,14.7,19.4,20,17.8,20.7,30.2,18,13.3,14.6,14.2,24.2,25,30.7,19.8,21.2,15.8,18.9,23,30
22.1,17.1,33.5,20.6,20.8,18.1,26.1,26.4,29.9,33.1,26.1,25.4,12.9,33.8,25.8,17.3,16.5,22.4,19.7,17.6,39.2,2.6,14.5,19.6,19.5,17.3,17.8,33,14.3,17.7,15,16.6,24.8,25,30.6,17.6,20.9,17,18.9,18.1,30.5
23.6,18,25.6,22.9,12.6,24.5,27.6,25.6,31.3,32.4,18.8,25.6,10.3,32.4,26.3,14.1,17.5,23.8,21.4,20.9,33.9,2.5,17.2,19.3,14.5,16.9,20.2,34.8,14.3,17.8,19,20,27.7,17.4,33.1,19,18.5,14.5,19.8,20.5,31
26.8,23.6,28.9,25.6,17,18.5,30.6,24.9,32.2,21.7,20,26.3,12.9,33.5,27.7,14.6,19.4,23.1,20.9,22.4,24.4,3.8,19.9,18.7,16.3,17.3,20.2,29.8,15.7,17.7,17.9,20.2,22.9,18.3,32.6,20,16.4,15.4,19,20,23
33.9,21,24.6,28.8,18.1,22.3,22.3,28,32.1,24.9,21.8,27,13.8,32.5,24.8,18.3,19.8,12.8,18.7,22.6,18.8,1.6,18.8,17.7,17,20.3,17.5,25.7,15.6,21.8,15,18.8,18.4,20.6,30.7,19,16.2,15.3,19.1,23.4,20.8
25.4,25.2,29.4,23.1,18.4,23.5,24.9,28.2,32.4,24.8,23.3,21,13.5,32.7,23.7,16.3,22.5,14.4,20.7,17.2,21.9,1.3,17.8,17.5,16.9,20,19.9,25.9,16.3,13.2,14.4,20.6,18.5,25.9,30.7,23,13.9,16.7,19,19,20.1
20.7,19.8,29.7,22.3,18.4,25.1,26.5,25.2,30.2,22.6,22.6,22.2,13.9,34.1,21.3,17.1,22.2,17.2,24.8,18.7,25.1,1.3,20.2,18.9,18.2,16.5,21.7,27.4,17.7,19.1,14.3,12.3,21.8,25.6,31,23.5,22.3,19.7,21.2,23.3,26.2
25,17.8,31.9,28.5,19.3,15.7,27.8,26.5,28,26.2,23.3,22.7,13.2,30.8,22.2,16.6,22.7,18.3,26.3,18.2,22.4,3.8,20.4,18.9,22.7,16.1,20.8,27.2,17.1,19.5,13.9,15.4,19.5,22.5,31.1,25,24,14.9,19.8,19,28.3
24.9,21.8,31.3,30.3,16.8,16.4,18.5,28.4,31,23.6,26.9,19.8,13.8,33.1,24.4,19.4,23.8,20.7,30.7,15.3,21.9,4.5,14.9,19.3,28,16.7,17.1,27.5,14.5,19.9,15.1,14.7,20.8,21.6,31,23.4,21.5,11.3,23.2,19.5,19.3
30.9,21.8,31.2,31.1,13.7,11.1,18.5,28.5,30.7,27.9,22.1,24.4,14.4,33.8,24.5,18.6,16.8,17.2,29.7,13.1,25.2,6.5,16.4,18.5,22.2,15.4,19.6,30.8,15.5,18.5,15.5,15.6,22,21.7,29.7,26.1,15,15.9,19,18,17.7
33.3,17.6,28,30,16.9,12.8,21.8,32.4,30.5,27.5,16.1,25.9,12.2,32.7,24,25.2,18.4,22.3,28.3,20.2,26.3,6.8,16.5,17.3,21.5,16.1,22.2,24.2,16.6,17.6,13.3,17.6,17.7,27,30.4,26.7,14.5,14.3,20.1,22.4,19.9
39,20.9,21.4,29.6,16.9,16.3,23.2,28.9,30.5,22.6,18.4,24.1,14.1,34,25.2,29.4,16.6,12.6,27.2,20.4,24.2,4.1,16.6,17.7,16.9,18,23.3,25.8,12.4,18.2,10.9,18.3,16.4,25.2,29.2,23.9,17.7,13.3,20.2,24.3,21.6
29.9,15.1,30.5,22.9,17.2,20.8,26,28.5,32.5,27.1,18.3,25.4,14,32.5,24.2,26.2,18,12.7,24.3,19.4,22.6,3.1,16.8,18,15.8,17.7,28.1,26.5,13.4,18,13.6,22.5,17.9,21,29.8,25.4,18.4,13.6,20.2,26.8,28.4
24.1,21,32.4,20.3,13.2,23.7,23.3,28.6,31.1,26.6,21.3,20.7,15.7,32.4,23.5,15.2,18.7,16.3,17,21.6,34.2,4.3,18.3,18.7,16.1,20.9,22.7,30.1,14.3,16.5,13.1,18.2,19.2,26,30.4,22.2,18.7,14.3,19.5,23.5,30.8
22.8,18.6,34.5,19.8,18.4,23.2,25.1,29.6,31.3,28.8,25,22.9,15.9,33.7,25.8,17.9,18.6,13,18.8,20.8,34.8,4.3,16.7,19.6,15,23.5,21.1,35.9,14.6,17.4,13.5,17.4,19.6,20,31.2,18.1,17.7,17.2,13.5,18.5,18
40.6,18.6,36.1,21.1,17.3,24,25,29.9,32.3,25.8,28.8,20.9,15.8,32.3,25.6,18.5,17.7,15,20.9,22.4,25.4,7.4,16,19.9,18.5,19.7,21.2,32.4,16.2,20.5,14,18.7,20.8,20.5,30.4,14.4,16.2,17,18.9,16.6,21
35.9,23,25.5,21.7,18.2,22.9,25.5,29,29.8,24.5,26.5,23.3,12.9,32.9,27,11,15.6,14.3,22.3,17.4,20.5,-2.3,14.6,18.7,20.2,20.1,23.3,30.4,17.6,17.4,14.4,17.5,20.5,20.3,30.7,18.2,17.6,15.3,20.2,18.1,22.3
22.2,19.2,28,21.3,20.4,22.6,17.2,24.8,27,22.7,18.9,21.8,14.2,32.2,21.6,16.5,12.8,19.3,20.1,20.3,22.6,1,14.2,18.5,18.9,15.8,26.2,26,13.2,16.2,12.7,16.4,21.2,23,30.7,16.5,15.6,12.6,20.1,21.6,21
22.5,16.9,26.6,16.8,17.2,23.2,12.4,29.6,28.5,24.7,17,22.6,14.8,32.4,22.9,15.3,20.3,19,21.5,22.2,25.6,6.9,14.2,18.1,18,17,26.6,26.9,12.8,15.8,12.6,18.5,23.3,20.7,30.3,22.3,15.5,13.7,16,20.4,20.3
22.1,18.6,20.9,17.2,17.8,9.9,16.2,29.5,29.7,25.2,15.3,24.5,14.9,33.2,23.7,20.8,13.4,16.5,27.3,17.3,30.5,4.2,15.4,18.3,20.5,16.2,22.6,26.1,12.6,17.1,15.2,20.6,22.9,19,30.7,23.5,17.5,11.8,17.6,16.7,22.3
22.8,17.5,25.1,19.7,18.4,12.4,16,33.9,28.8,19.7,21.1,22.2,15.7,33.3,23.4,23.8,16.1,15.2,17.4,18.5,33.7,-1.5,19.3,20.6,9,17.8,20.8,22.4,13,18.1,16.7,26.3,14.2,27.5,31.4,21.7,17.6,12.7,16,21,21.6
26.8,20,26.2,19,15.8,15.1,19.7,29.8,28.1,20.1,22,21.2,15.8,34.9,23.5,12,17.2,12.9,18.5,17,17.3,7,19.4,19.1,12.6,15.5,22.3,22.3,13.5,18.6,14.1,27.8,19.6,27.3,30.6,19.6,17.4,12.6,16,20.7,23.4
25.3,18.4,24.1,18,16.2,17.8,20.8,24.9,28.3,27.2,21.1,21.4,14.4,34.8,23.9,13.4,15.9,15.3,17.6,20.9,16.2,11,16,18.3,16,15.4,28.6,21.4,13.1,23,12.6,14,17.4,18.1,27.2,22.2,17.8,11.8,16.4,16.6,14.5
30,15.5,27.1,19.9,16.1,12.8,15.9,27.1,27.8,26.4,21.5,23.2,13.3,35.8,25.1,16.9,17.1,16.1,17.5,21.8,18.2,11.8,20.5,17.7,15.1,19.3,22.9,22.7,11.9,19.6,12.9,18.1,17.9,18.2,28.4,18,14.8,15.5,17.8,17.1,17.3
37.4,18,25.9,22.2,17.4,14.2,16.5,27.9,29.5,20.6,24.4,24.9,13.1,34.5,24.3,17.3,19,15.9,19.4,17.2,21,2.9,19.4,18.4,13.6,17.6,20.8,29.6,14,20.4,10.5,17,19.9,18.6,29.5,21,15.1,14.1,18.4,17.8,17.9
39.2,21,25.8,19.8,18.8,19.3,22.6,25.6,31.7,24.1,13.5,25.7,14.4,33.3,24.9,16.1,17.9,17.2,24.9,14.8,19.9,-1.5,14.8,18,17.6,16.9,25.5,31.9,14.5,16.1,10.8,17.5,19.8,21.3,28.6,12.3,12.8,12.8,20.4,17.4,16.4
28.9,18.2,27.8,19.2,16.1,11.8,15.9,25.4,34.3,24.9,16.7,21.3,12,34,22.5,18.6,13.1,13.9,27.7,15.2,25.9,10.7,16.3,16.9,16.6,15.9,30,29.7,14.1,18.5,14.9,14.6,20.4,22.2,28.5,14.2,15.4,10.4,19.4,16.5,17.2
32.3,21.2,29.9,19.5,17.4,11.4,14.7,27.5,31.7,25,17.4,18.7,14.4,33.6,21.1,20.4,17.8,15,26.3,15.3,26.8,11.1,17.8,17.5,11.9,15.4,25.5,25.9,14.1,16,17.9,24.8,18.7,16,28,18,16.5,12.4,13.4,15.3,19.2
32,21.2,29.3,18.9,19.8,11.8,17.6,26.9,32.6,21.7,19.4,21.1,13.6,33.5,21.7,19.8,16.9,15.9,23.7,18.4,21.2,10.6,22.9,18.6,12.4,16.3,24.6,23.3,15,14.7,14.3,14.7,17.7,21.4,29,19.8,13.5,16,13.5,20,19.6
32.2,24.4,20.4,18.2,15.3,14.1,19.5,30.4,29.6,19.7,21,20.8,15.8,34,22.8,25.9,16.5,17.9,16.5,19.2,22,4.6,21.3,18.2,12.9,17,23.2,22.2,13.2,19.6,13.6,23.9,17.7,22.9,26.5,15.8,14.6,15.1,12.9,16,14.6
37.3,17.3,24.4,15.9,15.5,17.4,17.6,32.9,30.9,20.2,18.4,21.1,16.1,34.1,18.1,22.4,16.1,19.9,17.7,19.8,27,10.3,17.3,18.8,16,17.9,23.3,27.1,10.6,20.4,13.9,13.4,15,17.3,29.3,15,16,10.9,11.9,15.7,20.1
32,18.5,25.5,20.6,15.8,19.8,16.1,28.4,31.5,22.7,14.2,21.2,13.7,33.6,22.2,20.9,14,11,17.7,20.5,29.9,10.5,18,18.4,14.2,22,20.9,26.4,11,17.4,12.5,17.8,14.1,19.6,29.2,18.5,17.2,13.6,13.4,15.2,20.1
34.2,20.3,26.3,25.4,15.3,16.6,16.6,25.7,31.5,21.2,13.8,21.3,14.3,34.6,20.9,23.1,17.6,15.9,19.6,18.9,29.2,12.8,28,19.4,14,19.1,23.5,22.5,13.7,16.1,11.4,18.8,16.4,17.8,26.9,12.2,17.2,14.6,15.1,16.5,18.6
31.3,19.3,27.7,27,16.1,11.9,18.9,25.5,30.6,22.7,13.6,22.3,15.1,32.9,21,20.7,13.1,13.9,20.5,18.2,17.1,10.4,18.4,18.4,15.5,18.2,25.6,20.5,14.8,16.9,17,21.3,15.7,17.1,27.4,15.3,17.3,14.6,16.6,16.5,19.4
24.8,19,22.1,27.9,18.2,12.1,15.6,27,31.5,26,11.5,23.9,14.2,32.8,20.7,17.9,14.7,13.7,23.1,18.1,16.2,13,17.9,19,14.8,22.4,26.7,22.1,14.4,17.2,13.9,27.3,15.7,16.8,27,11.4,17.2,12.6,17,16.6,17.3
23.9,18.7,18.3,27.8,17.7,12.8,15.3,27.9,31.4,20,16.3,19.6,13.9,34.4,21.9,20.6,16.4,13.1,18.5,15.1,19.2,7.7,20.4,19.3,16.8,19.9,33.4,19.1,11,19.6,15.8,18.8,16.7,16.6,27.5,18,11.4,9.4,16.3,19.8,18.3
29,14.8,21,20.9,13.8,12.6,18.6,28.2,30.3,16.2,15.6,19.2,13.2,33.3,22.6,21,16.2,16.2,20.6,18.1,25.7,11.2,23.5,18.6,9.7,18.1,23.9,22,11.4,17.4,14.7,18.9,17.8,17.3,27.2,21.3,13.5,13,17.7,14.6,18.8
21.7,19.3,23,19,19.6,11.8,20.3,27.6,30.6,18.2,14.7,18.7,12.7,33.1,22,19.6,13.8,14.6,21.2,14.7,25.5,12.7,15.4,18,13.7,17.9,22.2,26.6,11.6,22.5,17.8,25.5,18.4,18.3,26.8,20.5,13.4,13,18.2,18.2,14.1
22.5,20.6,22,19.1,13.6,12.8,14.6,27.6,31,19.1,15.8,20,14.8,33.9,22.9,19.4,16.9,13.1,22.3,16.9,21.8,16.3,17.8,18.1,14.5,16.1,22.6,22.5,12.9,19.9,17,21.2,18.3,16.6,29.1,13.6,13.9,13.8,20.4,19.1,13.2
23.8,18.5,23.4,20,21.9,15.9,10.2,32.5,30.8,16.1,20.1,17,12.4,33,20.7,18.7,14.2,12.4,16.6,18.8,23.6,8.3,22,18.8,12.2,18.9,21.5,21.1,13.4,18.2,13,27.2,18.4,15.7,20.3,15.5,12,15.1,13,18,14.2
29.2,17.1,25.4,23.9,18.9,17.5,14.4,28.9,29,14.8,13.8,20.3,12.4,32.3,20.9,22.6,15.4,13.2,15.5,17.9,29.1,-1.1,26.9,18.7,15,18.1,22,20.5,12.9,16.9,13.9,16.2,20.7,20.5,23.8,15.2,13.8,16.7,13.1,17.2,16.1
31.6,18.1,27.6,26.1,19.9,8.7,15.3,28.1,25.4,17.4,17,20.1,12.5,31.7,21.9,20.9,12.7,13.3,17.7,19.5,25.8,5.1,23.9,19.4,12,24.4,23.6,21.4,13.3,18.5,14,27.3,20.5,16.5,25.6,16.3,14.4,13.7,16.8,15.8,15.5
35.9,20.9,26.3,14.8,18.5,11.4,15.7,28.4,26.5,17.2,15.5,21.4,13.7,31.5,22,20.6,12.7,12.2,15.9,19.7,18.9,15.5,21.9,17.5,11.1,20,22.8,23.6,14.1,24.8,14.5,31.9,18.6,15.4,24.8,17.5,15.2,13.3,15.7,18,16.6
28,20.8,25.9,15.7,16.8,11.5,14.7,25.9,26.1,15.2,18.4,16.7,18.8,33.4,20.1,28.9,11,12,16.2,19.6,14.7,15.9,18.3,19.7,10.9,21.2,22.6,24.9,13.4,20,14.9,25.3,19.6,15.9,21.7,16,14.6,13.5,17.7,18.8,19.2
27.4,12.6,28.1,15.5,16.5,14,12.1,27.9,29.9,14,18,18.2,13.1,35,20.9,19.3,12.6,13.9,18.4,15.9,17.1,15.7,21.6,18.2,11.1,18.7,25.5,26.6,12.2,22,17.3,25.4,20,16,23.8,15.7,17.1,14.2,16.7,13.8,17.9
30,14.3,28.6,16.7,15.6,13.3,13.6,28.4,29.7,14,18.5,18.1,12.8,33.9,20.2,15.9,15.7,16.3,14.8,13.7,17.3,18.2,26.6,18.9,11.7,20,28.2,25.8,14.5,22.4,15.7,24.7,16.6,14.7,26.1,12,13.1,16.1,18.6,14.5,14.9
40.3,17,19.1,19.1,17.8,12.4,13.2,28.8,30.1,11.1,19.5,18.4,19.5,33.5,18.9,18.9,16.2,16.7,14.1,16.3,19.5,8,16.4,18.7,13.2,18.9,29.5,21.7,11.1,25.3,13.8,22.1,18,17.2,25.9,12.5,11.6,14.1,18.3,19.1,14.8
33.1,18.4,18.6,23.1,17.1,10.2,13.8,31.3,30.8,16.5,16.1,18.3,16.1,34.1,20.1,18,16.6,13.5,14.8,18,18.6,6.9,18.2,18.5,11.9,25.5,36.3,20.6,14.3,29.4,13.4,24.3,18.1,15.3,23.3,15,15.2,14.6,15.4,15.7,15.6
32.3,18.3,17.5,18.5,16.8,10.3,14.8,28.2,30,18.6,14.4,22.2,13.4,33.9,20.5,13.7,15.4,15.9,13.7,19.4,17.1,0.5,19.3,19.2,11.5,28.9,28,24.3,12.3,20.1,11.3,27.9,16.6,14.8,22.6,13.2,14.7,15.3,17,15.9,16.9
23.5,19.1,20.1,16.2,16.8,10.7,14.2,30.5,29.7,19.2,12.9,23.3,13,34.1,18.4,15.1,14.8,14.9,13.3,21.4,15.9,10.8,19.2,20.4,15.2,19.4,23.5,20,14.1,19.8,12.2,25.7,19.3,19.3,24,15.7,16.3,16.3,16.5,15.1,15.4
19.1,15.8,21.7,24.5,15.7,9.9,14.5,37.1,30.2,20.8,14.1,20.8,16.9,34.1,20.7,19.5,13.5,14.4,15.4,19.6,14.7,14.1,19.7,19.8,15.5,20.3,22.7,20.3,14.6,18.7,15.7,23.4,20.7,18.8,25.5,15.3,11.9,16.7,19.2,15,20.9
24.9,14.3,22.7,23.8,15.2,13.4,14.2,26.3,30,15.1,15.7,19.1,16.5,34.3,21.5,17.6,16.3,12.7,15.8,17,15,15.7,20.6,18.9,12.6,22.3,24.3,24.4,15.2,18.1,17.5,17.2,20.4,19.3,26.1,13.4,15.9,14.6,14.5,14.1,17.1
27.2,18.2,19.8,28.7,15.8,11.8,12.6,25,30.1,13.3,16.5,18.1,20.1,35,21.9,22.3,13.4,11.3,19.5,18.8,20.5,18.2,21.5,18,13.5,21.6,28.4,21.7,15.1,20.2,11.1,20.8,17.1,18.4,25.1,9.5,13.8,11.6,16.4,16.9,17.8
23.4,20.5,25.4,23.8,16.9,12.7,14.7,26.3,28.9,14.5,18,18.7,18.6,34.7,20.2,26.9,12.1,9.8,18.5,19.2,22.7,17.8,20.3,18,13.6,19.1,36.4,23.2,13.7,23.1,15.3,25.5,17.6,17.1,24.7,15.7,17,13,21.3,17.8,15.7
23.6,20.4,24.9,18.7,18,11.1,15.5,30.9,29.9,14.4,19.2,19.5,14.2,34.7,21.1,25.4,9.1,10.4,17.8,14.6,15.9,5.9,21.4,18,14.8,18.4,37.6,20.6,14.8,24.8,19.1,35.6,17.6,14.1,25,10.5,13,13.1,17.7,17.5,15.5
27.7,13.6,26.2,18.6,21.9,11.4,15.1,30.2,29.4,15.3,13.4,17.3,14.9,31.5,23.2,19.3,10.3,13.4,17.1,19,14.1,16.4,25.2,19.2,12.7,21.2,35.1,19.3,13.7,27.8,15.2,25.4,17,15.1,24.6,11.4,13.9,13.6,14.6,20,16.9
26.9,13.3,21.4,17.8,17.9,10,14,29.6,29.7,16.8,17,18.5,15.1,33.7,23.3,21.5,12.3,15.3,17.5,23.1,15.5,16.6,20.3,19,11,24,24.2,21.3,12.2,27.9,14.8,30.3,16.4,18.5,24.3,12.3,15.3,15.8,16.1,17.5,19
27.3,15.4,25.4,18.4,18,12,12.6,30.5,30.1,17.9,17.2,16.8,15.5,34.8,20.9,19.9,13.2,15.3,19.1,21.2,15.8,13.2,19.1,18.6,14.9,28,27.6,20.4,13.8,22.1,14.8,22,17.9,17.1,25.2,12.4,12.6,17.2,15.5,21.3,16
35,15.4,23,20.1,21,7.1,15,26.3,29.6,16.4,18.5,17.3,15.7,32.6,21.3,17.3,15.7,13.1,14.2,17.2,15.4,17.5,20.1,18.1,15.2,27.5,26.8,19.5,13.1,21.2,15.3,23.7,18.9,15.4,25.9,12.8,15.7,12.7,15.2,19.1,14.1
34.8,14.4,22.5,19.5,17.6,8.7,8.8,30,29.4,17.7,16.3,19.7,17.8,31.1,21.7,18,12.2,13.4,10.7,18.9,17,17.4,25.5,19,14.8,21.8,30.1,16.5,12.5,22.1,16,27,13.2,14,25.8,13.1,15,14.9,16.9,18.3,18.7
22.3,16.5,14.2,16.9,18.5,10,9.9,28,29.3,11.7,13.5,21.7,21.9,32.8,21.2,21.2,12.6,10,14.3,19.2,18.5,20.2,29.7,19.7,15.1,22.9,31.7,17.4,13.7,26.7,15.5,30.8,16.3,14.2,23.9,14.8,15.6,13.5,19.4,18.2,17.8
24.3,17.4,19.6,17.1,19.5,11.6,11.5,34,29,11.9,17,18.3,20.7,32.8,20.8,24,14.6,11.7,17.4,21,15,9.8,34.4,20.1,13.4,26.9,23.9,18.5,13.4,26.4,14,31.4,16.1,14.5,23.7,14.7,15.1,16.1,16.4,13.7,17.2
31.4,19.7,19.6,20.8,19.7,11.2,13.9,30.5,29.2,9,13.7,17,12.6,31.9,20.7,21.3,12,13.3,17.5,18.7,17.1,13.3,19.1,20.3,13.2,23,28.1,20.7,14.4,23.3,16,23.8,20.3,18.6,25.1,12.8,15.2,14.4,18.2,14.8,20.5
20,13.4,20.7,24.9,21,10.2,13.2,30.6,29.1,8.2,14.3,17.5,17.5,27.7,20.6,16.1,10.1,11.8,15.2,20.6,19.6,8.9,17.8,18.9,12.4,26.3,29.6,23.4,12.5,20.1,16.3,23.7,14.7,20.8,23.5,13.3,14.6,14.4,15.2,15.3,16.5
19.7,15,14.7,23.3,19.9,8.8,10,30.5,29.2,13,16.9,18,23.3,29.7,21.3,20.6,16,12.9,16.6,21.5,11.9,17.4,18.7,20,11.5,22.8,25.5,20.7,12.4,20.7,20.5,22.2,13.3,18.4,26,15.4,11.9,10.7,18.2,14.8,16.6
18.7,17,15.5,16.8,18.6,9.4,13.4,29,27.8,13.1,17.2,17.9,22.4,34.3,21.2,20.6,11.1,14.1,18.4,25.2,13,10.6,22.3,19.5,13.3,20.8,30.4,15.5,15.7,23.3,14.7,34.3,15.6,23.7,24.4,10.7,13.1,12.7,19.2,14.8,15.7
20.8,18.9,14.5,17.2,28.8,8.7,13.1,30.2,28.4,13.8,17,18.4,12,30.3,21.7,23.1,12.5,14.3,15.3,17.1,14,12.9,16.5,17.9,14.7,20.7,28.5,16,14.9,21.7,13.6,29.1,15.4,18.6,24.6,13.7,13.6,13.7,17.5,17.7,17.8
23.2,17.9,21.4,19.3,19.7,11.7,11.1,32.2,25.3,14.2,17.9,22.7,16.8,28.4,22.8,23.6,12.6,12.9,15.1,21.8,15,9.7,15.8,18.4,15.4,22.2,30.9,17.1,12.8,23.2,15.6,20.5,19.1,18.9,26.6,10.3,13.3,21,17.8,18.6,20
25.1,14.5,19.5,27,19.6,10.9,10.2,29.7,27.8,14.3,19.9,19.8,19.5,28,20.5,24.7,13.7,15.3,16.9,24.5,15.1,12.9,18.8,19.2,18,19.6,32.1,19.1,13.5,23.1,18.8,20.3,17.3,15.3,25.1,11,12.6,12.4,18.5,14.7,23.3
25.4,15.6,14.8,25.1,21.5,10.9,13.9,29.9,24.9,14.7,16.7,20.8,24.1,30.8,20.3,18.1,14.7,14,16,25.1,15.1,17.8,19.6,19.4,13,23.3,36.1,15.8,14.1,24.5,13,23.7,20.4,17.3,23.3,14.5,16.1,14.8,19.7,14.6,19.5
28.8,15.4,15.5,23.2,21.4,9.3,12.8,29.7,27.6,11.9,14.7,16.4,23.6,29.7,20.1,22.2,10.7,13.4,14.7,27.7,14.7,14.5,24.1,19.5,11.6,24.7,39.9,20.8,13.7,28.7,18.1,25.7,20,14.4,21.7,10.2,17.1,14.5,18.9,14.4,18.7
30.4,20.6,17.5,26.8,17.6,11.3,13.6,31.3,21.9,14.3,14.3,16.8,16.3,29.9,20.1,21.5,12.1,14.5,15.6,19.9,11.8,17.2,31.3,20.2,12.6,28.1,37.8,18.1,13.6,24.1,19.9,28.2,20.2,19.7,23.4,13.9,15.4,17.9,16.2,14.5,22.9
31.4,20.7,17,19.5,21,13.5,13.3,32.4,23.7,15.3,15.7,18.3,14.2,32.2,21.6,29.4,12.9,15.6,18,20.7,12.1,14.7,26.9,20.3,15,25.1,30.8,17.7,11.3,23.3,23.4,24,21.4,18.6,24.5,14.1,11.6,19.5,14.6,21.1,24.5
22.3,15.7,15.3,18.1,23.7,10.2,11.9,29.5,26.2,10.9,17.2,18,15.2,32.7,24.8,32.5,12.3,13.2,18.6,24.3,13,14.7,32.9,21.3,14,23.9,27.7,21,12.1,21.5,25.7,19.8,25.7,17.9,22.6,12,14.6,12.7,15.8,18.4,18.1
24.2,18.4,17.2,17.9,25.3,9.3,12.8,27.1,24.1,10.4,21.9,18.7,14.4,33.3,21.7,20.4,12.9,13.5,13.1,26.1,14.5,12.1,25.9,22.2,12.4,22.4,30.3,20.1,12.4,24.3,19.9,23,23.5,15,26.1,9.7,13,14.6,20.9,15.6,16.9
33.1,19.2,15,27.8,28.3,12.3,13.1,28.9,24.1,14.8,16,20.2,12.7,33.4,23,20.1,13.3,15.3,14.6,27.5,12.6,9.7,20.6,21.8,13.4,34.1,33,22.5,11.3,29.4,14.2,30.1,25.2,14.2,21.1,12,13.7,17.8,16.8,14.7,18
25.8,21.5,15.6,19.4,20.3,9,11.6,29.2,25.9,15.9,20.5,17.2,14.7,33.4,23.3,29.1,13.6,15.8,20.5,29.3,12.6,19.4,20,20.3,11.7,22.3,35,20.1,13.6,33.7,14.5,36.6,19.5,13.9,21.3,10.7,17.1,20.7,16.3,16,18.8
34.6,13.6,19.9,26.5,22.4,12.2,11.9,29.1,25.5,15.2,16,18,12.6,34.4,19.9,22.7,11.4,15,17.5,19.2,12.7,17.8,23.4,21.4,15.8,32.1,27.8,15.8,12.5,21.6,23.2,21.5,18.3,14.3,24.8,11.3,21.1,21.7,17.5,17.5,18.8
24.8,21.4,9.4,25.1,25.9,12.1,12.1,29.7,24.1,14.5,16.1,18.9,23.6,34,21.3,16.9,12.9,15.8,14.3,22.8,13.4,24,24.7,20.6,13.4,18,27.2,16.3,13.6,21.3,13.5,25.3,17.1,15.2,25.8,12.6,10.8,21.6,20,19.5,19.4
20.2,14.1,13.2,27,24.9,9.9,14.9,30.6,23.6,14.6,19.1,18.9,21.7,32.9,21.3,17.3,14.2,14.3,16.3,24.6,14.5,20.3,20.1,19.3,21.2,23.4,30.5,16,15.3,22.6,14.8,32.2,18.5,19.2,23.6,13,13.7,18.3,23.4,18,14.8
19.4,14.4,15.4,27.5,20.3,12.1,11.8,32.1,26.3,14.1,22.9,21.8,18.3,31.8,20.8,22.6,12.8,14.1,18.5,19.2,13.9,20,24,18.7,10.6,21,34.3,17.9,11.6,31.2,15.5,25.4,18.5,18.2,22.5,13.7,15.4,14.2,18.7,19.8,19.8
19.5,15.4,15.9,29.9,22.1,13.6,11.8,30,25.9,9.4,15.7,21.8,21,29.2,23.1,21.4,12,12.7,17.9,25.5,13.2,25.1,25.5,18.2,11.5,21.7,35.9,18.3,13.2,34.5,15.9,28.6,17.3,19,24,13,16.6,15,18.8,18.5,19.7
20.4,17.7,17.4,31.8,22.3,11.3,13.6,25.9,25.6,16.6,18.1,18.8,22.4,31.6,24.7,21.6,13.3,13.7,14.7,29.9,14.7,22,26.6,19.1,12.5,26.8,36.8,19.4,13,18.8,17.1,36.8,17.8,22.1,24.1,11.6,13.5,18,14.3,17.2,27.8
24.1,21.5,18.2,21.3,22.9,12.6,14.9,28.7,24.4,10.2,22.5,18.4,18.8,33.5,25,31.4,10.8,12.7,17,27.5,15.3,23.7,32,19.7,16.6,18.1,34.9,16.5,18.3,22.3,17.9,27.2,16.9,20,24,16.2,11.8,19.1,16.6,16.1,16.6
29.1,19,16.1,24.6,24.6,12.4,12.2,29,25.3,10.5,28.8,17.8,15.8,32.5,19.5,36,14.4,12.3,17.2,26.9,12.9,23.4,19.1,21.3,17.6,20.9,33.6,16.6,17.4,20.7,15.5,28.4,18.9,14.3,24.3,13.3,15.9,19.9,18.2,18.2,18.8
28.1,17.7,16.3,25.6,26.1,11.1,14.8,31.7,26.9,10.5,19.4,17.7,18.9,32.8,21.5,20.6,14.7,12.1,17.8,29.3,13.2,29.8,21.5,21.5,15.2,29.1,33,16.9,14,21.6,19.4,29.2,17.4,14.6,25.9,14,19.2,15.3,16.7,26.7,17.3
29.7,15,14.6,27.9,24.2,11.6,14.6,31.4,26.2,9.1,18.2,17,21.4,30,23.7,22.3,11.6,16.4,17.2,25.8,12.1,27.5,25.4,22.6,12.3,33.6,26.6,22.9,16.2,25.9,27.9,19.5,19.5,14,22,13.8,22.1,15.9,16.2,18.7,18
31.2,18.6,14.5,32.5,29.2,9.1,13.9,26.2,26.3,12.2,18.5,18.9,14.4,31.8,25.7,18.5,12.4,12.7,19.8,27.3,14.3,25.8,26.5,19.3,13.2,25.7,31.3,15.4,12.7,17.1,21.7,24.1,18.2,17.1,23,14.7,23.8,16,12.7,19.5,25.9
22.6,21.1,16,30.3,23.3,9.7,13.7,27.3,26.6,12.2,27.4,18.3,15.7,30.8,23.3,20.9,13.3,15.5,16.3,26.9,15.1,20.2,26.1,19.3,20.4,31.7,37.5,16.1,12.6,20.7,13.6,34.9,17.5,20.1,23.6,12.5,14.6,16,15.2,18.8,21.8
21.3,17.6,14.3,30.5,28,10.4,9.8,28.4,27.4,14.1,18.2,21.2,18.2,32.2,24.6,30.2,15.1,9.4,16.2,28.1,12.8,25.3,19.9,20.6,25.2,34.9,35,19.3,14.1,27.9,14.7,26.9,18.9,22.1,23.7,14.5,16.8,17.6,17.8,20.3,16.6
16.5,16.2,13.9,21.5,22.3,11.7,13.9,26,27.8,11.8,20.8,22.9,27,33.1,22.3,22.8,15.7,13.6,15.7,31,13.3,26.7,25.6,19.4,17.5,28.6,37.1,20.2,19.1,26,16.5,20.3,19.9,22.6,23.7,13.8,19.4,17.5,22.5,18.1,23.1
18.1,21.4,14.8,29.6,22.8,13.1,12.1,27.9,27.2,11.8,23.4,17.1,32.2,32.6,22.4,20.2,15.7,15.9,13.7,19.8,11.9,20.7,24.8,20.2,17.2,20.7,35.3,20.2,13.4,24.6,20.8,20.5,20.4,19.1,23.6,14.2,14.9,20.4,26,15.9,25.3
17.9,19,15.6,23.9,30.6,12.4,12.9,28.3,28,11.5,28.1,21.4,13.9,33.2,22.8,23.6,14.9,14.2,14.6,20.8,13.3,24.6,19.6,20.2,13.4,21.6,28.8,23.3,14.2,32.7,24.8,44.1,19,19.7,24.7,13.4,15,18.9,22.1,18.8,26.6
19.7,20.3,16.4,23.3,17.4,9.7,12.8,25.1,27.1,12.1,24.8,18.4,16.3,32.4,25,23.6,11.7,9.6,13.7,24.6,14.7,27.3,28.1,21,12.6,28.6,34.7,18.6,15.4,34.6,28.7,39.7,21.6,22.3,24.7,13.9,18,14.5,17.9,20.6,28.7
20.2,14.1,16.7,31.5,22.4,11.8,13.6,30.1,26.6,13.6,18.5,17.8,21.2,29.8,21.2,28.8,12.9,12.2,19.5,25.9,13.8,30,25.6,19.6,17.5,34.4,38.7,16,14.3,27.8,18,28.5,24,30,25.2,11.9,19.1,17.4,17,26.9,22.7
24.6,16.6,15.6,36.3,19.4,7.3,11.6,27.9,23,7,18.5,19.1,32.9,31,21,15.4,14.5,12.6,19.6,26.6,14.5,21.2,28.6,20.1,22.4,24.9,41.1,19.2,14.2,21.4,13.7,35.2,19.7,20.5,25.3,14.2,20,15.2,18.6,26.8,19.8
16.5,22.5,10.3,34.7,26.7,8.6,11.9,26.8,24.7,12.3,23.6,18.5,22.4,30.6,21.6,17.5,13.7,16.1,14.8,30.2,14.2,22.1,24.3,18.7,21,21.8,41.9,19.3,15.6,34.4,17.3,37.1,17.9,20.2,27.2,12.7,19.8,14.3,23.3,19.8,26.7
17.1,21.2,11.6,38.8,20,11.1,13.5,26.5,24.7,15.2,25.3,19.8,20.9,31.3,24.1,18.4,14.7,19.1,19.4,32.4,14.6,25.2,27.9,19.5,13.4,34,37.1,20.2,20.7,25,15.4,41.2,19.1,18.9,22.8,12.1,23.4,17.4,19.9,18.9,32.5
18.5,22.1,12.7,25.3,16.9,11.6,14.1,26.9,26,15.1,16.3,22.4,21.5,32.5,24.1,23.4,19.6,13.5,18.6,34.2,13.7,23.7,28.5,20.2,12.4,34.6,42.1,21.6,12.7,21.9,16.9,42.2,20,20.3,22.9,11.3,18.7,25.8,19.6,17.8,19.3
21.7,15.8,14.2,27.2,21.9,11.5,14.3,27.2,25.7,15.7,22.5,24.8,19,32.6,23.9,26.3,10.6,13.5,14.9,27,14,24.1,40.4,20.2,17.9,24.1,33.1,17.1,20.6,25.6,18.8,29.1,22.5,20.5,24.4,12.1,20.9,30.2,27.8,21.3,24
17.3,18,13.8,35.2,29.1,10.6,12.3,27.6,29.8,15.3,26.2,19.1,20.5,32.7,23.5,17.1,13.1,14.7,17,26.9,14.7,16.4,23.2,20.3,15.5,28,31.9,18.3,15.2,28.1,26.6,19.4,26.8,23.4,24.4,13.4,23.8,17.4,22.2,16.3,24.7
19.2,19.3,9.7,38.5,32.6,10.6,13.2,28.5,27.8,17.8,33,22.1,18.7,32,23.6,20,14.4,17.1,16.4,16.2,12.9,19.5,25.5,19.7,14.2,35.1,35.8,20.2,24.2,34.7,20.5,37.9,20.1,23.3,25.8,14.2,17.8,14.5,19.2,16.7,23
17,18.7,11.3,18.4,24.1,7.9,12.5,28.7,28.5,19.5,27.4,20.3,18.4,31.3,23.6,19.8,13.2,19.4,19.6,17.1,10.7,21.2,29.4,20.4,20.2,36.5,37.5,24.5,14.4,23.2,16.6,39.7,18.3,19.3,24.7,11,23,17.4,18.7,19.3,26.4
18.4,19.7,13.3,25.7,30.4,9.9,10.6,30.3,26.4,12.8,26.3,18.6,27,32.7,25,22.3,15.5,12.9,18.9,24,14.4,9.6,25.3,21.3,25,30.9,25.1,16.4,12.8,19,17.2,26.9,14.8,15.7,22.3,14.8,26,12.6,19.7,18.8,29.6
17.3,17.6,14.3,35.5,29.6,16.8,10.6,28.8,25.4,15.4,30.1,19.7,33.6,34,25.6,28.1,12.4,13.2,13.2,30.2,15.3,14.8,21.7,22.3,15.7,23.9,26,18.3,13.8,28.1,20.7,26.6,16.9,22.8,24.4,16,21.4,17.3,19.7,19.1,19.4
20.1,13.5,13.7,36.8,27.4,11.1,10.5,28.4,27.9,16.5,20.7,23.1,18.8,33.8,22.2,33,14.3,21.7,15.7,34.6,16.2,16.7,26.3,23.3,14.4,29.7,30,18.2,14.5,34.8,16.2,33.4,20.4,22.9,27.5,12.6,14.7,21.8,21.6,18.4,26.3
12.3,15.8,12.3,38.2,22.7,10,16.1,28.4,27.7,10.9,28.5,17.7,19.7,32,22.8,17.1,14.2,18.2,15.8,33.7,15.8,21.4,27.3,22.8,25.7,25.2,34.5,19.4,13.1,28,20.2,32.2,19.8,21.1,27.6,13.6,15.3,27.8,19.8,20.6,33.5
17.1,17.6,12.3,34.5,21.1,11.3,17.6,24.4,25.9,9.5,27.3,19.1,28.2,33.3,23.5,23.4,15.3,14.4,22.2,37,15,20.2,28.8,22.5,27.8,19.3,35.2,23.8,13.4,30.5,24.4,32.2,22.6,19.7,27.9,15.2,29.8,19,22.3,22.7,38.6
17.4,12.8,12.6,38.6,24.7,14.4,15.3,24.9,23.7,15.4,18.3,23.7,33.2,32.5,23.3,18.7,16.8,17.6,18.7,32.9,12.2,21.8,44,23.3,17.6,29.4,40.1,20.9,23.4,31.3,25.9,36,26.7,24.7,28,16.6,18.4,22.4,19.2,32.2,19.6
18.5,18,13.9,39.8,34.4,14.7,12.2,25.8,25,14.7,20.8,24.7,23.5,33.8,21.4,17.8,15.4,18.4,15.5,29.9,14,21.8,23.2,21.7,13.2,17.6,28.6,17,18.5,24.4,17.2,25.6,19.3,19.1,27.6,14.4,17.2,23.5,18.3,21.7,26.1
18.6,31,14.2,27.4,22.4,9,11.2,25.3,24.9,16.8,25,30.6,24.6,33.2,26,22.9,17.3,20.6,22.8,27.1,13.9,20.3,24.3,21.7,13.5,22.6,28.9,18.2,16.7,30,20.3,27.1,21.4,22.9,27.7,8.8,19.3,21.7,19.7,31.6,33.6
13.7,27.2,12.9,24.7,18.8,10.3,13.2,25.4,26.4,20.1,31.7,31.4,23.5,32.5,24.9,38.8,18.6,13.7,20.8,32.4,13.1,18.4,26.8,21.1,18.2,24.2,30.7,20.4,14.9,25.6,33,30.1,25.4,21.9,26.9,15,11.6,16.2,20.5,31.6,25.3
15,19.4,13.7,23.3,33.5,13.1,17.4,27.9,26.8,19.1,34.6,21.1,40,33.9,25,17.9,16.4,14.4,15.8,34.7,14.2,20.1,22.8,21.9,27,29.5,31.9,23.2,16.8,29.6,17.1,28.6,30.6,19.7,28.2,18.4,18.1,14.8,23.4,17.2,24.9
15.2,16.3,15.1,34.3,34,14.9,11.6,27.2,26.9,20.8,35.7,24.5,26.2,34.5,30.8,17.6,18,16.3,18.5,26.6,12.4,17.6,30,21.4,30,19.6,29.7,21,14.9,18.6,18.8,26.1,26,23,26.2,11,27.5,27.9,28.9,16.7,24.9
14.1,16.4,14,37.3,30.3,19.5,17.2,28.6,26.6,20.5,21.7,27.9,23.4,34.2,24.9,15,14.9,16.8,27.1,28.4,15.1,13,22.2,22.6,20.1,29.8,28.9,18.8,21.4,29.1,28,29.5,22.7,25.8,26.9,15.1,25.2,31.3,21,15.5,25.8
14.1,18.1,14.5,39.6,30.3,14.2,18.7,25.8,24.1,16.2,22.7,19.3,39.9,32.9,25.4,16.9,15.9,21.6,21.8,25.1,13.8,15.8,24.7,23.4,17.7,37.2,31.4,19.1,14.9,23.4,33,29.7,22.8,20.8,26.6,15.6,30.4,28.8,20.6,17,19.6
12.7,18.4,11.3,39.4,20.8,14.1,16.4,22.8,24.6,16.1,25.8,19.2,44.4,33.1,25.2,25.9,17.3,19,17.4,31.1,13.1,12.2,22.9,23.2,18.4,28.5,37,20.1,13.7,24.3,27.8,21.1,32.5,22.3,27.2,15.1,20.6,14.9,22.2,18.7,16.5
14.7,18,15.3,38.3,22.9,11,13.9,24.4,24.9,19,15.5,24.1,27.9,33.4,26.3,15.5,17.3,18.3,19.1,35.7,15.6,13,27.7,25.3,22.8,23.6,27.4,22.9,15,29.8,17.2,25.8,17.7,25.1,28.3,12,27.9,16.2,22.3,23.7,20.9
15.4,19.3,12.7,38.2,28.6,14.2,16.4,20.4,24.9,20,19.8,22.1,27.4,33.9,22.6,19.6,20.4,16.9,19.8,30.4,13.5,14.1,22.8,26.2,20.9,31,25.1,22.1,21.7,19.7,20.7,36.3,17.3,34.1,27.7,13.5,20.6,24,19,19.3,26
18.6,24.2,15.7,39.6,24.6,15.6,17.6,21.2,25.6,17.8,20.9,22.5,19.5,34.3,21.3,22,13.6,21.1,23.6,29,14.1,15.6,24.5,22.4,15.5,38.4,26,20.2,14.1,25.1,18.6,30.9,19.7,23.6,26.3,17,21.8,28.8,21.1,19.9,30.7
16.1,18.4,16.1,41.7,19.6,16.7,19.7,23.8,25.5,16.3,33.7,21.3,28.2,34.6,26.5,18.6,16.1,26.1,29.9,30.5,14.4,17,27.2,23,12.5,40.7,27.9,15.8,28.8,29.9,18.8,23.5,20.8,21.2,28.3,19.9,25.1,26.8,21.1,25.7,35.3
17.7,20.4,13.6,29.9,28.3,18.6,23.6,24.6,27,22.7,29,20.7,27.8,35,29.1,23.9,17.2,16.5,18.2,33,15.5,18.3,28.7,23.9,15.5,29.3,30,18.5,26,37.8,23,24.2,18,20.1,27.6,22.1,28,20.4,23.3,21.5,30.9
18.3,24,14.6,22.5,17.5,10.4,13.2,23.7,26.5,25.8,32.5,23.6,21.4,32.8,27.3,23.1,12.1,12.4,23.1,25.1,14.6,19.9,28.2,24.7,27.7,35.7,30.4,18,18.7,34.4,19.9,26.1,22,33.6,28.3,16.5,33.1,23.5,19.9,26.8,35.4
10.8,19.6,14.8,27.4,22.5,11.5,13.3,25,27.1,16.6,37.4,30,20.1,30.2,26.1,23.2,16.5,14.9,20.9,30.1,13.3,12.6,28.5,26,28.7,34,30.9,19.5,18.5,29.6,19.8,30.6,20,35.6,27.9,15.2,22.6,18.5,20.7,22.3,28.7
13.4,21.4,13.2,28.9,27.5,11.8,15.3,25.2,23.9,19.6,32.8,20.6,24.4,30.2,22.7,21.4,19.8,23.8,19.3,29.7,12.3,13.5,28.6,24.7,21,42,32.7,25.4,16.2,23.9,17.4,29,17.1,19.8,27.5,18.1,23,20.6,22.4,23.6,31.9
16.1,33.4,13.1,38.8,22,12.9,13.9,24.7,25.7,22,26.6,22,31.1,31,20.6,27.6,18.1,25.8,20.1,36.1,13.9,14.7,26.7,24.3,25.4,27.6,36.3,29.5,15.4,31.6,18.5,20.4,18.4,18.3,27.2,20.2,23.8,19.8,23,17.1,23.3
16.1,17.1,12.1,39.5,24,13.1,21.8,25.4,27.2,25.3,30.2,32.7,21.9,31.8,24.2,24.1,12.2,29.9,30.8,37.7,12.5,10.1,26.3,24.8,25,26.9,33.5,23.1,17.1,38.8,20,21.8,19.9,18,28.9,20.1,32.6,21.5,28,19.2,28.2
14.5,17.8,14.9,41.5,19.2,20,19.9,26.1,28.5,15.1,33.9,24.3,25.5,33.1,24.8,14.1,18.6,18.2,23.3,33.7,15.4,15.1,25.3,26.1,21.5,40,38.9,19.9,27,28.3,23,18.9,20.1,25.1,28.4,15.9,20.2,18.4,24.4,20.5,32.2
12.6,19.3,14.9,35.1,24.2,14.5,17.2,26.7,27.6,13.9,22.8,22.5,25.4,31.9,27.4,20.2,18.4,14.5,21.4,31.5,12.6,11.5,22.9,24.2,23,25.1,39.5,22.1,16.9,28,22.3,22.4,19,20,29.1,17.3,26.8,18.3,28.9,28.7,36
14.4,27.6,16.6,27.2,29,10.9,14.3,25.8,25.6,17.3,23.9,24.5,26.4,31.7,25.1,18.5,14.2,14.9,21.6,32.7,17.4,12.3,21.1,23.6,29,25.7,41.1,25.2,16.5,38.7,22.3,21.1,21.6,18.3,29.1,18.2,22.9,19,28.3,17.6,24.6
14,30.4,11.9,27.5,37.2,13.9,14.5,25.8,26.9,20.1,29,25.3,24.6,31.3,26.6,19.4,18.5,16.9,26,36.2,14.9,13.3,21.6,24,30.2,29,40.6,26,17,34.7,32.6,25.8,23.6,27.4,29.2,16.2,24.7,19.1,21.5,17.7,34.2
15.2,19.5,13.4,29.4,25.2,17.1,17.2,23.4,26.7,12.6,29.8,19.7,35.6,29.7,28.8,24.3,17.2,15.1,21.8,36,13.2,14.4,24.1,24.7,20.3,35.8,31.2,21,16.3,27.3,24.5,30.2,22,34.7,28.7,18.4,25.8,24.3,24.3,22.5,42
14.8,18.4,16.3,35.1,22.3,22.8,22,24.3,29.2,13.6,34.5,19.8,22.2,29.2,27.1,24,19.2,11.7,17.5,34.9,13.7,15.6,27,24.6,29.3,46.5,29.2,20.5,20.4,40.2,22.7,19.4,21.1,21.6,29.3,20.5,28.5,28,25.2,21.6,27.1
16,19.1,11.8,36.6,30.5,9.9,29.5,24.9,29.9,14,33.4,21.2,24.7,30.4,23.6,21.2,19,14.3,18.7,35.3,17.1,15.8,25.1,25.2,33.3,26.2,28.9,22.3,16.3,28.8,19,22.4,20.1,23.7,29.2,19.6,26.4,21.5,18.9,23.4,24.9
17.8,20.3,15.4,38.1,38.4,12.6,19.7,24.1,29.7,17.2,26.1,21,20.8,32,24.8,26.3,18.3,22.5,22.1,34.8,15,16,32.3,26.4,18.5,24.8,33.3,17.8,28.3,35.7,23.2,19.7,24.6,28.8,28.7,19.9,26.2,23.5,32,18.1,25.8
16.2,16.4,16.6,39.7,37.4,13.8,11.2,24.4,29.8,19.3,28.4,32.9,16.9,32.8,30.9,28.9,17.9,26.6,30.2,36.7,14.2,14.6,29.1,25.2,21.6,33.1,27.5,20.2,18.3,36.2,28.9,19.7,23.3,30.2,28.3,22.3,23.1,23.5,26.1,19.5,29.1
16.3,18.3,15.4,38.2,27.5,19.6,15.4,24,28.8,14.8,33.3,24.3,24.8,31.7,26.9,26.3,20.3,20.6,25.6,35.8,12.6,17.1,24.4,25.8,28,26.6,26.4,19.5,18.5,46.4,30.8,18.9,20.5,28.3,29.5,16.9,26.7,23.6,24.5,18.3,34.2
16.1,30,16,35.5,28.9,21.9,15.7,22.9,29,17,28.7,27.3,28,30,22.1,16.3,16.6,21,20,35.6,18.9,12.4,21.2,24.9,22.4,33,26.2,20.4,24.4,27,27,24.9,19.9,24,29.9,18.3,32.4,31.7,23.9,19.3,30.1
18.7,21.7,13,36,34.3,25.7,17.4,24.8,28.2,20.9,28.4,39.2,35.1,31,25.3,18.4,17.5,27.8,22.5,35.2,23.2,9.6,24.5,25.1,19.3,23.6,27.4,20.8,24.9,30,34,29,21.4,28.9,28.7,20.3,32.1,28,30.7,20.4,34.7
14.5,17.6,14.7,38,41.5,9.6,14.9,23.7,28.3,17,26.9,24,36,31,26.2,12.5,19.1,22.8,18.9,35.1,15.8,12.1,23.7,24.9,24.3,23.1,29.2,33.9,20.2,35.5,27.5,22.1,24.6,22.9,29.9,23.7,37,26.6,37.8,18.3,26.4
13.2,21.3,11.7,38.6,26.7,12.3,14.8,19.7,29.1,16,26,24.2,33.5,32.1,27,13.9,20.1,21,15.1,40.5,13.2,11.4,23.9,25.1,31.8,28.1,27.3,24.8,42.1,27,30.2,33.7,18.6,20.2,29.6,17.8,30.7,23.5,25.2,22.8,28.7
16.9,20.4,14.9,38.2,38.1,12.5,18.3,21,30.4,17.5,28.9,22,37.8,32,27.1,21.4,19.5,15.5,20,39.7,12.7,4.3,20.9,24.7,27.7,28,26.6,19.8,22.7,31.9,21.2,33.9,19.6,24.7,30.9,25,38.6,38.2,24.6,22.2,29.3
16.7,20,13.3,40.5,24.2,10.7,21.3,22,28.4,20.8,33.2,22,35.2,31.5,25.9,23.4,16.5,18.2,22.9,41.4,16.5,7.5,22.4,24.7,24.1,34.8,33.1,19.6,22.7,34,25.5,35,21.7,28.9,28.5,15.7,35.6,28.1,27.4,24.6,30.1
13.1,22.1,13.6,40.9,27.8,13.3,22,22.9,28,20.8,33.5,25.6,31.2,32.6,24.9,25.2,23.6,28,32.8,42.5,19.7,4.7,23,24.2,21.8,18.1,22.8,28.2,26.7,22.8,19.6,21.9,25.8,19.1,29.4,9.3,34.1,36.6,30.2,22.8,32.2
17.1,23.2,11.4,38.6,35.1,25.2,29.6,22.4,27.2,19.9,31.5,22.8,39.6,33,26.9,21.1,28,31.2,26.6,42.7,16.2,7.4,23.9,24.7,23.7,19.9,24,20.8,21.3,23,26.6,24.2,22.7,18.4,29.6,13.9,35.2,32,22.3,21.2,37
16.1,23.2,10.7,33.7,45.8,18.8,18.6,17.9,29,21,35.2,22.8,22.6,29.5,26.7,17.3,22.8,30.4,22.4,36.3,14.3,11.9,23.5,24.7,23.1,27.4,24.4,24.9,17.5,29.3,26.7,24.9,20.7,27,29.1,24.4,42.7,21.4,23.5,24.1,40.1
17.3,20.4,14.2,42.4,25.2,24.2,22.7,22,29.4,25.5,21.7,23.4,23,27.4,22.3,25,19.8,15.9,28,38.4,14.4,15,23.3,24.5,27.9,28.2,25.5,26.9,20.2,28.4,23.9,20.9,24,28.2,29.5,21.6,40,30.5,28.3,26.6,42.6
14.5,20.2,12.8,40.5,24.6,15,24.8,21.1,28.4,26.5,27.4,25.2,17.1,29.7,24.7,19.4,20.4,15,34.9,41.6,15,13.2,26.2,24.6,36.4,28.7,26.5,29.8,23.1,34.5,29.2,20.4,21.5,25.5,29.8,25.7,41.3,39.8,27.2,23.6,39.9
14.6,21.9,13.4,40.3,29.2,15.9,22.5,20.7,29.8,27.6,29.3,26.8,20.2,29.9,26,20.1,17.4,29.2,25.7,39.6,15.3,11.7,26.8,24,22.9,29,25.6,26.5,25.8,20,25.3,23,28.9,25.5,30.3,26.2,38.2,25.2,25.8,23.7,37.1
13.8,24.9,18.7,41.6,31.4,19.7,17.7,17.9,28.7,26.8,29.9,23.7,25.8,24.8,27.2,21.4,20.1,27,28.3,32.9,14,12.1,26.4,23.8,26.4,30,23.6,20.7,24,24,29.6,26.1,28.9,27,29.7,22.3,32.1,22.9,23.4,24.8,40.5
15.4,21.1,22.1,42.9,33,12.5,24,19,28.5,29.3,35,25.6,30.1,28.8,27.8,17,20.9,22.6,32.4,35.1,12.8,9.5,20.8,23.2,33.5,29.8,29.9,21,20.4,27,23.3,29.2,30.4,19.9,29.2,15.7,31,31,29.2,30.7,39.7
13.6,20.3,13.8,43.7,22.4,11.4,31.2,21.9,29.9,30,31,22.4,21.8,31,28.8,19.2,19.5,19.4,23.3,33.9,17.3,8.3,23.8,26.2,32.9,28.1,29.8,22.3,21.8,27.7,22.3,32.2,24.7,25.2,29.1,19.5,29,41,26.6,40.4,39.4
14.5,25.7,15.2,42.7,26.9,27.4,17.1,22.7,31.5,13.9,36.9,20.4,23.1,32.4,26.4,14.4,21.2,22.7,22.1,34.6,23,12.3,19.4,26.4,30.7,30.9,27.5,23.3,21.1,28.6,21.4,24.9,26.2,20.5,29.6,24.1,31.2,29,26.2,28.7,41.9
13.8,24,17.3,43.1,33,26.3,19.8,23.3,28.6,13.9,39,26.5,20.9,31.5,26.2,13.9,18,18.4,23.9,33.5,22.4,8.7,23,24.6,31.8,25.5,35.4,28.9,30.2,29.4,24.8,20.4,37.2,26.5,29.9,26.5,39.4,20.8,29.2,25.2,46.1
16.9,15.4,19.1,43.7,20.5,20.1,24,23.5,28.8,18.8,31.1,24.9,21.6,31.8,28.1,11.1,20.9,27.5,31.2,24.7,15,6.8,21.3,23.7,34.3,31.2,31.9,29.4,20.2,28.4,21.3,28.9,22.1,17.9,29.7,21.4,44.1,24.2,32.9,23.6,44.8
16.4,30.5,15.5,42.1,24.1,27.1,27.8,23.8,29.1,24.5,40.2,25.6,32.6,29.6,25.8,15.9,21.8,27.2,34,23,15.8,11.1,25.6,24.2,39.8,24.3,30.8,20.6,20.6,29,22.4,22.7,27.5,21.4,30.9,21.3,31.1,25.6,30.1,25,45.3
20.2,24.1,13.7,44.4,25.8,25.5,25.6,23.4,29.8,24.1,37.7,25.8,30.4,28,27.6,13,20.9,18.7,37.7,32.3,19.5,13.4,24.6,24.9,34.6,25.7,26,22,20.9,29.8,23.9,22.6,28,25.1,30.4,23.8,33.7,21,29.8,27.2,30.4
15.7,24.4,17.5,44,27,23,24.9,21.2,28.2,20.6,38.9,22.6,17.3,28.2,27.7,17,21.8,17.4,24.3,34.2,24.5,11.1,21,24.9,33,30.3,26.5,25.6,20.9,28.9,26.2,28.6,22.3,22.5,31.2,26.3,35.8,29.5,24.8,42.4,37
14.6,23.1,22.1,40.8,27.7,14.9,26.8,21.8,29,24.9,43.5,23.4,19.2,29,27.7,14.2,23,17.2,23.8,33,22.4,5.5,27.9,24.9,32.2,31.6,26.1,36,19.4,27.4,29.9,28.2,21.9,25.5,30.5,23.2,34.6,27.6,26.7,21.1,43.4
15.7,38.1,19.4,34.3,29.2,24.3,29.8,22.6,28,22.4,43.7,24,18,29.7,27.6,18.1,22.5,18.4,27.8,22.2,16.9,3.4,22.8,24.4,34.2,33.4,26.4,23.9,23.8,24.6,32.9,24.7,18.3,33.1,29.7,22,35.8,24,27.9,25.7,31.6
15,27.4,19.9,40.8,27.8,21.9,25.6,24.8,29.4,21.9,41.1,26,20.4,28.7,28.4,17.6,24.8,21.9,37.1,28.8,14,1.4,23.8,24.8,41.2,29,25,22.6,20.9,23.6,35.4,18.8,18.3,25,30.2,18.4,36.1,27.1,30.3,25.5,34.1
13.2,21.1,20.7,40,29.6,15.4,20.8,17.4,30.6,29.6,41.9,23.1,19.2,28.4,28.5,17.2,24.4,21.3,33.3,29.4,15.3,2.5,17.9,24.2,24.8,33.1,23,21.7,23.2,26.4,33.4,18.4,20,23.9,31,26.1,37.1,32.6,29.5,22.6,36.3
14,22,17.7,38.1,28.4,16.6,21.8,15.1,27.7,30.5,34.9,25.8,18.9,28.5,27.8,13.9,28.1,24.8,28.7,29.9,12,2.4,20.1,24.1,36.9,33.5,22.2,23.8,26.9,28.8,32.4,19.9,26.8,23.4,28.4,29.2,33.2,33.4,19.4,25.2,38.8
16,25.1,22,34.3,27.6,26.5,26.5,19,28.3,29.1,46,28,20.2,30.1,28.7,11.8,25,34.5,26.6,29.5,13.7,2.3,21.1,24.3,32.7,27.1,23.1,22.3,32.9,32.4,22.7,22.5,29.8,29.4,31.4,29,31.5,36.1,24.8,27.2,36.5
17.8,31.5,14,34.4,30,18.2,26.8,23.3,27.9,28.8,32,28,30.4,30.9,31.1,16.3,21.8,21.9,25.5,29.5,12.7,9.8,20.8,24.9,26.9,27.8,26.4,18.8,34.1,28.6,23.4,20.2,26.9,32.8,29.7,18,30,37.2,18,24.2,36.2
15.2,20.9,19.1,33,26.6,19.8,30.3,23,27.9,29.1,35.4,28.1,22.7,31.1,29.1,16.5,23.6,22.5,31.9,29.8,15.5,10.1,22.9,22.2,25.3,20.3,32,19.8,29.6,32.2,19.1,18.5,26.2,27.1,30.1,22.3,26.5,36.2,23,26.7,41.4
21.1,22.5,22.2,35.1,24.9,25,34.1,23.4,29,22,39.3,26.6,23.8,31,29.6,14.4,33.7,22.6,26,29.9,20.3,6.4,21.8,21.7,30.3,22.3,25.5,23.1,31.9,32.6,20.7,17.2,31.6,28.4,30.6,19.5,28.4,27.1,25.3,19.9,29.7
13.3,21.6,28.7,35.4,24.1,30.6,33.7,19.6,29.3,23.6,43,27.9,25.4,29.8,28,16,31.7,39.3,29.2,29.9,17,7,18.6,22.3,33,22.5,23.8,26.5,30.5,23.7,27.3,19.5,21.9,30.9,31.5,21.5,29.1,22.9,28.8,22,29.9
15.3,22.6,13.1,37.1,24.1,25,29.7,19.5,31.1,26.7,43.8,28.5,20.2,30.2,31.6,18.2,29,29,26.1,31.5,21.1,6.3,20.7,21.5,29.1,25.1,23.1,31.6,35.3,25.6,25.3,24.4,21.1,30.3,32.5,25.7,29.5,24.2,25.3,23.6,29.4
14.6,20.3,17.1,37.8,25.3,25.5,34.2,21.4,30.3,26.7,29.7,32.1,28.8,31.4,30.2,11.2,29.6,28.9,26.5,33.2,21.4,4.8,21.4,21.5,23.5,25.4,22.8,23.9,39.1,25.4,23.6,20.1,22.2,28,32.9,26.4,30.5,20.8,24.2,24.7,26.7
18.6,21.8,16.8,38.9,26.6,21.6,40.1,21,29.9,30.7,36.6,28.5,21,28.7,30.6,12.9,21.4,22.2,28.8,28.4,18.5,9.6,19.7,22.9,24.7,27.6,27.3,26.7,21.2,26.4,29.1,14,21.1,42.5,32.5,22.3,32.5,23.5,21.4,25.6,30.2
18.9,22.9,18.3,38.8,32.4,28.7,33.6,18.7,29.9,29.5,39.2,26.5,19.2,26.3,32.3,12.6,20.3,38,33.7,29.7,16.3,10.2,17.9,23.1,25.7,30,20.6,26.7,22.6,26.6,35,14.9,19,23.5,31.6,21.8,32.1,19.7,23.8,25.6,32.5
14.1,22.9,21,37.7,31.1,25.6,38.2,22.4,30.1,21.6,38.4,28.2,18.3,27.9,30.7,14.6,24.7,41.5,27.9,29.6,24.2,4,17.9,23.4,19.9,26.8,22.5,31.9,18.2,19,19.1,12.4,19.1,26.1,31.7,22.4,32.5,24.5,19.6,25.8,33
19.3,24,25.7,38.5,33.2,35.6,41,21.3,30.4,25.3,37.3,27.3,18.5,29.3,27.6,15.6,25.4,27.5,29.3,31.9,19.9,3.9,18.3,22.4,25.5,20.7,20.5,25.3,18.7,23.4,18.9,15.3,22,31.9,31.4,29,32.4,30.7,21.9,26.8,33.3
22.3,27.6,19,37,28,39,35.6,21.4,28.5,30.4,35.6,27.5,16.7,30.4,29.6,16.8,24,26.5,32.3,30.8,14.6,10.8,22.7,23.4,28.9,25.6,21.9,26.3,21.2,22.7,20.7,16.4,22.3,31.4,31.5,27.2,34,35.3,20.5,26.1,35.9
15.2,24.4,19,33.2,32.3,28,30.5,20.8,30.3,32.7,31.7,33.9,20.1,31.1,29.7,15.7,22,34.3,38.2,32.7,17.2,4.9,17.2,23.6,32.5,21.4,21.8,35.1,29,24.7,20.7,17.8,23.9,23.9,31.4,29.9,31.3,20.6,23,23.7,37.4
17.8,21.7,22.6,35.5,27,37.4,40.6,22.2,31.5,19.5,33.7,37.7,17.8,30.1,32.5,13.1,22.1,33.9,37.1,33.2,18.6,4.4,18.7,23.7,31.6,18.4,19.6,24.9,22.1,24,17,19,19.3,22.1,31.9,33.6,29.5,17.6,27.1,22.8,35.7
22.3,22,27.2,33,26.8,37.4,25.5,22,30.4,24.3,37.9,27.8,16.5,29.4,29.1,12.1,27.6,21.5,35.5,30.6,21.5,2.6,20.9,23.5,35.2,24.4,24,30.8,21.5,25.1,21.2,17.2,23.4,25.4,32.2,28.7,23.4,22.1,30.2,26.1,38
19.7,22.1,20.7,31.8,19.2,21.3,20.7,21.2,28.3,19.6,21.1,32.8,17.8,28.9,29,12.3,26.4,19.8,37.4,30.4,21.2,3,23.2,23.1,34.1,24.9,26.3,28.2,19.9,26.9,26.6,16.5,22.2,30.1,32.6,34.5,26.6,18.8,30.9,22,27.7
16,22.4,19,36.6,19.6,18.4,31.5,22.1,30,18.8,27.3,35,19,28.4,30.6,13.3,25.6,21.5,45.5,29.1,29.5,3.7,15.8,23.4,37.4,23.1,20.3,25.9,20,26.2,23.6,20.3,21.6,24.2,33.3,32.3,27.8,19.3,32.3,21.1,27.4
14.7,22.2,23.6,40.3,21.2,21.9,35.5,22,29.2,28.6,30.4,21.5,26.8,30.6,27.7,16.2,28.2,28.6,31.9,30.1,21.1,2.8,17.1,23.5,23.4,22.9,21.7,22,31.4,27.7,22.6,13.8,21.7,32.2,33.5,30.9,21.9,19.2,32,22.3,24
18,22,23.7,39.2,21.5,28.7,41.3,19.8,29.1,31.4,30.7,27.9,17.3,31.4,27.6,15.6,27.7,22.3,44,29.4,19.1,1.2,18.3,22.3,25,25.4,21.4,19.2,16.5,21,16.8,12.5,23.2,23.3,33.3,32,24.6,21.9,25.6,24.5,29.4
22.3,21,28.8,35.3,24.2,30.7,34.8,20.4,30.8,21,31.2,27.1,17.2,31.3,25.5,12.9,25.9,26.6,40.7,29.2,17.9,2.9,19.5,22.2,26.2,25.6,23.8,20.5,18.9,17.8,23.6,15.8,22.8,31.1,32.9,37.1,28.5,24.8,23.8,24.8,34.7
21.2,20.2,31.2,37.7,24.8,32.4,33.3,21.6,31.2,20.9,31.7,23,18.4,31.2,24.5,12.1,23.3,27.8,38.9,28.1,19.1,2.3,20.4,22.6,23.9,28.9,25.2,32,18.2,20.6,23,15.2,25,24.1,33,39.7,31.5,27,25.8,31.1,26.8
20.9,20.8,20.6,38.4,26.8,24.7,35.5,21.4,31.9,19.9,32.1,28.5,18,33.8,26.9,13.8,25.3,24.8,27.4,25.7,26,1.8,22.3,22.1,25.5,27.9,25.4,28.6,18.3,24.7,21,16.3,22.9,26.3,32.3,37.3,34.2,28,31.7,25.9,24.4
27.2,24.5,24.5,38.6,26,22.7,30.7,21.1,32.2,24.2,33.5,28.4,16.1,33.3,31.1,14.5,24.4,36,32.6,26.6,19.1,1.1,19.3,21.9,21.2,25.2,21.1,26.9,17.1,24.6,15.3,16.4,25,26.6,33,36,23.8,23.1,25.9,26.3,29.4
16.3,24.3,27.3,22.3,25.8,32.4,28.6,20.7,32,21.1,32.2,29,15.5,33,29.3,13.5,23.7,27.3,30.8,27.3,32.7,4.8,21.7,22.3,19.4,27.3,22,26.1,16.6,22.2,18.6,14.4,26.2,30.5,33.8,37.4,20.7,23.9,28.4,24.9,30.3
22.6,20.6,29.7,31.1,29.3,22.2,34.9,21.6,30.2,19,33.2,28.9,25.4,32,27.6,12.5,27,21.5,24.6,26.8,25.9,4.7,21.4,21.5,24.4,23,21.9,39.4,19.2,25,18,16.7,26.8,21.2,33.2,25.5,23.4,25.3,26.2,26.2,38.2
28.2,18.2,20,23.2,27.4,21.1,30,22.5,30.4,21.3,31.4,23.3,27.9,29.7,24.4,12.1,28.3,23.8,25.9,27.6,24.3,3,16.5,21,24.5,26.1,23.5,28.2,19.5,25.6,18.2,12.2,24.4,23.5,32.9,29.4,23.8,16.7,19.3,25.9,27.7
28.2,22.1,26.1,28,24.5,23.6,25.9,25.1,32.7,25.9,27.2,28.2,26.1,30,26.8,13.4,33,24.5,34.9,28.1,37.4,6.5,18.7,20.9,24.3,19,24.5,30.4,19.4,28.5,17.9,16.5,25,26.1,33.3,35.3,24.6,28.2,22.2,20,24
17.5,23.2,22.9,29.9,20.2,19.8,27.2,23.2,31.6,24,29.2,26.4,25.5,30.5,27.6,14.8,31.6,20.3,38.7,28.2,26.7,6.1,17.7,20.4,35.1,21.3,23.3,34.2,20.1,24.3,19.2,17.9,23.6,28.7,31,37.9,25.3,22.8,24,23.9,25.1
15,17.3,24.5,27.1,18.3,25.6,31.5,23.7,31.7,23.8,31.2,23.4,18.1,29,27,12.3,32.2,25.6,45,28.2,23.3,6.6,16.6,20.8,28,22.5,24.4,37.4,17,22.7,17.9,18.2,25.3,29.1,32.5,23.1,26.1,19,24.7,24.6,17.2
29.5,20.2,31.6,32.6,21.4,20.6,24.5,25.5,31,21.4,30.7,23.6,13.9,30.4,28.1,10.6,31.1,31.5,35.2,29.7,28.6,0.6,16.4,21.1,20.8,23.7,25.8,33.7,19,19.1,20,16.2,26.5,27.9,32.4,28.7,27.2,18.1,24.1,21.4,22.9
19.8,24.3,24.6,31.9,23.7,22.9,27.8,19.3,28.8,21,31.4,24.4,16,29.5,28.1,9.5,24.9,32.7,37.4,28.4,39.3,-2.2,16.8,20.8,21.8,22.5,19.6,27.6,17.8,20.4,25.3,18.9,26.8,29.2,32.7,33.8,27.7,16.7,26.1,23.2,24.6
18.4,25.4,24.6,30.4,23.8,28.7,29.5,22.1,32.3,23.7,32.7,26.1,14.7,30,27.8,10.5,24.7,33.6,33.6,28.3,43.6,2.3,14.9,19.5,19.4,23.1,24.2,26,16.8,23.6,18.7,20,29.4,29.2,33.8,36.6,27.9,16.4,24.2,19.2,26.9
23.6,34.4,26.2,30.2,28.9,29.8,25,21.7,30.3,24.7,34.2,25.7,16.7,30.3,28.5,11.7,24.9,35.2,31.3,26.4,26.1,3.1,15.1,20,20.1,19.6,17.4,33.8,18,23.2,17.3,19.6,24.8,27.8,30.5,40.1,28.2,20.7,23.7,19.1,27.1
20.3,21.5,24.1,30.3,28,30.5,29,23.3,29.8,23.8,35.8,25.8,13.7,29.9,34.3,8,22.8,34.6,30.2,25.9,28.2,6.6,17.7,20.8,19.9,20.7,20.4,35.9,16.4,22,17.3,14.3,22.4,27.9,28.7,26.4,25.6,20.8,18.5,20.6,27.8
15.3,23.5,21.4,30.5,22.9,32,30.4,24.8,31.6,22.3,30.1,25,14,30.3,27.2,10.5,20.2,36.3,30.1,26.3,24.3,7.3,18.6,22.7,21.7,20.9,21,36.1,15.8,22.8,14,13.6,24.8,29.5,33.8,29.9,24.2,20.9,20.4,22.4,31.9
14.2,21.7,25.3,32.4,26.4,31,30.4,25.1,31,27.8,23.9,26.2,16.6,29.8,27.4,12.7,23.2,36.9,30.9,27.9,20.3,6.7,19.2,22,26,21.1,21.5,29.7,16.9,20.4,16.2,13.7,26.4,21.7,38.3,32.4,22.6,22.5,21,23.6,31.6
16.2,21.6,27.4,32.4,19,33.3,32.7,21.6,30.2,28.7,24.9,26.4,15.7,31.2,26.5,16.5,23.7,36.2,26.7,28.7,22.6,4.8,17.3,22.1,29.7,20.3,19.8,29.7,19.2,20.7,16,14.1,27.5,22.2,37.1,33.1,23.2,23.8,20.7,24,31.2
22.6,20.2,29,33.1,19.8,22.5,34.1,20.4,30.6,28.8,22,25.9,16.7,29.9,30.5,11,20.7,26.5,29,28.9,21.9,6.9,15.9,20.9,28.5,19.9,16.9,32.1,16.9,20.7,21.4,14.3,29.8,24.2,34,29.7,18.9,18.2,22.1,24.9,32.3
24.4,20.2,32.7,32.8,19.9,22.1,35.1,22.3,31.1,24,26.1,27.7,16,30.4,30.8,11.7,20.7,22.2,30.9,24.6,30.8,-0.6,16.4,20.2,25.3,22.6,18.2,36.2,19.3,19.8,15.6,15,27.6,27.9,31.6,25.9,20.7,15.1,24.6,19.4,32.3
21.8,21.5,31.9,32.6,22.1,22.9,35.2,24.1,31.2,23,25.6,26.6,15.3,32.3,28.7,13.5,20.9,17.1,28.9,25.9,23,-3.7,19.3,21.1,26.6,15.7,18.9,32.4,25.4,19.9,15.4,19.7,25,33.6,31.2,28.4,18.3,17.6,22.3,20.7,32.5
25.2,23.1,28.1,33,23.4,19.1,36.1,26.1,31.9,26.3,27.4,27.3,15.3,31,27,17,21.5,19.1,29.1,26,23.4,-2.9,20.9,19.3,30.9,18,21.5,32.8,16.7,23.3,18.7,17.5,23.4,27.2,31.2,30.3,21.2,19.7,18.3,18.6,25
31.2,20.2,37.4,36.9,23.6,15,26.5,27.6,32.5,24.2,28.6,23.4,18.9,32.2,27.8,13,23.8,22.6,30.6,24.7,24.9,4.8,16.8,20,28.5,21.4,23.6,34.1,16.3,15.4,14,13.5,22.9,25.8,30.8,18.9,22.3,15,20.8,18.5,24.3
29.2,22.3,34.4,31.1,19.2,23.1,28,25.6,32.1,31.4,26.6,24,14.9,31.6,27.4,10.5,30,28.8,33.7,25.3,25.6,5.3,14.5,21.4,21,20,21.1,34.8,15.2,18.7,14.9,19.3,26.1,29.1,30.8,22.9,23.4,15,21.5,18.6,22.8
17.9,23.6,33.6,26.8,19.6,25.4,23.3,25.8,31.6,33.5,28.2,29.5,16.3,29.6,27.9,12.4,19.7,22.5,34.5,25,24.6,6.2,19.1,18.3,22.4,19.4,16.1,34,20.1,20.7,18,21.4,26.9,30.3,31,26.3,28.1,18.7,17.9,22.8,22.4
18.8,20.9,36.9,28.4,20.6,21.3,19.9,22.6,33.1,30.1,28.6,29.8,15,29.2,27.6,14.5,19.8,25,34.9,26.5,24.6,6.1,17.6,19,20.2,19.1,17.1,30.6,14,19.2,16.4,19.3,27,34.9,31.3,27.5,22.4,19.8,18.3,23.7,22.4
24.1,19.3,40.7,27.1,18.4,20.8,22,22.4,33.3,29.6,28.7,27.5,12.7,29.5,25.3,16.5,20.7,25.6,36.2,23.5,22.3,4,21.4,19.2,17.2,16.9,17.6,26.9,14.7,18.2,17,12.9,26.6,20.8,30.5,27.6,19.3,25.1,17.5,21.5,29.5
17.9,22.1,43.4,31.8,18.5,22.1,25.4,22.9,33.8,24.5,28.6,27.6,13.9,30.8,24.9,11.7,20.9,35.5,36.9,19.1,23.2,4.3,22.2,19,19.6,21.3,18.9,32.1,21.6,18.9,15.7,13.4,24.5,25.2,32.4,27.5,21.6,24.9,18.9,20.9,32.1
21.6,20.7,42,31.3,18.6,27.9,28.5,22.2,32.9,30.2,28.5,27.3,13.2,32.9,23.7,14.5,20.4,20.6,29.1,19.6,24.5,7.7,21.6,20,14.8,19.9,15.3,32.7,24.2,22.5,17.5,12.3,25.3,23.4,31.7,28.6,20.7,24.7,19.9,24.7,26.2
35,19.6,40.4,31.2,19,32.9,23.6,22.4,32.7,27.5,29.5,28,15.2,31.3,25.8,13.4,19.2,17.8,23.4,18.2,20.5,0.3,21.4,19.1,18.8,15.6,19.8,33.4,26.8,24.3,15.9,14.9,27.3,24.4,33.6,28.2,19.5,22.6,19.9,23,26.8
29.8,22.5,39.2,31.1,15.6,18.8,19.7,24.6,32.3,24.6,28.9,24.9,16.1,32.1,26.1,13.2,24.1,17.5,27.9,18.6,18,-0.8,20.2,17.8,15.8,18.9,19.3,35.2,25.3,15.3,20.6,17.8,33.2,19.5,34.7,26.9,20.7,17,19.9,22.5,24.3
22.8,19.5,25.1,32,14.6,18.4,23.5,24.6,31.6,20.8,23.3,24.6,13.1,33.2,26.1,15.2,23.7,20.1,33.1,18.2,24.9,0.5,16.5,18.8,18.9,15.6,20.2,29.7,24.4,20.4,19.6,18,28.8,21.4,32.8,27.5,21.7,13.5,19.4,21.1,25.8
23.3,19.5,32.2,31.9,20.8,15.3,26.2,23.7,31.7,26.3,22.9,27,13.2,32.4,23.1,14.5,20,16.9,23.6,12.3,30,0.1,16.5,20.5,23.1,22,21.6,30.9,13.8,17.2,14.3,18.3,21.9,22.6,28.8,18.3,23.3,14.9,18.2,21.8,30
20.2,21.6,22.3,32.2,19.1,17.2,20,27.3,33.1,32.5,23.3,24.2,13,34.4,25.8,12.5,15.1,24.6,28.7,19.6,34.5,-0.4,19,20.9,26.4,17.6,20.5,26.7,15.6,21.9,15.8,13.7,20.2,23.2,30.5,20.8,25.3,14.5,17.9,18.2,31.4
20.2,21.8,27.1,31.8,22.5,16.5,17.5,27.4,31.1,31.8,21.4,25.4,15.5,31.3,24.8,12.2,19.9,27.1,29,21,35.5,2.1,18.3,19.7,21.6,19.8,22.8,26.1,14.4,19.4,16.8,15.5,21,23.6,31.1,22,14.9,16,20.3,21.7,28.8
26.7,23.3,31.4,29.9,19.6,20.5,19.8,27.1,32.8,28.3,24.2,24.3,14.5,30.9,27.5,11.8,16.2,27.7,34.8,20.8,36.9,6.7,21,19.7,14.3,13.9,20.3,20.4,14.4,19.4,20.3,18.6,25.9,21.7,30.8,24.4,12.6,13.5,19.3,23.6,29.5
33.7,20.3,36.1,30.3,18.1,23.5,20.4,24.5,32.3,23.7,24,21.2,14.4,34.2,27.4,12,15.2,22.3,37.8,22.1,31.6,5.9,21.1,19.6,17.2,18.9,15,23.6,15.7,14.1,14.3,20,26.8,25.4,30.9,24.2,13,15.8,21.7,17.4,30.5
22.4,17.2,32.2,30.8,17.6,25.3,22.6,23.3,31.2,22.6,23.2,22.6,15.7,35.5,28.3,14.7,17.2,24.1,21.4,23.8,33.5,1.7,17,17.5,18.6,14.2,17.3,27.3,16.1,18,14.3,20.6,24.8,26.1,30.6,24,13.5,15.3,17.8,17.3,29.6
22.8,17.3,34.6,16.5,16.4,26.2,19.3,25,27.5,27.8,25.2,23.2,15.1,31.2,25.6,11.1,17.9,21.4,22.5,24.1,32.2,5,18.8,15.8,17.3,19.9,15.7,28,15,18,14.4,18.8,24,26.5,30.9,23.7,15,15.6,18.1,19.2,29.2
26.9,18.5,36.8,16.7,21,25.4,26.2,25.6,31.1,25.3,27.1,23.4,15.1,32.3,25.8,9.2,18,15,25.9,24.8,38.2,6.9,19.4,17.8,25.7,17.9,17.7,31.8,16.6,17.3,14.2,21.6,24.5,21.1,30.9,26,17,16.5,13.1,20.5,21.1
21.9,17.2,36.5,14.3,17.1,17.1,27.6,25.3,31.2,27.3,29,23.5,16.6,32.3,26.3,10,19,18.2,22.7,17,39.7,3.9,20.3,18.9,16.2,16.9,18.8,32,16.5,16.9,17.8,19.7,25.4,23.2,30.8,25,18.4,18.6,15.7,22.5,18.8
23.8,19,34,18.5,18.6,25.8,26.8,23.2,27.8,25,30.4,22.6,16.7,35.7,27,10.1,17.1,17.6,24.2,17.8,21.7,4.2,22.5,18.4,16.4,13.9,20.2,34.3,18.6,15.6,12.7,24.7,24.8,18.8,30.4,21.1,16.3,19.1,16.5,21.4,18.2
36.5,21.2,37,25.1,18.5,21.9,26.9,23.4,31.8,30.6,30.5,23.8,16.2,35.1,26.8,11.6,20.7,15.9,31,20.4,21.9,-3.8,18,17.8,17.5,14.8,17.3,36.3,15.3,14.1,11.6,16.9,25.3,19.2,30.3,22.6,18,19.1,17.1,21.3,20
22.2,18.1,36.5,28.3,14.3,20.8,28.2,23.5,36,30.5,22,21.2,12.4,35,26,10.6,20.6,16.2,31.1,22.4,23.8,0,13.8,19.9,26.5,18.6,16.6,27.7,14.8,14.4,13.5,18.2,26.7,24.7,30.7,23.8,15.5,14.7,18.7,20,19.8
34,20,32.9,20.5,19.1,14.8,26.3,23.6,37.4,27.8,25.7,24.8,12.8,32.4,27.1,15.2,16.2,20.7,31.3,24.6,19.7,2.5,18.8,19.5,28.3,16.9,16.5,28.9,12.9,19.4,11.8,18.7,27.5,22.9,31.1,18.5,17.4,15.7,18.1,20.4,24.1
33,18.8,34.7,17.3,18.2,15,20.4,21.1,37.1,27.7,27.3,24.8,13.9,32.7,26.6,9,15.7,18.5,30.8,22.2,17.8,9.1,22.3,18,27.1,18.6,18.7,31.5,15.6,17.3,11.7,16.8,27.1,26.6,30,18.3,14.6,14.4,19.5,19,24.5
32.4,21.5,32.1,19.1,17.7,15.8,20.8,26.2,38.6,19.4,22.9,22.8,13.1,32.2,27.7,13.5,14.9,20.1,31.5,17.1,21.5,7.9,20.7,19.4,25.8,17.6,21.8,37.7,13.8,17,12.3,18.3,28.2,24.4,29.9,22.5,16.4,14.9,16.7,18,17.4
33.4,19.6,29.9,19,16.1,14.3,19.9,30.8,35.7,27.8,26,24.5,12.9,32.9,25,15.5,16.9,18.2,32.8,22.6,25.1,6.9,20.8,17.4,26.1,23.2,23.6,34.5,14.3,13.7,13.4,18.8,25.7,18,23.6,22.5,13.7,16.6,17.8,19.6,18
38,23.1,33.9,21.6,16.3,18.6,16.8,30.6,32.3,30,25,26.4,14.6,33.1,27.9,9.6,14.2,17.7,28.8,23.2,29.9,9.8,15.7,16.6,18.2,19.3,23.4,36.1,14.3,17.9,14.4,17.4,26.5,20,23.1,23.5,14.6,14,18.5,20,19.1
30.8,19.1,26.6,24.4,15.3,17.2,19,25.6,31.9,22,25.4,25.4,14,33.8,25.1,14.7,15.8,16.4,24.1,15.8,19,11.7,23.4,16.6,14.2,17.4,20.5,36.5,15.5,17.8,15.1,14.8,26.9,22.6,28.1,23.7,15.7,14.9,16.7,21.5,18
32.2,13.6,31.8,28.4,14,16.5,19.2,24.7,31.7,23.2,25,23.7,14.7,33.2,24.2,15.7,19.8,15.3,21.9,16.6,23.1,9.1,22.5,16.3,14.7,17.2,14.8,27.4,14.1,18.6,15,16.7,26.8,24.1,29.2,24,16.7,13.7,17.3,16.2,18.1
40.6,15.6,31,29.1,17.8,16.5,18.2,26.1,33.7,24,25.5,23.4,16.5,35.5,24.4,14.7,21.5,14.7,22.3,15.5,21.6,8.3,20.4,16.6,16.1,19.4,19.3,28.3,14.7,18.4,16.1,19.7,28,20.9,29.1,24.9,14.7,15.7,18,17.6,18.8
32.2,18.9,30.9,22.3,18,18.4,19.1,25.5,32,26.1,26.1,26.1,15.1,34.1,24.2,13.9,20,18.6,16.7,18.4,21.8,10.2,19.9,17.1,15.5,16,23.8,28.3,12.8,15.7,17,18.8,33.4,21.8,29,27.6,14,14,17.3,20,21.2
41.2,19.6,31.3,17.2,17,19.4,24.8,29.3,31.6,26.9,16.4,26.9,16.6,30.3,23.7,10,19.6,19.9,21.3,18.3,28.6,14.1,21.2,16.3,20.1,23.1,19.5,26.9,14.9,14.2,13,17.7,22,22.9,30.5,23.6,13,12.6,16.1,17.8,27.2
29,17,34.9,17.2,20.1,23.6,23.4,25.1,30.1,25.7,16.7,25.4,16.3,31.3,22.3,11.5,16.3,23.9,22,17.5,20.8,16.5,27.7,17.1,20.7,21.8,18.4,25.6,13.7,16.9,15.3,19.4,20.9,24.2,29.4,19.9,14,11.9,19.2,19.6,19.3
25.7,20.4,35.1,19.7,18.9,15.9,17.9,27.9,30.4,28.6,19.1,27.1,13.1,34.2,23.7,14.9,15.7,25,24.9,10.5,18.1,14.5,21,17.8,18.2,18.8,19.7,27,13.6,16.9,14.8,25.7,22.6,21.7,29.5,21.7,11.5,13.2,17.6,21.7,14.3
33.9,18.4,35.7,15.1,17.9,15.5,18.4,30.9,31.5,27.9,19.2,22.6,12.2,32.9,23.9,15.6,17.7,24.1,28.4,15.9,18.3,13.6,22,19.6,12.7,19.9,21.7,22.9,15.2,16.9,13.1,22.3,27.3,19.8,29.5,16.6,13.9,11.5,19.4,22.6,16.8
33.6,17,33.9,21.5,21,13.2,18.1,31.6,27.7,27.6,16.5,22.8,10.6,33.9,22.2,17.2,15.4,23.4,26.6,17.5,20.2,13.4,27.9,19.2,15.7,16.5,18.2,22.2,13.8,19.1,11.8,20.6,27.4,20,30.1,18,13.2,14.5,19.5,23.6,16.6
24.2,18.1,27.5,26.1,18.4,16.2,18.6,31.2,30.3,28.1,17.3,25.1,12.8,31.9,20,20.3,14.7,17.6,16.9,18.4,18.8,11.9,31.2,19.5,14.6,17.3,20.2,23,12.9,19.2,17.5,20,24.7,20.2,30.3,16.9,13.9,13.9,19.7,21.9,14
22.1,17.8,24.1,24.6,16.3,16.4,18.9,28.3,31.6,24.7,21.1,21.8,12.4,32.6,24.5,14.9,16.2,13.5,20.3,23.1,26.5,9.3,20.6,19.2,14.2,18.1,23.4,24.6,12.6,23,12.9,18.1,23.3,22.7,30.1,19,17.6,14.6,14.7,15.1,13.5
24.9,16,26.3,27,17.1,12,16.4,24.2,31.8,24.6,20.3,21.6,12.2,34.2,23.9,11.2,16.8,15.4,24,21.9,22.4,5.6,25.2,19,19.3,18.8,24.5,28.4,13.5,24.1,12.5,19.5,26.5,20,30.4,18.5,17.6,15.3,15.6,18.7,20
36.9,16,28.6,19.1,15.1,16.3,17,20,30.1,27.9,14.2,21.8,16.1,33.9,21.7,18,15.7,13.5,20.7,18.8,28.6,4.1,30.3,18.5,19.8,19.2,18.8,27.9,14.4,22.7,17.6,27.5,24,18.6,29.9,19.8,16,16.4,16,21,19.3
26.8,16,20.2,18,16.9,16.7,17.1,27.9,32.6,30.2,17.7,22.5,13.9,34.7,23.4,12.9,15.3,16.9,18.2,17.2,20.6,4.5,25,18.3,15.5,18.2,16,25.5,15.6,18.5,16.2,27.8,24,20.2,30.7,24.2,15.7,17,16.6,16.7,16.6
25.6,16.8,23.3,18.7,18,21.2,17,25,31.2,31.3,17.5,20.9,14.2,36.6,22.5,11.7,18,14.6,20.4,17.3,19.7,7.4,21.5,17.5,15.3,23.1,18.9,25.3,13.7,17.3,19.4,21.8,20.2,20.6,30,24.6,15.1,16.7,16.2,19.2,13.7
31.3,20.1,24.2,19.9,14.8,21.7,22.7,31.6,31.1,24.8,18.2,21.8,13.8,36.2,22.5,14.5,13.3,16,26.2,19.1,16.3,10.7,22.9,18.1,15.2,20.4,20,24.6,15.5,18.9,13,16.8,23,22.9,30,23.2,15.4,13.2,15.9,19.5,14.4
30.4,16.1,27.7,19.2,20.3,16.6,23.3,33.2,28.4,21.6,20.8,19.9,14.7,34.4,22.8,16.3,15.7,15,28.5,19.8,18.7,9.2,24.7,17.2,15.4,19.3,24.1,26.9,16.5,18.9,13.8,17.2,24.4,22.8,30.1,21.4,11.9,18.4,18.3,19.9,15
29.1,19,31.3,14.4,22.1,11.9,22.8,25.7,30.4,19.9,22.9,21.7,14.9,33.6,23.2,19.8,16.7,18.6,26.7,21.1,19.2,15.4,23.4,17.9,14.7,20.6,20.9,23.2,11.1,18.8,14.3,19.4,24.7,25,29.7,21.5,16.4,16.9,19.6,20,15.3
30.6,20.1,35.1,14.8,21.4,11.2,23.5,26.5,31,21.2,21.2,19,12.9,34.8,23.1,21.6,18.1,15.6,27.1,21.3,19,15.2,23.1,17.4,15.8,19.3,23.8,22.9,12.9,20.4,12.6,26.7,25.1,23.2,29.3,16,14.3,18.2,18.3,18.8,14.7
38.5,21.1,22.2,18.3,17.4,12.5,21.1,29.6,30.7,16.6,23.8,18,13.5,31.3,24,12.8,18.3,18.4,20.1,20.7,17.5,5.6,19.8,18.4,13.5,20.8,16.4,23.4,12.2,20.8,15,21.7,26.3,17,28.8,21.1,12.2,15.4,15.6,18,16.9
23.2,20.2,23,19.1,15.3,13.5,14.5,23.4,30.9,21.8,16.9,22.7,13.3,33.2,24,15.2,17.2,15.5,16,22.5,20.4,13,21.7,21.1,13.6,23.4,18.8,25.3,12.9,19.4,13.5,20.3,25.2,19,29.1,23.1,13.4,16.2,13.4,17,16.6
25.4,21,22.9,19.4,16.1,12.1,13.3,25.6,29.8,24.7,15.6,20.5,15.3,33.6,22.1,20.6,16.2,17.3,15.5,22.6,17,7.2,24.3,18.1,12,24.3,21,20.8,12.7,19.8,20.1,22.2,23.2,20.6,24.3,15.8,13.6,12.7,14.5,16.8,16.9
22.4,14.9,26.7,17.5,16.4,13.9,15.8,25.7,29.9,22.5,15.7,17.8,14.4,33.3,23.7,13,14.7,15.1,18.6,22.4,16,9.6,26.2,19.2,13,21.9,23.4,19.7,14.8,20.4,14.8,18.3,24.6,21.8,29.4,17.1,13.9,14.4,13.2,16.5,16
26.9,13.6,26,18.9,16.9,15.5,14.7,29.2,30.1,17.9,16.3,19.9,11.7,33.4,21.9,16,13.7,14.4,17.4,23,18.3,6.6,33.5,18.5,13.6,18.9,20.3,21,14.3,18.6,13.9,21.4,22.5,23.7,28.9,17.5,14.9,12.8,16,14.9,17.2
30.8,13.8,27.1,17.4,17.8,12.4,13.7,29.6,29.5,19.3,16.8,21.4,12.1,35.3,21.4,14.1,14.2,14.3,18.6,18.1,21.4,12.2,22.4,20,13.6,21.1,19.4,20.8,14.4,15.8,15.9,15.9,26.5,17.6,27.7,20.2,15,14.1,16.4,15.1,17.5
32.5,16.7,27.6,18.2,18,13.5,15.3,29.4,29.7,24.1,18,21.4,15.8,34.3,20.4,12.5,14.7,14.5,21.3,15.6,26.1,12.9,30.3,19.5,13,24.2,20.5,22.8,15.7,19.7,16.7,19.8,27,21.7,29.5,22,17.1,13.6,16.9,14,17.7
35,15,28.2,19.1,17.9,14.2,14.6,26.5,31,26.2,20.8,20.7,17.1,34.1,21,11.9,16.3,16.5,24.6,17.2,16.8,15.6,22.1,19.6,10,16.1,22.9,20,14.8,23.9,14.7,25.3,25.4,20.6,25,23.3,13.3,15.6,16.8,15.2,18.9
34.9,17.3,26.7,21.2,19.2,11.9,15.4,27.1,30.8,27,18.4,21.5,12.6,34.2,19.9,12.3,14.4,13.9,21.6,15.3,17.6,12.1,26.3,19,10.7,17.9,20.5,20.5,14.3,22.9,17.1,24.2,26.7,16.2,25.8,20.7,14.1,15.3,15.5,16.8,17.6
36.5,16.4,23.6,23.2,17.6,13.1,11.8,28,28,26.1,19.6,19.1,15.3,34.4,20.5,14.7,13,15,12,16.8,17.9,12.4,30.9,18.9,13.3,18.9,20.8,21.9,16.6,26.7,15.2,21.2,25.7,20.8,27.2,12.7,18.7,14.9,17.2,15.4,18.3
33.7,21.2,23.9,19.2,19.6,13.1,16.4,28,28.6,24.1,18.1,21.8,16.9,34.9,19.6,16.4,11.2,13.9,17.6,19.9,15.2,17.2,24.3,19.1,15.2,22.7,15.9,21.5,16,21.8,15.6,19.3,24.3,17.8,26.4,13.5,19.1,15.9,17.6,13.8,19.5
34.5,17.2,17.8,21.9,18.2,13,17.1,29.3,28.2,21,12.8,20.5,12.3,33.4,20.2,12.2,10.7,15.6,18,19.6,16.5,12.5,19.5,19,15.2,24.5,18.8,20.9,13.1,23.7,14.7,24.1,24.8,16.9,28.4,12.1,12.6,18.5,18.3,13.6,15.3
38.4,14,20.3,21.2,14.3,11.1,17.3,22.4,26.5,20.9,13,19.2,14,32.9,15.2,13.7,12.8,14.8,18.8,20.9,22.7,10.1,27.7,19.7,14.5,20.9,17.5,22,9,23.3,13.2,21.5,19.1,16.4,24.8,15.4,11,18.2,18.9,16.2,16.3
23.7,14.9,14.6,13.8,18.3,11.2,15.1,25.8,28.6,23.8,14,20.9,10.3,33.3,21.5,19.2,12.6,12.1,17.3,21,25.3,13.8,19.3,18.7,15.6,24,25.6,24.8,11.3,20.9,15.8,26.5,20.2,17,24.4,15.4,12.6,15.8,18,18.4,17.4
21.9,15,20.5,17.8,24.8,11.5,16.5,27.9,29.8,26.1,12.6,21.6,11.8,32.8,21.1,25,12.2,11.9,20.2,20.4,27.8,9.9,21.8,19.5,15.3,23,23.2,19.6,12.5,16.5,17.4,24.7,22.8,15,27.2,16,12.1,9.6,17,19.4,15.9
22.6,18.1,26.5,23.8,21,10.7,13.8,28.5,30.3,19.4,15.3,23.9,13.3,33.1,20.7,17.1,12.2,12.9,15.9,21.7,25,17.1,26.5,18.9,14.7,28.5,19.6,14.9,13.6,17.9,17.3,23,24.7,15.1,26.1,17.5,14.2,9.3,18.1,18.6,17.9
28.9,17.9,15.8,27.3,23,10.9,16.6,31.1,30.6,17.2,15.4,23.3,13.2,34.3,21.5,11,12.2,12.9,17.1,19.8,17.5,18.8,35,18.4,15.2,24.1,22,16.4,14.7,18.3,16,22.9,24.4,14.7,27.6,10.8,17.6,13.3,20.2,16.8,20.3
32.9,16.2,20.4,24.7,18.5,11.2,14.9,27.2,29.9,19.9,16.4,19.8,14.4,33.9,20.6,18.8,13.3,10.6,17.3,19.1,13.3,17.4,21.6,18.7,14,25.4,25.6,17.9,13.7,23,15.4,32.5,25.8,15,28.1,13.3,15,12.7,18,17.3,16.5
22.1,18.5,17.9,21.6,20.1,12.3,14.6,34.4,29.2,19.4,15.3,20.8,16.3,33.8,16.9,19.1,12.5,13.3,18.2,22.2,13.5,6.8,25.4,19.6,13,24.6,28.6,17.9,13.2,20.3,19.5,27.6,24.9,17.5,26.3,16,16.3,13.3,18,18.5,17.8
19.8,17.5,18.6,27.7,23.7,12.8,13,28.1,29.8,18.6,18.4,21,18.8,32.9,17.9,23.9,14.8,12.9,17.1,24.7,16.1,5.1,17.6,19,12.9,28.6,25.2,20.3,12.4,24.1,16.1,28.2,19.5,19.5,27.5,15.1,16.1,12,17.1,17.5,15.8
25.1,19.8,20.6,24.3,21.9,9.8,13.7,28.1,30.3,23.6,12.9,23.4,17.2,33.4,21,24.1,14.9,14.3,16.5,16.3,14.8,11.7,21.2,19.9,14,32.1,21.9,19.7,15.2,24.2,18.1,31.3,25.3,16.5,27.6,16.3,15.2,14.1,18.7,18.4,22.5
26.2,17.8,19.7,18.2,19.4,10.6,13.8,28.9,30.9,23.7,14.5,22.4,21.7,33.2,22.9,15.5,14.8,13.5,20.8,18.5,16,13.8,25.9,17.9,12.1,20.7,19.8,20.8,14,24.6,10.5,31.8,22.8,15.6,28.2,17.4,10.8,14.5,15.3,17.7,17.4
21.6,16.9,18.6,16,17.5,9.8,14.9,28.1,30.9,24.7,15.7,19.7,24.8,32,22.9,12.6,16,12.9,15.4,25.5,12.1,14.2,34.4,18.3,13.1,27.2,20.5,21.5,11.6,25.3,14.2,14.5,24.2,15.7,26.6,16,12.8,14.3,16.9,19.1,13.5
20.5,18.3,23.4,16.8,17.9,11.1,13.7,27.7,29,24.8,15.7,19.6,21.4,33.3,23.7,17.4,15.9,15.4,14.6,28.7,12.9,15,21.6,18.9,15.6,32.3,19.2,20.4,14.8,28,14.3,22.2,19.1,18.7,24.7,16.9,12.1,13.4,16.3,19.6,14
21,19.5,24.2,16.8,21.4,10.8,13.8,28.1,29.4,21.1,18.9,18.8,26.4,34,21.5,13.6,14.8,16.8,14.5,21.6,15.2,16.9,24.9,20.2,16.9,25.4,14.9,21,15.3,22.6,16.8,26.2,20.2,20.1,23,13.2,12.1,14,16.6,16.2,15.2
21.7,21.4,11.6,16.5,20.8,9,13.3,29.4,28.3,18.1,15,18.9,23.8,34.6,21.1,14.6,11.7,16.3,14.8,23.1,17.6,18.9,26.2,18.4,16.2,24,17.1,19.3,16.5,27,18.5,17.4,22.1,24.2,24.5,12.7,16.7,11.9,17.1,16.5,15.5
22.1,17,13.7,17.5,22.2,12,11.7,30.3,28.5,14.5,15.8,18,16.6,34.1,20.5,14.6,11.4,18.2,14.8,22.5,16.2,15.6,25.5,17.9,14.6,18.9,20.7,18.3,12.4,24.2,18.5,20.3,22.3,20.8,24.6,16.4,16.6,15.1,17.6,15.8,16.3
23.1,18,14,19.1,23.4,10.2,12.6,30.6,28.3,18.3,15,16.1,20.6,35.7,17.9,16.1,11.1,16.1,14.8,16.8,14.8,15.5,34.7,17.3,16.5,24.3,23.9,19.8,15.6,22.4,17.1,24.9,23.3,18.5,25.1,15,15,13.6,17.7,17.9,17.4
26.9,20.8,14.9,19.9,21.4,13.1,13.6,30.1,28.8,20,17.3,18.1,15,35,21.3,16.8,12.2,15.4,15,20.2,16.1,21.2,26.1,16.6,17.3,23.3,20.1,15.8,12.8,19,21.1,23.2,22.4,17.3,24.7,13.6,14.2,17.1,18.5,18.8,18.9
30.3,17,13.1,22.9,23.4,11.1,14.5,29.8,28.1,21.6,21.8,18.5,14.6,34.9,21.8,16.8,10.8,12.9,15.4,15.9,14.9,21.4,20.6,17.3,14.4,18.1,19.2,19,16.5,23.3,20.5,27.9,21.3,19.4,25.2,13.8,18.6,15.7,18.5,17.7,21.4
29.4,20.1,15,21.1,23.4,12.5,16.4,28.5,27.2,22.4,15.7,20.1,14.6,33.3,21,20.9,11.8,12.3,17.4,18.1,15.2,3,21,19.3,11.8,24.6,23,18,12.4,25.6,23.3,31.7,18.5,21.5,26.6,14.6,13.9,15.1,14.1,17.9,22.7
27.6,17.6,14.6,22.2,24.3,13.5,16.2,30.5,27.6,20.8,20,20.3,11.3,33.8,21.9,14.6,14.8,14,16.8,20.9,15.2,4.8,24.9,20,8.9,23.6,27.7,19.9,13.1,22.7,16,14.4,27.1,22.4,26.7,13.4,17.2,13.5,17.1,19.8,18
30.2,15,14.9,23.8,28,13.6,16.3,30.3,23.8,22.6,22.5,16.1,16.2,31.3,20.8,16.6,15.1,14.4,16.5,21.5,15,11.6,23.4,21.1,10,21.9,21.8,22.8,9.8,21.5,24.9,18,29.1,23.3,27.2,9.2,14.4,16.7,15.4,19.5,19
27.8,17.6,17.2,26.3,27.6,12.4,18.2,33.3,27.5,20,14.1,19.5,19.4,33.1,22.2,18.7,16,14.7,18.5,23.4,14.7,7.4,20.5,18.2,10.8,24,21.8,21.2,11.4,24.5,16.2,19.8,24.9,22,26.6,13.6,17.6,16.4,17.6,17.6,19
23.1,14.5,17.4,26,31.1,13.5,16,31.7,28.5,21.4,13.5,15.5,16.8,30.9,22.2,11.2,18.4,16.5,18.4,25.4,14.7,11,26.1,19.1,12.4,25.7,25.3,22.3,13.1,32.4,16.5,21,20.7,17.1,27.8,15,10.7,17.2,18.5,19.3,24.4
21.8,15.6,16.6,25.7,31.7,14.3,16,33.4,28.8,18.4,14.1,19.3,16.4,32.4,22.8,13,15.6,14.9,17.9,27,13.4,14.5,34.2,18.8,13.1,32,27.2,20,12.4,29.5,14.1,31.9,18.1,18.5,27.5,13.6,11.4,12,17.9,22.7,21.8
22.6,15.1,18,29.8,24.2,14.3,15.9,34.2,28.7,11.7,11.2,18.2,15.4,32.1,20.8,16.3,12.4,16.1,16.5,27.9,17.4,8.4,25.9,20.3,16.2,33,30.2,21,13.2,33.2,16.5,24.6,20.2,17.5,27.5,14,12.4,14.7,21.4,16.7,23.3
21.8,19,19.3,26.6,23.6,13.1,15.1,32.1,29,13.6,14.5,20.1,18.7,33.2,19.2,17.4,8.9,21.3,19,27,12.9,12.8,26.7,21.4,19.3,31.6,26,22.3,15.7,21.9,19.1,26.2,21.1,16.1,27.5,13.8,16.6,14,19.3,14.1,18.8
21,16.5,15.2,26.2,18.5,9.7,14.1,29.9,27.6,17,18.6,20.4,19.3,31.4,19.6,28.6,13.4,15.7,19.4,29,16.1,15.2,28.7,21.9,14.1,25.9,23.2,22.8,16.3,30.4,19.8,23.6,23.1,19.3,26.8,12.6,17.6,16.3,16.5,22.1,19.5
18.3,16.2,17.6,26.3,22.8,11,13.5,30,26.6,18.1,21.5,17.1,23.4,31,20.5,18.1,15,8.4,15.2,26.2,14.2,19.4,22.3,20,12.3,29.9,22,21.6,19.8,33.7,15.4,27.6,21.1,20.9,26,11.6,19.3,16.1,18.1,18.7,18.7
20.9,17,15.4,21.2,20.9,8,13.5,32.6,28.3,19.4,17.6,17.8,20.9,29.2,21,14.3,11.9,13,17,25.6,13.5,21.6,19.7,21.5,13.1,26.8,21.4,17.4,17.9,23.8,17.9,32.6,16.4,19.8,27,11.3,21,18.5,19.3,24.4,24.5
18.8,20.8,17.3,21.1,22.8,11.3,12.4,35.4,24.4,15.1,18.4,18.1,18.2,30.3,22.2,15.1,15.5,11.6,15.9,24.6,13.6,17.1,21,20.2,15.8,34,23.4,17.3,16.2,23.1,21.3,21.8,20.9,20.1,22.3,12.6,21,19.8,14.3,20.1,19.9
20.4,16,14.3,22.4,23.1,11.4,14.4,32.2,25.3,15.7,16.7,15.9,20.9,33.1,22.9,18.4,13.9,18.2,12.7,25,15.3,14.8,24.6,21.8,13.5,21.8,23.3,17.6,18.7,31.7,15.5,28.2,23,23.5,26.1,9.6,19,22.7,16.8,22.9,15.3
21.2,19.5,13.6,22.9,20.5,11.3,13.1,29.7,26.7,14.1,18.4,18,15.3,33.7,22.4,20.8,15.4,14.7,16.7,30.7,13.9,15,25.8,20,12.9,22.5,29,17,22.9,36.6,23.6,37,17.1,20.1,27.5,9.3,20.5,18.2,16.3,16.6,18.3
20.2,20.6,14.6,24.6,25.6,12.9,13,31.3,27,11.9,22.1,19.1,21.6,34.1,22.3,16.3,14.3,14.3,19,29.1,10.9,21.2,19.1,19,14,30.2,21.2,18.5,16,26.9,26.1,23.7,18.6,16,24.7,14.6,21.5,21.6,17,19.4,17.7
21.6,22.6,13.8,28,28.3,11.6,16.5,26.7,27.7,18.2,21.1,23.6,17.8,32.9,22.4,17.6,11.1,13.9,20.3,29.5,14.8,13.8,21.3,19.9,13.2,24.2,21.1,19.6,15.7,34,15.7,21.8,17.5,17.6,24.9,16.1,22.4,22.5,17.2,23.1,19.6
27.3,23.1,15.6,32.4,31.1,13.5,16,26.1,27.4,20.8,14.7,20.5,15.7,33.5,22.6,23.3,12.7,13.1,19.2,26.9,14.6,15,26.7,20.1,13,27.8,24.5,19.5,14.5,35.2,18.5,23.2,19.3,21.3,26.1,15.4,23.3,24.9,17.3,18.7,22.5
29.8,23,12.2,31.2,32.3,12.7,19.5,28.8,27.6,12.6,17.6,17.6,14.6,32.6,23,24.6,11.2,12.3,20.2,27.1,14.4,16.3,22.1,21.1,15.6,33.1,28.4,15,17.3,26.1,18.7,26.1,18.9,19.5,26.3,9.5,20.7,25.2,17.2,15.6,24.1
25.2,17.3,14.3,35.1,24.4,14.1,13.8,34.1,27.7,14,20,18.3,14.3,28.9,23,16.9,12.9,14.9,17.6,27.4,14,21.8,22.8,20,15.4,21.9,36.2,19.4,20.1,31.6,24.4,26.9,18.5,19.8,26.9,7.1,23.8,19.5,18.9,16.6,30.9
20.2,17.7,13.2,34.4,28.5,16.6,8.9,28.3,26.6,15.8,22.2,19.1,20.6,29.5,21.7,19.5,13.8,13.3,18.4,18.8,15.1,23.3,23.4,20.7,16.3,26.6,23.4,20.9,13.4,33.7,16.8,33.5,20.1,21.5,27.2,8.8,15.7,14.6,14.6,17.3,22.3
16.1,17.3,13.9,36.5,25.1,5.6,10.3,26.7,27.8,15.2,17.2,19.5,26.3,32.9,24.3,19.2,13.4,13,21.2,26,15.4,22.3,23.2,20.4,13.8,24.6,22.4,20.4,14.3,23.3,28,30,18.8,24.5,26.2,13,16.5,18.6,17,17.4,25.5
17.5,16.7,14.1,33.7,31.2,10,9.9,26.3,26.9,15.3,20.7,21.3,16.8,31.9,25,17,13.8,16.3,17.7,25,17.5,16.9,23.4,20.5,15.6,27.5,21.4,22.2,12.6,26.8,20,26.8,16.8,17.3,25.5,10.3,16.6,18.3,22.5,21.4,32
17.3,20.4,16.8,33.9,33,8.6,12.5,28.1,26.9,16.4,18.9,19.5,17.3,32.8,23,24.8,14.4,14.8,11.9,22.8,16.6,13,20.8,21,12.7,32.2,22.4,18,11.8,36.3,24.1,31.4,20.6,19,27.4,13.4,19.8,24.4,18.9,17.9,33.4
21.8,21.2,16,33.5,25.7,10,13.9,27.3,27.1,16.7,16.2,18.9,22.8,32.3,25.1,20.4,11.7,15.6,13.9,26.1,12.8,17.2,24.1,19.8,15.6,27.6,23.3,15,15.2,28.2,18.7,35.7,16.1,23.8,27.4,12.6,14,13.8,19.7,20.2,35.6
19.5,19.4,18.4,32.2,21.3,11.1,16.7,27.3,27.5,16.1,15.7,21.2,14.4,32.7,24.4,27,12.5,17,14.2,30.9,13.4,18,24.4,19.2,16.8,33.4,22.8,16.6,19.5,33.5,14.8,25.7,16,22.3,26.3,14.4,18.2,15.4,18.3,20.2,25.7
15.2,17.1,12.9,30.5,29.5,13.8,14.1,28.1,26.8,15.9,22.4,18.3,15,31.6,24.2,18.1,14.6,11.7,14.9,34.4,13.7,19.6,27,20.9,13.6,24.6,19,18.7,17.6,24.3,25.1,24.6,17.7,26.6,25.9,14.1,15.3,18.6,17.6,20.6,31.5
18.5,21,14.8,31.8,32.9,11.5,14.1,26.7,28.2,15.9,28.9,20.9,17.8,33.2,25.7,19.1,11.8,12.2,15,36.3,13.3,18.9,21.2,20.7,10.9,25.2,19.9,23.5,17.5,26.1,30.8,34.1,18,22.6,27.1,10.3,15.2,18.7,16.8,20.7,27.3
18,17.4,12.2,31,22.5,11.2,12.4,28.3,28.8,17.1,24.1,20.1,22.6,32.5,22.8,19.5,15.9,13.8,14.5,30.7,13.1,22.2,28.6,20.5,11.3,26.4,21.8,19.2,14.7,26.7,20.4,18.9,14.2,24.7,25.1,11.8,17.3,18.7,17.7,20.7,20.7
18.6,14.5,13.3,34.2,21.9,11.1,11.4,28,27,14,27.8,20.2,13.3,33.6,23.1,33.7,17.1,15,19.1,32.5,12.6,25.4,25,21.1,11.9,27.4,23.1,21.2,18.9,27,18.8,26.6,16.1,16.6,25.6,16.5,22.1,16.4,20.9,22,23.4
22.1,19.1,12.6,35.7,31.9,9,13.4,27.6,25.5,9.8,27.3,25.1,26.8,33.6,25.5,23.9,16,14.9,23.4,31.9,14.6,27.3,24.9,22,12.6,30.4,31,17.1,16.5,28.7,13.6,31.9,19.3,23.5,28.3,10.7,25.5,17.1,19.6,20.9,26.7
23.3,18.1,14.9,35.8,36.2,10.7,14.6,28.5,27.3,12.3,28,21.1,25.5,32.6,22.3,33.8,17.8,15.4,19.9,34.7,13.1,24.7,27.7,23.6,13.2,24.8,26.3,18.8,17,24,17.6,27.1,15.4,22.2,27.1,8.2,19.3,18.2,20.8,22.6,25.8
17.3,20,15.8,35.1,26.1,11.1,11.3,29.9,27.1,14.5,27.1,23,14,33.1,21,41.8,20.9,18.5,16.8,26.3,14.7,27.3,23.3,20.8,17.8,27.9,30.4,19.3,14,36.4,20.7,28,19.4,16.8,27.8,9.8,18.6,21.6,19.9,20.2,19.9
16.5,16,14.8,27.5,31.6,9.1,9.6,30.8,26.8,15.7,29,22.7,12.8,33.3,20.4,25.1,20.5,19.8,15.2,24.2,16.7,17.7,26.5,20.3,20.5,27.9,35.3,18.2,21,35.4,18.6,31,20.9,19.4,27.1,13.3,20.1,23.6,13.6,23.1,23.7
17.1,19.2,18,32,20.3,7.7,14.6,27.1,25.9,12.9,30,28.7,13.4,32,23.1,26.4,19.1,22.8,18.6,32.9,15.6,14.8,27.3,21.9,20.4,22.6,25.4,20.2,13.8,21.9,18.8,23,13.9,19.9,28.1,14,27.9,23.5,18.6,19.1,31.8
16.2,17.1,17.3,26.4,25.4,13.2,15.8,28.1,25.8,9.9,32,20.3,16.4,30.9,23.3,27.9,17.8,19.1,17.7,31.6,16.9,21.1,26.8,22.3,17.9,28.7,25,19.9,14.7,28.6,19.5,26.9,19.8,23,28,13,20.6,15.3,19.5,17.4,33.6
15.1,17.8,11.9,29.5,33.6,13.2,13.8,30.8,26.7,10.8,25,19.8,13.9,32.2,24.5,18.2,16.4,21.4,21.4,27.4,16,23.1,25.1,20.3,26.5,39.3,35.2,20.9,14,35.1,16.7,29.1,18.1,22.1,28,14.7,16.4,15.3,22.4,22.2,29.5
18.4,18.2,11.2,31.9,22.8,11,14.1,29.1,25.6,12.2,23,18.1,18.4,30.3,25.5,27.6,15.1,21.9,17.2,29.3,13.2,22.5,24.8,19.7,27.2,34.1,31.8,21.4,18.7,38.8,17.9,32.5,17,22.8,27.3,14.8,19,15.7,23.6,23.7,24.8
18.1,18.9,11.7,36.1,25.8,13.2,11.9,28.2,26.4,12.4,28.4,21,21.6,29.1,24.9,24.6,13,20.9,16.1,34.1,9.2,16.3,23.4,21.7,15.8,18.1,24.1,22.7,17.3,17.8,19.5,23.9,13.7,27.4,26.4,15.7,22,16.4,22.4,22.7,33
17.8,18.2,14.7,37.3,36.1,10.7,10.4,30.2,26.4,13.5,23.2,22.7,22.6,29.7,24.6,19.5,12.6,24.6,15.2,34,11.5,16.9,34.7,20.6,15.4,22.9,30,22.2,19.7,24.4,27.7,28.3,18.5,23.3,26.5,14.9,27.4,14.7,23.9,19.8,33.9
16.1,18.4,11.3,38.1,25.4,12.5,10.9,28.3,26.7,13.5,19.3,17.2,17.9,31.5,26.5,26,13.1,23.2,19.5,25.1,11.7,21.6,24,20.7,23.2,30.2,30.2,21.8,26.1,30.5,30.2,31.2,19,23.9,27.8,14.7,20.3,19.8,24.8,18.8,26
16,15.1,12.8,32.9,31.8,10.2,11,26.4,27.1,13.9,25.9,18,15.8,31.6,26.2,28.1,15.7,14.2,22.7,33.6,12.9,16.5,28.1,21,23.4,22.4,25.5,22.1,14.9,30.2,20.1,33.5,20,24.4,27.3,13.9,21.4,16.7,24.3,22.4,22.5
15.3,16.7,13.9,31.9,23.4,11.6,16.2,28.4,26.6,15.7,19.2,20.7,12.7,32.4,24.9,23.8,16.7,18.4,17.4,31.2,12.1,18,28.8,21.1,14.4,20.9,19.8,19.4,14.8,26.2,18.1,45.1,16.8,23.6,27.1,12.3,27.8,16.8,32.4,21.2,27.4
15.3,15.8,16.1,30.6,24.9,11.2,15.4,28,24.6,14.8,19.7,21.7,14.6,29.7,23.6,23.3,16.6,17.3,19.4,33.2,16.5,16.2,26.9,21.2,16.7,26.7,20.7,18.6,20.3,26,17.4,26.5,14.9,29.9,27.5,11,31.3,20.5,23,29.5,30.3
15.2,14.3,17.7,27.2,25.4,14.5,17.2,26.1,25.2,16.3,28.4,23.5,18.8,33.3,23.9,22.6,19.5,16.3,21.6,34.6,14.3,15.5,26.4,21.3,18.5,30.6,28.5,19.9,26.4,23.7,15.6,20.6,16,22.6,28.4,10.5,20.1,16.6,20.2,24.4,33.5
15.8,17.8,13.2,28,25.9,19.6,19.3,24.6,26.9,9.4,32.2,22.5,15.6,35.2,24.5,19.3,17.1,15.8,18.8,27,14.3,14.4,27.9,21.6,15.8,29.2,27.3,19,26.1,28.2,15.3,17.6,15.1,32.4,28.3,11.2,28.2,20.4,22,29.1,23.3
17,19.4,14.3,39,28.3,18.7,21.1,25,24.9,12.4,32.5,22.4,16.4,34.3,23.5,23,18.7,13.3,22.6,28.1,15,17,29,22,15.6,26.4,36.9,18.6,14.4,22.8,16.8,22.1,18,21.9,27.2,11.5,15.7,24.1,27.7,27.8,20.7
14.4,20,15.9,38.4,23.4,18.6,21,23.9,27.9,13,23.5,24.3,16,33.7,25.4,22.5,18.5,17,14.5,27.8,14.5,24,29,21.8,17.2,25.7,35.3,16.9,13.5,24,18.3,26,17,26.8,26.6,10.1,20.8,18.6,31.4,21.2,21.3
13.7,18.3,13.1,31.3,26.9,21.5,23.3,25.8,27.7,14.3,27.1,23.1,19.2,33.7,24.5,19.4,13.6,18.9,16.9,29.7,14.2,27.5,26.3,21.8,23,25.4,37.8,21.1,14.5,31.2,19.4,32.1,18,33.6,28.7,15.6,26.9,18.4,19.3,24.7,27.2
17.2,20.8,13.3,25.3,35.4,19.4,23.9,23.7,29.2,10.6,26.8,22,27.4,34.2,25.7,20.6,18.5,17,17.4,33.6,15.4,26.1,24.2,22.9,15.9,24,39.1,19.4,14.5,35.7,21.4,31,20.6,25.8,32.3,13.5,19.4,15.9,32.8,31.1,33
18,21.8,13.6,36.8,20.9,11.3,23.8,22.5,24.2,14.8,32.7,21.9,19.4,33.3,31.4,26.4,16.7,19.1,18.6,30.5,14.2,29,24.6,23.9,22.6,36.2,26.4,20.2,15,26.3,31.3,40.8,21,24.7,28.7,13.4,21.3,15.4,25.6,24.9,40
17.5,20.5,15.9,30.5,21.9,15.4,13.4,27.5,26.4,9.3,25.1,21.5,13.1,34.2,25.1,18.1,13.1,23.7,16.7,29.8,11.9,30,23.1,22.2,17.8,21.9,26.2,22.2,13.9,24.6,18.8,30.8,20.7,18.9,28.4,16,26.5,16,21.7,17.6,26.5
16.3,17,11.2,30.3,27.3,13.5,17.5,29.2,26.6,11.4,23.3,23.5,15.2,34.5,25.2,21.2,15.6,23.2,21,29.8,12.2,31.1,23.7,24,14.6,23.1,34.9,24.5,15.1,30.7,25.7,44.5,15.4,21.2,28.8,14.3,26.6,17.1,24.3,20.3,30
17.8,18.4,16.6,37.6,34.4,10.8,25.1,26.9,25.8,14.5,28.7,24.5,16.9,33.4,22.2,18.1,16.8,19.5,22.1,30.5,16.1,26.9,28,23.1,16.2,25,28.1,26.1,16,34.5,21.7,40.4,17.3,19.8,31,14.6,17.2,19.7,20.7,28.3,30.9
18.4,20.4,15.6,40.5,38.1,17.8,16,29.9,26.6,12,33.7,21.4,33.6,33.1,27.8,20.2,18.6,20.9,26.4,33,17.3,18.5,28.5,21.8,23.2,32.1,37.3,18.2,18.4,28,20.3,22.9,14.9,18.1,30.2,15.1,22.1,18.5,22.5,28.1,25.1
17.4,25.8,14.9,41.1,17.7,16.5,14.1,25.5,26.8,12.5,25.9,24.6,17.4,33.7,24.5,21.9,17.6,22.8,26.5,37.4,13,21.9,28.6,22.2,26.8,37.3,32.6,16.4,21.2,31.1,17.7,25.9,16.9,24.4,29.8,15.4,23.7,16.3,25.6,18,24.7
17.6,18,14.5,27.1,17.3,13.7,11.9,26.2,26.7,12,32,23.4,17.7,34.8,26.3,27.7,14.1,15.8,27.6,29.7,16.1,20,28.7,22.8,19.1,26.4,27.1,18.7,29.6,27.3,26.4,28.6,18.3,24.7,30,10.1,26.2,26,28.8,19.3,26.5
15,17.4,18.4,27,22.8,13.6,18.1,27.4,26.1,12.4,38.2,22.9,22,34.1,28.3,21,17.5,14.4,23,29.9,12.5,14.7,24.2,23.1,20.4,25.5,33.2,20.1,14.9,27.4,27.1,40.9,14,30.4,28.9,11.7,25,29.2,24.1,25.4,28.8
14.9,18.9,14.1,29.4,28.8,12.4,20,30.2,26.8,12.7,24.6,24.5,26.6,34,26.5,21,16.9,20.3,27,32.3,16.3,22.6,25.5,22.8,30.8,28.4,31.5,21.3,12.9,30.6,19,32.9,19.6,32.9,29.2,12.1,26.7,26.7,27.3,36.3,37.6
15.3,20.3,14.4,32.4,22.3,16,13.6,26.6,27.6,13.2,32.1,24.8,15.7,33.8,25.2,22.1,18.6,24.9,30,35.6,16.1,29,29,24,15.6,31.8,35.7,22.7,13.6,39.8,22.9,34.5,19.5,30.4,29.7,11.4,28.7,16.1,21.3,20.5,28.2
15.7,22.2,18.3,34.8,29.4,21,16,26.8,27.6,10.3,34.2,20.8,19.4,33.6,27.2,36.6,17,16.9,23.5,36.8,13.3,29.5,23.9,23.4,19,32.4,30.8,22.7,15.3,30.9,34.6,36.8,17.4,33.6,30.6,17.7,30.8,17.9,22.1,26.4,31.3
16.1,23.5,11.3,38.8,28.6,19,15.6,26.1,27.5,13.4,24.2,22.4,26.4,35.1,26.4,23.7,16,20.6,26.2,32.5,11,29.7,24.2,23.8,25.7,32.1,34.9,21.4,17.1,37.1,21.4,42.1,16.2,28.6,30.6,15.9,23,19.7,25.2,33.8,36.4
19.3,19.8,15,33.1,25.9,18.8,15.4,27.6,23.8,13.1,25.2,27.8,27.4,34.4,29.7,23.2,16.4,25.8,33.1,32.6,12.5,30,28.1,23.6,16.1,30.3,34.5,18.2,15.9,21.4,30.5,32.1,15.9,32.7,29.5,18.1,25.1,16.1,24.4,17.5,24.3
16.4,20,16.2,34.9,24.9,12.3,19.7,27.3,25,16.6,30.1,27.9,20.4,34.2,27,17,19.3,16.8,20.7,31.5,13.5,16.3,28.2,24.7,15.1,33.6,32.5,18.1,14.1,20.4,21.3,38.8,16.1,29.5,29.2,17.1,29.7,17.1,29.9,25.6,22.9
18.9,17.1,17.1,37.1,22.8,16.5,25.1,27.3,25.7,10.5,35.3,33.5,19.1,34.7,31.8,17.3,20.8,19.5,21.4,32,16.8,15,25.7,22.9,22.6,28.6,33.8,20.7,16.6,28.4,20.6,33.8,16.2,36.2,30.3,23.5,35,19.5,22.1,33,22.7
16.8,21.1,17.8,36.5,34.6,13,22,24.8,27.6,13.7,39.1,23.2,19.4,33.7,23.1,18.3,23,24.4,18.1,29.1,20.3,22.2,29,22.4,28.8,28.4,28.3,21.5,14.8,27.8,23.2,32.9,20.8,24.8,29.8,21.7,32,26.9,21.5,19.4,24.1
19.7,22.5,20.8,38.2,20.6,18.3,19.6,28.6,27.1,12.8,38.1,27,19,34.1,31.2,20.3,17.4,16.4,22.3,27.6,17.7,25.8,23.8,22.7,34.4,31.6,27.5,17.7,15.6,25.2,20.4,32.3,21.6,28.5,28.4,22,22.3,30.8,21.8,21.7,25.8
13.9,22.2,18.5,41.3,22.3,17.3,17.2,23.9,26.9,12.5,26.4,32.1,19.2,34.3,24.7,24.3,17.1,14.2,24.2,30.3,21.5,27.9,25.3,23.3,15.8,35,30.1,19.5,13.9,27.9,23.8,22.1,18.6,33.9,29.4,22.4,22.2,24.6,22.2,23.4,31.6
11.9,20.6,22.2,30.1,23.8,13.4,24.5,24,26.5,14.2,21.3,24.5,23.8,33.7,27.6,31.8,17.6,19,24.7,31.4,20.1,29,25.4,23.2,18.1,32.2,33.5,20.1,12.3,30.7,22.5,27.5,19.8,20.9,30.2,24.2,25.3,22.6,22,26.9,30.6
12.7,20.4,23.3,34.2,27.3,12.6,15.5,24.4,26.7,13.2,23.2,21.6,27.4,33.3,29.6,18.3,18,14.8,20.3,36.1,25.2,27.5,23.2,22.7,22,38.1,34.8,16.6,14.1,31.9,23.3,28.7,14.9,23.8,30,19.8,24.5,18.5,21.6,31,30.3
12.9,23.4,22.6,33.6,30.7,16.2,16.2,23.5,27.8,14.3,27.7,27,35.3,33.1,28.2,21.1,19.8,32.7,20.4,23.3,15.1,17.6,25.9,23.1,19.3,22,30.8,17.8,13.2,29.7,38.1,34,15.1,28.3,29.9,22.1,33.5,22.5,30,21.4,30
15.1,30.3,20.9,35,35.5,22.3,19.4,22.6,27.5,13.9,34.7,25.2,22.6,31.6,29,24.5,19.7,17,20.4,30.1,20.4,14.9,25.8,23.5,21.5,29.6,26.2,21.8,15.2,32.2,32.8,29.3,18.8,32.5,31.6,16.7,30.3,32.4,21.5,19.9,33.9
18.2,19.8,19.8,35.1,26.6,13.8,25.9,23.3,27.2,12.6,27.1,25,20.1,32.3,24.3,18.8,20.6,16.7,24.6,31.6,14.6,16,24.2,23.4,24.6,28.7,25.6,17.4,19.1,23.2,28.2,36.8,18.6,27.6,31.2,13.6,26.7,23.5,22.2,21.5,38.1
20.8,18.5,18.8,34.9,31.7,23.3,18.2,23.9,26.6,12.2,29.3,25.3,18.5,34,26.9,16.2,21.9,14.7,25.9,34.1,15.2,18.8,25.6,23.4,32.5,31.8,28.2,19.7,25.3,21.5,22.2,29.1,22.2,25.1,26.7,18.2,25,18,27.8,21.7,28
16.5,25.4,23.4,32.8,33.4,13.2,18.4,23.2,27.2,11.7,34.5,32,31.9,32.4,26.8,19.5,19.4,15.5,31.8,36.1,14.8,19.7,24,24,21.4,26.6,24.4,20.3,31.3,24.7,24.7,26.2,20.6,22.1,29.2,13.3,28.3,21,33.1,20.9,24.3
14.2,17.5,16,35.9,31.3,21.1,21,23.4,27.2,12.5,31.5,21.8,24.9,29.6,26.3,18.1,16.8,16.4,30.4,27.2,16.5,19.2,25.9,23.4,22.6,29.5,29.2,21.3,15.9,28.9,21.9,27,22.2,23.1,30.2,14.1,32.5,34.9,35.1,19.7,24.6
14.8,18.3,13.6,37.4,31.9,14.1,28.9,22.8,28.3,13.4,28.5,26.2,21.1,27.4,27.3,17.5,20.1,16.7,20.8,24.9,19,18.5,22,25,27.6,32.7,29.7,21.9,18,34.7,22.1,37.8,22.2,23.3,30.7,17.5,35.9,27.7,29.8,21.3,34.2
18.5,22.1,18.4,36.9,25.9,12.1,24.7,22.3,27.5,14.4,37.6,30.7,28.7,29.6,27.2,20.1,21.9,16.2,23.4,33.7,16.6,21.4,22.2,23.8,33.6,36.9,31.3,18.3,27.9,30.8,24.9,37.2,24.7,24.3,29.5,13.6,27,20.9,27,21.5,37.7
14.4,22.6,18.7,37.1,27,19.6,19.3,21.8,27.6,15,24.8,19.2,24.2,29.6,25.7,21.7,23.2,23.5,28,36.8,13.8,15.2,22.4,23.7,27.7,32.9,30.1,20.6,21.9,27.9,24.7,28.1,29.2,20.9,30.5,14.5,36.8,19.1,24.1,26.2,40.8
14,22.7,14,36.7,27.1,18,15.2,18,29.2,15.4,23.5,22.7,21.1,29.5,26.9,17.6,21.1,27.1,32.1,34.2,16.7,15.8,24.5,25.2,17.7,34.4,29.3,19.2,20.8,31.1,23.2,25.6,19.3,18.4,30.1,23.3,30.9,28.5,25,34.4,27.6
16.1,22.8,14.9,38.9,30.7,11.1,19.9,22.1,29,12.7,25.4,25.3,21.5,32.4,29.1,19,10.9,16.9,19.9,33.4,16.6,11.8,25.4,25.1,16.6,33.2,24.9,19.7,16.9,37.2,23.2,28.7,20.7,23.7,30.3,25.4,19.9,18.3,24,17,28.4
15.5,23.6,17.6,40.6,29.5,12.4,26.8,24.4,28.9,12.6,25.2,28.1,18.2,32.1,26.7,21.2,20.1,29.6,22.5,36.7,19.1,16.8,27.3,26.7,21.1,22.8,25.6,20.5,14.4,34.8,21.5,34.4,19.5,30.3,30.7,24.8,26.3,24,24.3,21.7,34.8
15.1,20.7,20.4,39.5,33.1,13.1,14.5,24.5,27.8,13.9,27,22.8,32.5,32.9,25.3,16.1,17.8,23.8,24.8,36,18.5,16.9,28.7,26.5,22.7,24.4,28.2,20.6,17.4,35.2,27.7,22.3,18.5,31.8,30.4,18.3,32.2,20.3,25.6,24.5,37.5
20.3,19.1,24,30.5,40.6,14.2,26.5,23.2,28,14.5,28.4,23.6,34.8,31.3,25.9,16,18,18.3,30.7,33.7,24.1,18.9,27.5,26.6,22.7,36,23.7,17.3,22.5,26.2,19.6,29.2,22.1,20,30.9,17.6,33.6,22.6,24.5,26.8,43.7
15.9,19.8,16.7,27.3,30.7,21.8,33.3,23.1,27.6,15,27.8,23.8,26.9,32,31.8,13.2,19.9,15.1,24.2,35.6,20.2,16.1,27.9,26.9,31.7,32.7,20.4,18.9,16.3,21.8,20.3,33.7,18.4,18.8,30.4,24.2,24.1,23.1,24.6,17.2,34.4
17.6,21.5,16.9,41,41,23.6,24.2,22.2,27.9,13.3,28.4,25.7,43.4,32.9,25.6,12.5,20.5,16.3,24.8,34.8,18,18.6,27.8,24.7,33,30.3,24.9,21.8,17.1,30.5,24.2,29.1,17.6,22.4,31.4,21.5,29.2,23.5,26.7,20,29.2
14.8,23.9,26.4,30,37,15.2,21.2,24.7,28,14.4,32.2,23.3,38.3,31.6,26.2,13.1,19.9,16.2,29.4,35.5,14.7,19,25.4,23.7,21.4,38.3,27.4,22.8,16.9,26.7,31.9,28.6,20.7,29.7,29.2,17.6,29.9,28.8,23.7,26.7,25.8
17.7,26.3,17.2,32.1,21.4,22,18.1,22.7,28.3,9.6,36.5,23.1,35.7,31.8,25.3,15.6,21.1,17.4,23.3,37.9,15.4,18.9,31.1,23.4,19.7,40.8,27.3,22.5,17,21.6,28.7,26.5,22.8,28.6,29.3,15.9,31.8,39.9,27,23.1,30.1
16,21,19.7,38,21.9,16,15.4,23.6,29,12.2,37.7,25.1,23.2,32.2,26.7,19.2,25,17.7,21.1,37.7,22.2,16.1,25.8,24,18.9,30.5,30.1,23.2,17.2,29.2,28.1,28.3,24.4,23,29.4,18.7,32.9,26.3,28.5,20.5,30.6
13.1,22.6,21.7,36.9,30.4,11.9,16,22.4,29,13.4,29.9,27.9,24.5,33.3,27.9,15.6,15.4,19.6,20.2,37.8,13.5,20.3,26.6,24.1,22.7,21.4,31.7,23.5,18.2,32.3,41.6,31.9,28.3,18.6,30.3,20.8,34.4,28.1,23.5,19.3,32.2
14.4,21.6,22.9,40.8,25.5,11.5,20.3,23,29.2,12,27.6,32.2,22.8,33.4,27.7,15.3,22.5,21,24.2,34.4,15.2,19.9,23.9,24.8,34.5,29.3,32,20.1,19.7,38.5,40.6,27.1,21.7,19.6,29.1,26,39.6,31.5,23.5,19.6,34.4
12.5,25.4,20.1,42.4,30.9,14.2,19.5,22.1,29,14.6,27.1,23.3,24.7,31.1,25.7,18.4,15.1,19,30.5,35.7,14.8,15,26.5,25,37.8,22.2,34.4,21.1,17.8,34.2,31.1,31.5,21,24.1,29.1,25.9,41.2,29.6,24.3,22,37.3
14.5,20,23.1,41.2,31.2,16.2,20.6,23.1,27.3,19.4,28.5,23.1,32.9,30.9,27.3,19.1,19.5,18.9,31.3,38.5,18.8,15.7,25.4,24.7,18.1,38.5,36.2,21.3,20.9,34.1,24.2,34.4,21.7,27.1,29.7,26.2,22.8,23.3,22.9,23.6,38.1
15.1,22.4,24.7,40.1,32.3,20.1,20.9,22,27.4,12.8,31.3,23,21.9,31.2,27.8,16,22.3,21.7,31.5,39.2,14.6,16.1,26.6,23.3,21.9,38.5,27.3,21.9,21.9,33,24.8,37.8,21.2,25.9,29,17.5,28.4,36.8,27,22.8,44.3
15.7,25.8,20.1,33.2,21.3,25.1,27.3,20.9,27.5,9.2,34.5,25.5,32.9,31.2,26.8,17.7,23,32.3,20.1,43.6,17.1,19,26.1,24.9,27.5,33.5,28.4,25.7,17,34.6,22.5,27.4,21.3,24.9,29.3,19.3,27.8,21.4,33.6,20.9,44.1
16.5,23.4,25.5,21.7,23.9,28.8,29.5,20.1,29.2,14.3,39.3,31.3,37.9,30.9,26,14.5,19.9,24.5,21.5,38.8,20.5,15.5,21.5,25.8,33,33.4,31.7,21.9,18.3,27.7,26.6,27.8,18.5,24.1,30.6,23,32,22.5,25.1,20.8,26.1
24,28,17.7,29.2,29.1,15,18.8,21.7,28.8,14.6,24.7,24.8,42.7,29.6,24.2,14.7,21.8,20,27,37.7,25.3,14.3,23.1,25.3,31.2,23.6,33.8,22,28,24.5,21.6,29.4,20.1,29.3,29,20.4,33.8,25.7,25.9,19.7,28
21.6,24,18.9,35.9,29.1,15.5,19.2,20.2,28.8,15.6,32.1,26.4,29.7,32,25,21.5,25.9,35.5,25.5,37.4,16.6,9.7,24.9,23.5,18.6,25.8,36.2,19.8,22.8,26.3,23.5,34.3,21,20.7,31.5,20.3,37.4,26.1,26.3,22.3,34.2
17.5,24.2,29.7,38.1,36.2,15,25.9,19.3,28.9,16.6,37.7,26.5,38.4,32.7,26.2,11.8,26.9,26.9,24,39.9,17.9,14.5,23.3,25.9,14.9,36.8,24,19.8,17.5,37.3,25.7,29.6,20.9,21.6,30.7,24.2,33.4,24.1,27.5,19.3,39.7
20.7,26.5,26.2,41.8,39.8,18.8,30.4,13.6,28.4,12.9,38,24.6,44.2,32.6,27,14,20.5,15.8,24.3,47.3,14.5,16.6,24.3,21,30.5,37.5,27,21.2,17.8,30.3,26.5,29.1,20.6,23.2,30.6,27.3,32.8,21.2,36.5,21.5,36.7
25.8,29.9,16.5,43.5,30.7,25,33,21,28.2,14.5,20,24.9,21.7,30.7,26.6,14.8,20.4,17.7,25.8,35.7,13.3,15.9,25.1,23.4,33.8,30,28.7,24.7,23.8,30.7,25.6,30.3,22.9,25.6,31.3,31.4,29.6,27.3,37,22.8,36.9
28,22.7,17.5,38.1,28,29.3,22,19.4,29.1,20.7,29.8,24,22.8,32.9,27,20.5,20.8,26,37.2,36.7,26.8,18.7,26.2,23,17.8,29.3,26.4,26.9,24.7,27.9,27.3,25.2,20.5,26.4,30.7,21.1,27.6,20,24.4,22.4,42.1
29.1,26.4,19.7,33.4,24.8,17.9,19.5,20.1,28.8,22.7,36.6,23.1,33.3,32.3,26.5,21.4,22.1,20.2,25.2,36.2,25.5,9.3,25.7,23.5,18.7,29.3,26.6,27.4,17.6,25.6,39.7,29.8,22.2,29.1,32.7,19.1,35.1,19.7,24.9,19.9,46.8
28.3,20.8,21.3,35.6,21.6,15.4,18.9,19.6,28.3,17.1,40,23.5,40.1,28.5,29.2,22.4,18.3,21.4,23.8,36.3,14.4,10.7,27,24.2,21.8,32.1,25.5,24.2,18.6,24.2,22.4,30.6,22.7,21.8,30.7,15.6,25.9,27.8,29.1,21.7,41.7
15.9,25.2,24.6,33.4,23.9,27.8,18.3,20.7,29.1,11.3,28.7,25,26.1,27.4,26.8,20.6,18.9,18.9,29.2,34.4,15.3,11,21.8,24.9,26,25.5,26.6,25.6,18.1,24,23.2,32.2,23.8,25.6,32,19.5,24.3,32.8,28.6,24.9,29.3
15.5,23.5,23.5,34.2,25.1,31.9,14,15.9,28.9,14.5,28.2,25.6,34.8,29.3,27.4,19.8,18.1,20.7,34.2,33.7,13.3,13.6,23.4,21.4,30.6,24.3,21.9,28.8,15.5,26.4,26.8,25.2,24.4,27.6,30.9,20.8,28.8,34.7,32.4,27.8,26.3
19.9,24.5,27.9,39,21.2,29.6,17,17.9,29.1,18.3,33.1,25.5,32.6,33.5,32,15.3,22.2,21.1,37.7,35.8,14.6,11.8,21.7,22.8,33.2,30,22.5,31.9,18.2,30.6,36,26.2,19.1,32,30.8,22.7,29.8,37.6,34.5,31.5,29.2
25,23.6,27.9,40.6,31.9,10.9,19.7,23.6,29.3,18.5,33.4,24.7,29.1,33.7,23.2,14.8,25.7,22.7,21.7,36.7,16,10,23.4,23.7,37.6,27.6,23.1,26,19.6,28.8,34.5,23.3,33.2,34.4,33.6,18.9,27.5,42.8,27.3,27,27.4
23.9,25,21.1,39.6,37.9,26,22.5,25.4,28.8,20.3,33.7,23.6,30.1,33,25.4,13.1,24.7,29.8,21.9,36.7,15.5,12,24.7,23.7,41.6,30.6,24.1,27.7,24,27.7,40.9,26.4,19.9,29.4,32,22.5,35.8,43.9,31.5,24.1,28.7
15.7,26.8,20.3,39.7,34,17.1,25.4,22.8,29.6,15.2,35.8,23.7,29.4,32.2,26.6,12,27.4,20.3,19.5,37.3,15,12.5,23.2,23.7,40.6,34.6,28.4,29.8,30.7,26.8,23.1,29,20.3,27,32.4,26.3,39,43.8,27.1,24.7,31.1
19.6,24,25.6,39,37.3,18.6,24.2,22.8,29.7,17.6,36.6,31.4,23,32.7,26.6,13,17.6,28.6,22.7,36.1,22.8,11.3,28.1,23,24,22.7,26.4,33.2,19.6,30,23.2,29.6,32.2,28.9,30.7,26.4,37.8,23.4,24.3,22.8,35
20,22,34.3,36.5,32.3,21.3,24.9,21.4,30.5,18.2,38.3,23,25.4,32,26.5,14.6,18.3,23,23.4,36.5,16.3,10.5,21.3,24.4,27.1,21.1,25.1,24.1,20.2,30.9,26.2,29.7,34.2,24.9,31.1,26.2,39.5,26.3,23.4,22.8,38.6
26.1,23.6,21.9,27,33.8,18.6,21.4,20.7,30.6,19.9,39.1,22.7,20.2,31.3,27.2,13.2,22.6,31.6,25.7,38.5,25.1,12.2,19.1,23.5,33,24.9,25.1,29.5,38.2,34.6,25.8,33,18.3,24.3,30.7,18.3,40.7,23.6,28.7,23.8,40
18.5,24.1,17.1,31.2,25.9,26,21.9,19.6,29.5,20.5,41.1,28.4,19,31.5,27.8,17.3,22,24.4,25.3,40.7,17.1,12.4,19.7,23.8,32.3,28.9,24.2,33.1,33.8,22.9,24.8,24.4,20.6,25.1,33.6,23.5,42.8,26.1,29,24.4,40.7
17.9,22.1,18.6,34.1,22.9,32.2,25.8,20.3,30.7,19.6,28.8,34.2,19.1,33,28.9,15.4,22.7,37.2,25.9,23,13.4,9.2,21.3,24.6,32.5,29.9,24.3,36.9,40.7,19.1,24.3,27.9,18.2,27.7,32.3,26.9,34.4,35.4,26,23.6,43.3
16.9,20.2,17.2,38.9,25.2,19.8,25.1,22.2,30.2,20.2,20.6,25.4,21.3,31.9,25.9,12.4,28.3,19.9,29.2,30.2,17,9.7,21.4,24.1,36.7,29.8,25.7,31.5,32.8,20.5,20.7,21.9,19.6,26.3,31.9,31.1,33.1,23.3,24.7,27.1,44.7
18.5,22.5,21.5,41.2,32,26.3,24.8,22.1,29.1,22.3,31.1,25.4,25.9,29.8,27.6,13.8,25.6,21.2,32,33.4,15.9,14.5,21.7,25.2,19.9,29.3,22.9,33.6,20.1,25,22.6,22,25.7,27.8,31.8,31.2,34.2,21.3,30.5,20.5,43.1
25.4,22.5,25.1,36.7,35.4,15.9,31,22.2,31,16.4,35.4,28.7,20,30.3,28.2,14,21,25.6,36,33.6,16.3,9.8,23,24.9,21.4,28.2,22.6,28.9,19.6,29.9,24.1,26.4,16,37.8,31.1,22.9,33.5,30.3,25.1,20.5,43.5
24.8,20,26,38,29.6,23.8,19.2,23.5,30.6,20.3,32.8,27.7,22.8,31,29.2,19.7,20.4,25.1,25.1,34.8,17.7,10.2,22.6,25,22.7,29.8,25.4,24.7,19.9,26.7,34.9,28.6,20.1,26.3,31.7,11.1,21.5,35,23,24.1,38.3
28.1,20.6,27.2,34.9,27.8,24,26.8,23.4,30.4,23.3,33.6,26.3,23.7,32.3,27.8,18.4,23.3,23.6,24.8,36.6,15,8.6,25.1,23,22.2,29.8,22.3,25.6,19.7,29.9,20.5,26.7,23.9,21.5,33,13.3,28.3,41.8,22.1,23.3,38.1
26.1,24,28.4,39.7,26.1,21.8,31.2,22.2,31.5,12.4,44.3,25.7,24.1,33,28.4,16.6,19.1,21.1,33.7,35.6,15.3,8.6,23.9,23.3,22.9,27.7,20.8,31.5,21,28.8,25.4,26.6,21.8,21.5,31.4,18.8,32.3,33.4,27.4,24.7,36.5
21.8,20.9,31.1,39,25,22,22.5,18,31.1,13.9,41,27.3,28.2,31.6,28,16.1,26.6,27.2,25.6,35.9,14,7.7,28.6,24.2,26.9,28.4,20.1,32,18.8,29,24.6,27.6,21.5,25,32.7,18.5,35.5,30,23.6,33.5,32
18.5,20.8,33.7,35.9,23.4,22.6,22.8,21.3,31.4,18.2,28.9,24.8,21.4,32.1,28.9,18.6,20.6,19.9,28.8,33.6,24.1,12.4,21.5,24,36.8,30.8,21.1,27.6,32.8,29.6,25.4,30.9,25.6,27.6,32.3,20.7,39.4,36.1,23.6,23.8,31.6
19.4,22.7,27.2,35.8,27,20.8,26.2,21.6,28.9,21.3,33,25.5,21.1,31.2,29.8,13.9,21.7,19.1,40.1,30.6,29.5,9.7,23.2,23.8,33.6,29.1,21.8,25.2,20.6,29.5,31,30.9,33.8,30.2,31.3,22.3,39.9,42.1,27,27.6,40.9
28,23.2,27.1,35.8,23.1,19.2,28.4,22.3,30.2,24.1,29.2,29.1,18.5,32.1,30.6,18.8,20.8,27.3,39.6,33.7,16.8,6.2,19.4,22.8,33.5,29.6,22.6,25.5,23.9,29.2,24,26.7,27.4,28.1,31.8,26.5,41.7,37.1,29.4,21.8,43.3
17.4,22.7,23.7,37.8,26.6,21.6,24.3,22.3,31.6,27.3,34.4,29.4,28.6,32.3,28.8,15.9,23.3,34.9,21,36.1,25.9,5.2,20.2,22.8,39.8,28.4,23.4,31.6,22.9,27.8,24.9,24.5,18.7,29,31.6,22.3,42,31.8,27.5,24.2,42.7
25.5,23.1,26.7,37.7,29.6,26.6,29.1,22.1,31,14.6,24.8,24.5,20.4,31.8,28.8,16.2,27,23.1,24.7,39,26.5,5.7,23.7,22.4,42.5,27.9,20.3,25.1,42.5,29.2,34.8,29.6,19.5,30.6,32,21.7,40.2,36.1,26,24.5,43.7
19.4,22,29.7,36.8,30.8,31.9,33.1,22.8,31,17.4,35.4,23.8,27.8,31.2,28.4,16.4,29,34.6,35.9,38,17.2,6.9,21.9,23.3,42.1,21.1,20.5,23.3,21.4,30.2,31.8,21.6,25.6,22.4,33,23.9,29,41.9,32.6,24.9,43.7
21.2,23.2,32.6,36.1,32.9,28.6,36.6,22.8,28.6,16.5,38.6,26.4,19.2,31.2,28.5,13.4,31.1,43.5,27.2,35.5,20.4,8,16.8,23.4,41.8,23.4,21.7,24.8,20.2,28.9,21.8,22.7,21.2,22.5,33.1,31.7,39.8,41.2,31.8,24.8,40.9
27.5,23,35.4,38,21.9,36.3,40.7,24.3,30.5,17.8,40.4,34.2,20.2,30,33.3,10.9,32.7,42.9,24.6,32.3,26.3,9.8,19.5,24,30.4,20.4,21.2,32.2,21.8,30.5,22.6,24.6,19.8,24,35.1,21.6,40,26.4,33,24.4,38.8
31.7,24.6,25.6,37.2,19.7,39,41.5,23.6,32,15,40,26.7,22.4,30.3,30.6,10.1,33,43.1,25.8,35.7,19.1,10.6,20,22.3,28.6,27.8,22,33.8,37.2,23.3,31.8,22.6,23.1,27.8,35.6,23.8,38.4,28.5,33.2,24.2,38.6
17,26.4,34.4,35.3,20.4,38,27.9,23.9,29.4,23.7,40.8,28.9,23.3,30.5,27.5,10.9,27.6,43.9,28.2,29,18.5,9.5,19.1,23.6,31.2,28.2,23.2,25.6,22.2,20.6,20.8,19.5,21.9,31.9,33.2,30.4,31.3,30.4,33.8,24,42.6
27,23.4,37.1,32.2,24.7,28.2,23,24.8,30.4,24.6,41.9,29.3,19.1,31,28.4,10.9,20.7,25.7,29.7,32.4,20.3,9.3,18.7,23.5,26.6,29.6,23,32.5,27.7,27.4,24.5,18.3,18.5,27.9,33.7,32.4,30.7,27.9,25.2,22.7,43.3
16.7,21.1,23.7,29.9,29.1,23.3,28.1,25.9,30.3,21.7,41.6,31.2,21.1,31.7,28.7,10.1,23.6,23.1,28.4,34.4,20.9,11.9,20.6,23.4,32.6,23.5,20,33.6,25.4,26.3,23.2,18.9,22.9,29.7,34.5,32.2,23.5,29.8,27.6,23,37.1
17.4,24.2,20.4,29.8,26.6,23.9,30.9,26.5,31.1,22,38.2,21.5,26.8,33.1,28.9,9.1,23.5,23.4,30.6,33.9,27.9,9.4,22.6,23.8,25.8,21.8,14.6,36.2,20.9,28.5,28.9,19.7,25.1,31.3,33,20.3,30.5,27.3,30.1,22.5,43.6
17.3,23.7,32.1,30.5,28.8,23.2,32.6,26.9,30.4,25.9,34.7,22.4,22.4,33.2,29.4,9.8,24.9,33.7,35.8,30.2,35.6,9.7,22,23.8,26.4,24.6,16.2,39.1,18.8,23.7,18.2,19.3,25.4,30.8,32,24.3,33.1,24.4,33.6,23.9,34.5
33,21.1,22.4,27.5,27.9,24.2,38.4,28.2,32.2,22,34,26.4,22.9,31.3,30.7,7.9,22,22.8,42.6,32.4,40.2,7,21.6,23.5,32,22.2,18.1,40.3,19.6,21,21.3,16.6,24.2,26.2,31.9,28.6,23,20.9,35.8,24.1,27.2
21.8,23.8,29.5,33.5,28.1,33.5,26.4,25.1,30.6,15.9,32.4,27.3,25.6,31.5,29.5,11,23.8,20.3,43.1,34.2,21.9,9.6,21.4,23.3,38.7,23.3,18.1,38.3,21.8,24.2,22.3,21.1,27.3,23.5,33.1,27,26.2,25.7,25,21,29.5
16.8,27.5,31.1,34.2,29,23.6,25.2,25.7,30.2,19.6,34.6,27.1,29.2,33.2,29.3,13.5,28.2,28.2,36.5,33.1,21.2,9.5,21.8,23.5,41.6,23,20,29.6,20.9,25.5,21.8,19.7,27.1,28.4,32.8,31.6,29.7,29.3,24.5,22.2,28.9
22.8,22.6,34,33.9,26.3,34.9,21.8,24.4,30.6,22.9,36.6,28.1,35.3,33,30.6,14.5,30.7,42.1,28.2,32.8,21.1,11.8,22.3,22.8,32,23.2,20,29.4,18.9,23.9,26.6,22.4,21.4,22.9,32.9,35.6,30.3,34.1,28.2,24.5,26.1
25.2,22.8,37.6,34,29.6,32.6,28.2,26.5,31.3,26.7,38.5,28,18.7,34.1,29.1,14.1,25.3,23.7,24.9,33.8,18.6,10.4,23.1,22.9,40.4,24.3,19.4,28.2,18.9,27.3,23.7,24.3,23.7,22.8,33.2,37,32.2,22.3,31.8,24.2,25
20.6,19.5,40.7,35.1,27,37.6,33.2,26.1,30.8,19.5,38.3,28.1,19.6,32.4,31,15.8,29.7,31.1,25.6,33.1,23.2,4.9,24.1,23.5,41.8,25.9,21.8,28.2,18.8,23.4,24.1,22.4,18,27.3,32.6,31.9,34.1,24.4,22.5,24.6,25.4
19.3,19.8,36.4,31.1,27.6,40.1,35.2,21.4,29.5,20.9,39,28.3,24.7,32.5,28,18.3,28,33.7,31,34.3,26.3,8.5,24.7,24.4,28.4,23.5,20.6,29.5,21.2,23.4,32.3,22,23.1,30.9,34.2,37.1,30.2,24.5,22.6,24.5,30.7
20.4,20.2,23.9,35.9,30.3,21.9,35.5,25,30.1,23.5,40.3,28.1,25,32.7,26.7,15.3,32.8,40.5,32.7,30.8,27.8,8.6,25.1,24,28,22.9,21,32,33.4,24.3,29.3,24,23.2,30.4,32.8,32.9,30.1,24.2,26,19.6,34.3
31.1,21,29.1,35.9,28.3,32.2,38.8,25.8,29.8,26.1,39.5,28.2,19.8,34.6,27.8,15.2,23.3,37.5,42,34.5,20.4,5.2,24,23.5,36.7,24,19.5,28.4,19,23.8,16.9,23.5,22,29.7,33.2,29.5,25.1,23.6,29.7,21.9,34.8
21.1,19,29.1,36,27.9,34.9,43.2,23.5,30.6,28.8,39.1,24.3,21.9,33.5,27.2,11.6,23.3,25,28.9,35.4,29.2,5.9,24.8,23.2,37.8,29.4,19.3,29.2,17.9,24.5,21.9,24.9,27.2,25.4,33.6,30.7,29.2,22.8,23.7,22.8,28.9
24.3,22.3,32.5,36.1,31.1,38.3,43.4,23.5,32.5,21.6,35.7,26.6,21.7,32.9,27.4,7.9,25.5,35.3,27.6,24.4,20.6,6.2,22.9,23.4,41.7,21.8,20.8,33.2,22.9,24.9,25.4,25.1,27,23.6,34.3,26,29.8,31.5,21.8,24.4,30.7
30,24.1,37.1,40.9,28.9,30.7,36.6,24.3,29.6,25.4,38.3,27.1,19.2,33.2,27.4,10.8,27.6,42.2,27.3,29.7,19.7,8.7,23.8,23,29.5,25.2,20,35.4,33.3,29.5,20.3,24.4,29.5,24.3,33.4,26.9,31.1,31.3,21.4,24.3,34.4
34.8,24,30.9,36.3,20.8,33.3,29.1,24.7,30.7,29.6,39.8,27.7,16.8,31.9,29.8,11.8,32.7,23.7,29.6,33.3,18.4,6.1,20.7,22.7,31.8,19.8,15.4,26.5,22.3,25.2,19.7,22.9,26.2,29.8,26.3,26.6,32.4,29.9,23.9,24.7,35.9
24,23.2,27.7,35.7,27.4,28.5,28.6,26.2,30.5,29.6,42,27.7,21.4,33.2,28.6,10.6,30.1,28.1,25.5,25,30.9,10.2,20.3,21.5,40.5,23.6,18.4,26.8,19.4,19.3,18.5,23.9,22.9,30.7,30.5,28,30.1,24.8,25.3,23.5,36.1
17.7,21.1,30.6,37.1,23.4,27.1,29.8,25,29.1,19.3,41.2,27.9,19.7,32.8,29.3,12.1,27.6,27,26.6,20.8,33.5,2.7,17.8,23,25.5,21.1,17.9,32.5,18.2,21.8,20,20,24.8,28,32,25.3,32.8,23.9,23,25.4,31.4
17.7,22.2,29.4,35.4,26.9,26.5,27.6,26.5,30.6,22.2,36.6,27.2,19.5,32.5,27.9,15.1,25.8,28.2,29.2,26.5,43.1,8.3,16.6,22.6,21.6,17.3,18.1,27,20.7,23.9,19.3,18.4,27.5,29.8,30.9,25.9,33.3,17.9,30.7,23.4,35.7
20.9,18.8,23.7,36.9,26.7,30.2,29.8,31.5,29.4,19.4,35.4,28.1,20.8,34.3,28,12.2,25.2,25.7,37.1,29.5,39.3,7.8,17.9,24.2,23.9,19.5,19.2,29.7,15.1,20.8,18.1,19.8,42.3,25.7,29.7,24.5,30.5,17.9,23.7,22.9,39.2
21.8,21.1,30.4,35.8,26.4,17.3,41.2,30.9,29.9,21.4,28.6,27.7,22.9,33,26.9,12.6,28.3,25.7,35.9,31.2,44.1,6.6,17.1,23,19.7,22.5,20.1,30.1,17.7,21.5,19.3,18.7,25.4,27.1,30.4,25.1,28.9,26,19.8,22.6,32.4
21.8,17.5,33.6,35.6,26.6,18.6,42.9,26.1,30.9,26.2,30.7,27.7,17.6,32.5,28.9,14.4,30.2,20.2,39.3,30.5,34.9,1.6,17.8,23.5,21.8,20.2,22.9,43.5,17.9,19.8,22.1,14.4,29.6,25.3,30.1,28.7,26.5,28.4,18.6,25.4,34.1
21.9,19.2,36.5,28.7,28,21.7,28.8,27.8,32.7,25.7,33.5,27.3,18.3,32.2,29.4,15.8,24.2,20.6,42,31.3,23.2,1.2,18.3,23.5,29.7,21.1,18.1,28.6,23.1,20.3,16.9,16.2,31.2,29.3,30.1,31.6,29.7,26.6,19.8,22.4,30.3
23.5,21.1,38.9,27.8,29.1,30.8,31.4,21.8,31.3,22.5,34.1,27.9,15.6,32.5,29.6,16.8,22.4,24.6,45.2,31,23.2,0.9,18.4,23.4,20.6,21.8,21.2,27.8,21.2,21.9,21.4,21.5,23.8,25.5,29.2,36.1,31.4,22.8,19.9,23.6,33.4
22.5,22,39,33.3,22.1,32.1,40,29.1,31.7,20.6,25.1,25.2,17.3,33.8,31.5,18.3,24.1,27.3,44.1,29.6,23,-0.9,20.3,22.7,25.2,21.7,23,26.2,18.7,19.8,18.4,19.1,24.9,24.3,30.6,33.5,26.4,25.9,23.9,20.4,32.8
26.1,24.1,41.2,35.7,21.3,24.1,32.3,30,31.5,22.3,26,27.9,15.3,34,32,11.4,24.9,36.4,44,28.7,24.8,-1.7,18.9,22.3,27.1,23.6,22.9,32.6,20.7,22.4,19.3,19.6,27.2,27,31.1,40,24.5,27.4,27.1,20.1,34.8
33.4,21,41.8,36.2,24.1,24.3,36.1,28.1,30.7,28.9,32,26,15.6,34.4,26.4,10.9,26,21.5,38.2,28.2,32,-1.9,19.1,22.7,29.6,22.6,23,38.2,34.1,22.8,17.1,21.9,45.8,28.9,30.2,38.9,27.7,30.6,24.5,20.5,29.2
20,20.2,43.6,36.4,24.4,29.1,32.3,32.8,31.3,29.9,35.3,27.5,12.8,33.9,28.6,11.2,26.3,23.2,34,28.5,21.8,3.1,16.9,22,24.7,23.3,17.2,40,18.8,22.7,20.1,20.6,24.8,21.8,32,32.2,20.4,33.9,23.8,23.3,29.7
19.3,24.8,41.2,37.4,21.2,31,27.5,31.2,31.3,33.4,32.6,30.9,14.7,35.1,28.1,13.5,23.4,23.2,31.1,27.4,37.7,6.8,18.8,23.9,22.4,23.3,16.8,38.7,18.1,22.8,15.9,20.6,24.3,21.9,28.9,27,26.2,24.7,19.8,24.2,24.2
20.3,25.3,37.9,39.7,26,20.6,26.2,29.3,32,31.3,24.9,25.9,13.4,33.5,29.1,14,23.6,26.7,29.6,27,24.4,0.9,18,21.3,28.2,24.9,17.4,37.1,20.6,24.7,23.6,21,29.6,23.8,31.8,31.8,26.8,17.4,30.1,26,24.9
23.6,26,34.2,29.8,22.5,23.2,29.5,28.1,31.2,27.9,24.8,26.4,14.5,33.8,29.7,13.1,25.3,22.9,38.9,29.5,30.4,-0.5,19.6,20.8,35.1,23.9,17.3,37.2,21.1,24.3,17.1,19.9,29.8,23.8,30.1,26.5,28.3,20.8,27.5,25.4,26.7
29.7,21,33.2,29.3,22,29.2,32.5,27.1,31.3,33.7,29.6,28,17.6,35.2,29.7,13.9,24.8,21,28.4,28.5,44.9,1.2,21.2,21.9,23.6,25.1,18.5,32.7,23.6,24.5,16.2,22.1,29.2,24.9,31.2,28.9,28.9,25.3,26.3,25.7,29.6
19.4,18.6,33.3,30.6,22.6,29.6,26.2,30.1,31.5,35.1,31.1,27.2,18.5,34.2,29.2,15.5,25.6,22.7,29.6,27.4,23,-2.1,19.9,22.6,21,25.9,19.4,37.2,19.3,23,16.9,15,28.2,30.7,30.9,23.2,18.2,25.6,25.3,26.7,34.2
22.9,18,25.9,32,23.8,19.3,24.9,27,32,32.7,31.5,24.4,18.5,34.5,26.5,17.6,23.6,27.9,39.3,26.1,23.9,-0.3,17.1,21.9,20.4,26.4,20.4,32.3,18.2,24.5,15.9,15.6,23,24.3,30.9,24.3,22.2,25.1,23,22.8,36.3
27.2,21.5,29.4,29.7,23.3,24.1,31.2,30.8,31.7,31.3,31.5,25,19.1,32.8,27.7,14.1,25.6,35.2,42.1,25.9,32.7,0.7,18.7,22.5,22,24.9,18.7,31.6,17.1,24.1,16.4,18.5,26.2,28.6,30.8,26.4,24.4,22.9,20.5,25.8,24.5
31.2,21,32.7,20.6,22.8,27.6,34,29.7,32,32.1,31.8,26.2,20.8,34.1,28.2,14.1,27.5,21.3,38.9,26.5,36.5,4.3,18.7,19.4,23.9,26.3,20.6,34.2,19.6,24.8,15.2,19.4,26,28.2,31.6,34.3,23.3,21.5,21.7,24.7,25.2
28.8,22.5,36.6,22.6,23.5,25.6,24.6,29.4,32.5,36.8,32.2,27.4,21.9,36.6,28.3,14.2,20,23.7,43.3,27.6,40.7,1.3,15.3,21,24.8,25.4,21,35.5,18.3,22.3,15.7,17.5,27.8,29.5,28.7,37.5,23.7,21.5,22.4,25,27.7
20.8,22.8,40.6,28.2,25.1,17.3,28.9,34.7,33.1,40.1,32.1,27.1,23.6,34.4,27.9,11.4,21.2,28.6,43.5,29.8,26.8,0.8,16.3,20.8,20,23.6,21.4,30.3,17.1,21.2,16.8,17.3,23.1,28.7,30.9,38.1,21.1,24.6,18.9,26.2,23.4
18.5,15.8,41.6,22.2,29.1,21.9,28.6,31,33.2,37.7,25.7,26.9,22.2,33.8,27.8,11.3,20.6,30.2,41.9,20.5,35.3,-0.3,16.6,20.2,16.8,20.8,19.4,29.9,18.8,19.3,17.3,11.9,25.5,28.6,31.3,38.4,19.2,18,21.1,23.4,23.8
31,18.1,40.5,23,21.2,22,28.3,26.2,33.7,35.8,26.6,24.8,18.5,35,27.1,12.5,22,20,40.5,26.1,33.6,3.1,16.8,20,21.3,21.6,14.6,32.3,19.1,18.3,18.1,20.1,26.1,24.7,30.2,38.4,23.4,19.4,19.9,25.5,22.2
20.4,20,31.9,24.8,24.5,23.3,31.4,28.3,34.1,38,30.6,25.3,20.2,33.9,27.3,12.6,21.6,25.3,33.2,19.5,29.5,4.4,17.1,20.4,19.4,18.2,16.2,33.9,16.8,16,18.4,13.4,26.8,28.6,30.2,21.8,24,19.6,20.7,25.8,21.5
20.7,15.5,30.9,25.8,21.2,27.4,30.1,31.7,32.3,29.7,32.1,25.8,17.6,34.7,28.8,13.7,25.5,25.1,38.1,22.9,30.1,3.7,18.1,20.6,26.5,19.9,17.1,37.9,21,20.7,19.4,15.1,27.1,28.3,30.2,20.8,21,16.3,22.6,24.8,22.3
23.4,17.5,36.8,27.4,25.1,21.3,26.1,29,28.8,37.6,31,26,20.8,33.6,29.2,16.2,19.2,25.7,40.2,21.5,27.6,3,18.8,20,26.2,21.6,16.5,33.3,17.3,17.5,20.2,25,26.8,29.3,30.2,29.9,21.2,19.1,24.8,24.7,22.9
26,17.9,36.9,27,20.6,16.6,35.3,27,26.3,27.6,32,26.1,16.8,33.8,29.1,14.5,21.6,18.3,40.4,14.3,24.2,3.8,17.9,20.8,31.3,17.4,16.3,33.3,17.8,17.5,25,19.1,27.2,28,30.8,34.7,21.9,17.2,22.1,20.6,25.5
27.1,17.8,31.2,27.3,16.1,14.8,27.8,27.8,28.5,22.8,22.8,32.3,17.5,33,28.4,16,24.3,24.3,43.7,17.4,20.2,3.3,15.7,20.9,31.8,19.6,22.7,30.7,14.9,17.5,23.4,16.4,28,30.8,31.2,32.1,17.6,21.4,18.9,24.2,28.3
30.4,20.5,30.6,28.7,19.8,18,29.3,27.4,30.6,34.4,24.5,27.5,17.4,32.6,29.3,12.4,19.5,27.3,40.2,23.5,18.7,3.3,15.9,21.1,35.6,18.7,19.8,33.7,18.5,17.5,22.2,15.2,26.4,25.5,31.7,29.4,18.7,19.3,17.7,22.5,26.3
35,23.1,23.1,30.8,21.3,22.2,28.1,27.4,32,36.9,26.9,27.3,13.3,34.4,30.1,9.8,23.4,25.9,35.4,24.7,20.2,3.7,18.5,20.8,20,19.7,20.4,33.7,15.3,17.5,24.2,16.2,24.3,27.3,30.2,27.9,22.6,16.2,17.8,26,28.4
43.4,18.1,31.4,29.8,19.9,21.7,25,28,30.5,25.9,27.6,25.9,15.9,33.4,28.2,16.6,22.3,22,39.4,24.4,21.6,3,15.6,21.1,20.2,16.3,17.6,32.4,21.3,15.4,21.8,15.2,25,28.2,28.3,29.4,21.2,15.7,20.4,24.9,29.5
27.4,19.5,29.9,29.3,20.7,25.7,27.2,28.4,30.9,29.6,29.8,25.4,16.1,34.2,28.3,16,26.3,24.4,41.3,26,27.2,4.5,14.8,21.2,22.6,19.2,19.4,31.3,16.6,19.1,17.5,16.5,24,30,30,20.6,22.7,14.3,20.1,21.4,30.8
24.4,23.5,33.4,29.8,20.8,31.3,30.1,29.6,32.1,34.9,33.7,24.4,15.2,33.4,28,17.8,21.7,26.6,33.5,25.4,21.6,-4.1,15.5,20.7,24.6,19.7,20.3,34.1,11.7,19.7,17.2,16.7,23.8,29.1,29.7,25.5,23.7,15.9,21.3,22.9,26.5
27.1,21.2,26.8,31.8,20.5,20.5,30.4,26.2,33.1,33.1,31.9,25.4,16.3,33.3,28.5,10.9,22.2,32,28.9,25.4,20.5,-1.4,17.8,18.7,19.2,20.1,20.5,35.4,13.1,17.8,16.8,16.8,24.7,22.6,28.1,20.9,23.6,13.2,21.8,21.2,23.6
29,22,29.8,33.2,22.2,17.8,21.1,29.2,33.7,33.7,21.4,24.7,15.9,35,28.5,16.3,20.5,33.7,29.8,25.2,24.3,1.4,18.3,20.6,17.6,19.4,21,37.3,15.3,20.3,18.5,15.8,24.8,25.4,29.8,18.3,18.1,15.7,20.6,22.8,24
33.7,22,33,34.3,24.3,21.5,22.2,26.8,31.2,30.3,26.3,23.9,13.4,33.2,26,19.7,18.4,23.6,30.8,25.1,26.9,6.3,16.7,19.1,18.6,19.6,21.7,35,14,18.8,18.1,16.9,27,25.6,30,20.7,15.3,15,21.4,21.5,26.4
28.1,21,31.4,31.8,22.2,15.6,27.5,26.3,30.5,25.8,28.3,26.7,16.1,33.3,27.1,23.4,18.2,17.3,25.4,24.9,21.5,7.5,17.9,19.4,20.1,19.7,22.5,35,15.7,19.8,16.1,18.5,28.4,24.9,30.4,25.5,10.8,19.1,18.9,25.8,19.1
27.7,21.1,30.6,16.9,24.8,17,29.5,26.5,32,26.2,29.4,26.2,14,33.5,32.2,20.5,22.3,18.6,23.3,22,19.9,6.4,19.6,19.4,18.9,20.1,21.9,35.5,17.1,19.6,15.4,13.8,30,28.5,30.1,26.8,12.2,17.1,19.9,21,18
29.6,20.2,27.7,21.7,23,15,32.9,28.2,33.4,29,19.9,25.8,14.3,33.3,26,18.9,19.7,25.2,23.5,26.4,28.7,-0.7,21.4,19.5,22.2,20.7,17.7,34.9,19.6,20.6,14.4,13.4,26.9,28.1,30.2,26.2,15.2,19.5,20.4,21.5,18.4
22.7,19.6,32.3,19.9,24.8,18.9,24.6,31.3,34.2,18.3,25.6,26.1,14.2,34.3,28.5,20.9,19.4,20.9,27.6,25.6,35.8,5,22.8,19.3,22.5,18.6,20.1,32.3,19.1,21.9,13.3,15.7,33.5,21.5,31,28.4,17.8,19.2,21.3,21.4,17.2
22.6,17.3,32.2,21.9,23.1,17.9,22.7,26.1,26,23.4,25,27.1,15.1,34.6,27,18.3,17.4,17.5,30.6,27,29.2,6.4,23.5,19.4,19.5,16,18.7,30.5,19.5,20.7,15,19.5,24.3,23.3,29.9,25.2,19.5,19.9,21,24.2,20
22.5,16.1,31.5,23.9,25.4,18.1,25.4,24.9,25.7,26.3,23.6,26.8,11.6,33.3,29.7,13.6,17.8,18.2,35.2,25.9,25,1.7,20.4,19.9,17.6,18.2,20.5,34.9,21.6,16.8,17.5,22.2,18.6,21.3,30.3,27.6,15.3,20.8,20.1,19.2,22
23.4,16,32.6,23.2,22.9,21.3,22.4,26.3,27.9,27.9,25.1,28.9,14.9,33.4,25.1,14.8,16.5,17,26.5,25.2,21.3,3.7,13.9,20.1,21.1,20.4,18.9,31.8,22.6,18.4,18.6,17.9,23.6,22,30.8,27.1,18.6,22.1,20.6,22.2,21.7
31.4,17.9,29.1,23.3,21.1,15.3,16.7,27.8,28.2,31.3,26.2,24.4,14.9,29.4,25.5,13.6,13.9,20.7,28.9,21.4,18.5,4.2,15.2,19.9,26.7,21.7,19.4,32.5,22,20.9,14.3,20,20.6,23.4,30.7,25.1,19.7,22.3,18.6,24.4,20.5
35.2,20.9,32.5,24.2,20.7,12.6,21.3,29.7,30.6,27.1,23.8,24.8,11.6,31.6,25.2,16,15.3,20.4,31.1,18.6,21.7,4.6,17.2,19.3,20.2,16.5,16.9,35.6,18.9,21.6,16.3,18.9,22.7,24.7,30.2,18.8,20.8,22.6,17.6,28.2,22.8
43.7,23.8,34.5,29.7,18.7,15.8,22.6,30.9,30.4,31.8,26.2,25.2,15.1,31.1,27.6,10.1,18.3,19.5,30.7,19.3,23.1,9,18.1,20.6,18.5,15.5,19,37.9,16.5,16.6,14.5,13.6,22,24,30.2,22.5,21.8,21.2,18.4,19.9,25.7
44.2,19.6,29.1,28.3,21.5,16.4,22.5,28.7,29.7,28.1,28.7,25.3,10,30.6,27,11.7,17.7,22.6,33.4,16.9,15.1,6.3,18.7,20.3,20.9,18.8,20.6,26.7,16.2,16.2,15.3,19.1,24.1,20.7,30.4,26.2,19.8,17.8,17.2,24.8,27.9
28.8,18.2,20,21.7,16.6,15.9,20.4,29.1,29.4,29.6,24.2,27.9,11.9,31.7,26.2,10.6,15.8,24.4,31.7,19.5,17.8,2.3,16.4,20.4,20.5,18.5,19.6,26.5,17.6,18,14.8,18,25.3,19.1,29.9,27,23.3,22,18.3,19,27.6
30.2,22,27.8,28.3,16.9,16,20.7,27.2,29.4,26.9,25.3,25.1,13.8,32.5,27.3,16,12.5,18.9,30.8,21.5,18.8,4.9,19.7,18.6,18.2,21.6,22,33.6,17.2,18.4,14.1,20.7,26,20.8,29.2,26.1,21.7,18.1,18,24.5,29
28.9,15.4,29.5,27.1,19.7,13.6,23.1,25.5,29.7,27.8,27,24.4,14.5,32.8,27.9,14.8,15.1,16.2,36.2,22,19.7,6.9,13.4,19.1,25.7,18,24.7,26.3,16.6,22.2,11.2,20.5,25.4,21.1,28.9,24.4,23.7,17.8,17.7,22.5,27.9
35.3,15,30.8,26.4,19.1,17.6,17.4,28.8,31.8,28.3,26.7,24.4,13.5,32.7,28.5,14,18.5,18.6,38.2,21.3,21.1,9,14.2,19.6,17.6,18.2,20.7,29.8,18,18.5,13.5,22.4,27.9,24,29.1,20.3,24.2,17.9,20,18.8,26.7
27.1,15.4,25.5,28.1,16.2,14,18.1,29.3,31,19.5,19.2,24,13,32.6,28.2,13.7,15.5,19,35.9,21.4,27.7,9.1,16.3,20.2,15,17.8,18.5,32.4,17.8,17.8,14,17.8,22,23.7,28.9,17.9,18.9,14.4,21.6,16.1,24.7
34,18.1,23.2,24.2,16.2,11.3,19.9,27.1,30.2,21.7,18.5,25.5,9.9,33.5,27.8,17.8,16.2,17.3,26.4,20.8,24.2,10.4,16.7,19.8,13.8,18.3,19.4,31.4,14.4,18.9,15.3,13.2,23.6,25.4,27,19.2,24,15.1,18.8,20.3,27.5
39.1,19.7,21.9,27.1,20.2,10.7,18.7,33.5,32.6,23.2,12,24.9,12.5,32.6,27.3,20.3,14.6,18.8,26.5,16.7,20.2,9.1,16.4,20.5,14.6,18.5,20,31.7,16,17.3,15.4,15.2,24.5,24.1,29.6,22.7,20.8,15.4,19.3,19.7,29.9
43,15.7,26.2,28.1,17.7,13.4,18.1,25.6,33.4,26.1,15.8,28.2,14.4,32.5,28.5,22.1,16.5,17,31.3,16,30.5,2.2,16.8,21.1,16.4,16.2,21.1,34.1,15.6,17.6,14.7,16.3,20.2,30.1,29.5,24.2,15,17.9,20.2,18.2,23.6
31.3,19.6,26.7,23.6,20.2,10.1,18.3,27,31.1,25.7,18.4,27.7,12,34.2,25.4,17.3,18,19,32.7,17.2,20.8,4.7,15.2,20.6,14.5,18.1,22.4,34.7,16.2,18,11.2,18.9,19,21.9,30.1,24.6,12.7,14.9,14.2,19.1,20.2
36.7,15.2,19.7,26.8,19.5,13.2,20.9,28.3,30.8,22.8,17.9,26.7,12.1,35.2,26.2,18.9,19.1,16.1,24,21.7,19.9,5.5,16.8,20.3,13.6,13.8,20.4,31.1,15.5,18.6,17.5,16.3,22.2,24.8,29.8,25.9,14.7,14.6,16.7,18.9,21.2
37.6,16.3,26.7,27.7,18.8,11.5,17.5,35.5,28.6,24.4,21.5,21.1,14.5,34.2,19.8,20.7,17.8,18,28.4,20.4,16.4,6.7,16.8,20.3,18.3,18.8,22.4,29.6,15.4,18,17.7,17.5,25.3,19.1,29.8,15.1,17.7,16.2,17.5,21.9,22.7
43.4,19.3,21.6,29.3,19.5,12,20.5,26.9,31.6,26,19.9,23,10.8,34.2,22.6,22.6,18.4,15.9,28.8,15.9,21.9,10,17.8,19.8,18.7,20.3,19,33.9,15.5,14.8,14.5,20.3,27.2,22.3,25.4,17,15,17.1,17.2,23,21.4
44.7,16.5,23.3,25.6,18.4,14.8,18,27.6,29.6,26.5,19.7,21.5,12.4,34,24.3,13.7,18.2,15.6,32.2,22.5,19.8,9.3,18.1,19,19.7,16.7,20.1,24.9,14.1,18.9,14.5,20.6,26.3,22.7,26.1,20.2,15.1,16.6,15.6,22.7,16.6
28.3,14.4,25.2,26.9,15.8,13.2,14.8,27.7,31.1,27.5,21.8,20.9,13.6,32.8,24.1,20.4,17.1,13.6,30.9,15.2,18.6,3.4,19.9,18.7,24.9,18.5,22.4,22.4,14.1,16.5,10.3,23.8,28.7,16.1,27.1,17.6,18.1,16.2,14.7,23.4,19.5
28.3,15,24.9,24.7,15.7,15.6,15.6,29.6,29.5,30.6,23.3,18.6,12.8,33.7,24.3,22.8,17.3,15.5,23.1,15.4,20.9,6.4,17.6,18.1,24.1,19.1,20.5,24.9,16.7,16.6,12.2,18.1,26.5,20.3,28.1,20.5,17.2,15.2,17.9,25.1,19.9
33.5,16.9,25,26,17.2,17.8,14,27.3,30.8,26.4,24.2,22.4,12.8,34,21,19.9,15,12.7,21.6,21.9,19.9,8.6,18.4,20.1,25.1,18.6,18.5,25.6,13.3,17.9,15.5,20.6,25,20.2,27.1,19.8,16.7,14.6,13.8,25.4,18.5
36.7,19.9,18.2,28.8,18.9,15.6,13.5,30.1,31.3,23.3,25.6,23.2,11.3,33.6,24.2,18.6,12.7,14.4,22.6,19.9,19.6,11.7,16.6,19.2,21.3,16.5,19.1,30.2,14.4,18.6,14.6,28.6,22.9,18.2,28.8,19.3,17.1,15.8,14,25.6,17.1
28.4,21.8,17.6,20.7,15.4,18.2,15.1,30.5,29.6,23.4,25.4,22.9,12.5,32.9,23.1,17.2,15.9,14.5,30.1,14.8,17.7,11.8,16,19.2,23.1,22.6,20.3,31.5,13.3,16.1,13.5,29.4,26.4,20.4,29.1,19.6,12.6,14.5,17.9,24.3,18.5
42.5,14,23.8,20.3,14.7,18.6,18.4,29.7,30.7,23.1,25.3,23.4,15.3,33.3,24.7,20,14,17.5,27.4,15.8,19.7,13.8,15.8,19.6,23.2,18.8,17.7,26.5,12.8,18.8,16.4,24.9,20.1,24.4,28,16.7,15.1,13.6,16.7,22.9,20.6
41.7,18.8,23.9,21.1,19,17.3,19.2,29.3,28,18.7,24.1,24.9,15.4,30.7,25.6,14.2,15.1,16.8,31.1,22.3,22.9,16,18,19.6,21.1,21,21.2,30,14.2,20.4,14.4,24.1,20.1,20.2,28.9,16.8,11.5,15.5,16.1,22.4,17
26.6,15.6,22.4,19.5,17.2,17.9,19.5,28.7,29.4,18.2,26.8,24.1,15.7,32,26,17.3,11.8,16.9,32,15,17.8,11.7,20.5,18.9,15.7,17.9,17.7,31.4,14.6,19.6,13.7,29.1,21.5,21.5,29.3,17.7,11.6,15.7,13.8,19.3,16.8
26.9,16.7,21.8,20.2,16.9,18.5,22.6,29.2,30.4,22.6,28.6,23.7,16.6,32.7,27,22.4,17.8,18.5,34.9,15.8,19.4,7,19.6,16.2,18,23.2,19.8,32.6,13.2,23.4,15.9,28.2,21.6,23.2,25.3,19.5,8.6,15.2,14.5,19.8,15.1
25.1,14,21.5,19.9,17.6,16.9,19.6,30.9,29.7,22.1,25.8,24.4,16.2,28.6,25.1,15.1,17.7,20.4,29.7,16.8,19.4,10.2,23.2,17.6,17.5,25.6,21.7,32.9,13.6,23,12.7,19.3,22.1,23.4,28.2,20.5,17.1,14.5,21,19.3,18.9
26.8,16,16.4,18.4,18.4,17.5,20.7,30,30.2,24.6,20.6,26.3,15.4,28.1,23.2,20.3,16.7,20.7,21.5,20.2,24,10.7,19.1,18,12.4,18.1,21.1,34,14.8,25.2,10.1,18.4,22.1,25.4,27.7,15.5,12.3,13.3,16.1,19.1,19.8
24.9,18,17.4,18.7,21,13.6,21.4,30.1,29.9,24.3,20.2,25.9,13.8,29.1,24.2,26.7,15.1,21.6,23.5,18.7,15.5,14.4,22.8,17.9,13.8,16.3,20.5,25.6,14.4,16.1,16.5,29.9,22.8,25.7,28.5,21,11.4,15.1,13.6,20.3,19.3
21.2,15.4,22.2,17.9,17.4,15,23.3,32.5,32.1,25,22.6,22.5,10.1,30.7,24.5,20.8,12.4,23.3,24.6,18.2,16,16.4,17.4,19.4,16.5,21.8,20.3,26,14.3,22.4,13.7,18.7,20.6,24.2,28.4,17.1,12.8,14.4,14.3,17.6,17.3
21.1,14.5,20.9,22.8,17.8,12.4,18.6,31,31.1,26.3,15.9,18.1,13.1,31.7,23.1,15.2,15.2,18.8,21,12.8,10.4,13.8,19.4,17.9,17.2,19,17.3,28.3,13.1,19.2,12.7,17.8,19.6,26.2,28.3,15.6,13.7,12.8,16.9,16.6,18.5
21.5,17.1,22.8,16.9,14.1,14.3,17.2,29.8,27.8,25.3,15.9,20.6,14.2,32.5,22.9,16.7,15.5,21.2,20.6,15.6,12.8,14.1,20.5,17.8,14.8,19.1,25.7,26.2,14.8,18.9,13.5,22.5,20.2,25.6,28.4,14,13.8,10.4,16.5,17.7,21.6
23,18.2,21.1,16.1,14.8,12.6,19.8,34.8,29.4,24.9,16.2,20.1,14.4,33.3,21.8,18.2,15.1,22.8,21.3,17.1,16.1,16.7,23.7,17.2,16.5,22.8,21.8,24.3,14.4,22.9,14.7,21.3,20.7,26.5,28.5,12.2,11.8,12.4,15.3,16.8,15
26.7,19,22.9,16.2,17.2,11.7,20.1,31.1,30.1,26.9,17.6,22,14.8,33.7,22.7,22.3,15,22.1,23.2,20.5,13.4,18.3,18.5,16.7,14.2,15.5,22.9,24.5,11,22.6,10.2,21,22.5,25.6,28.7,15.6,9.8,12.5,17.4,17.8,15.6
23.8,17.8,22.6,18.2,17.8,12.3,18.5,29,29.8,19.9,16.9,21.5,15.8,36,22.1,19,12.9,20.7,23.7,20.6,15.2,10.7,19.4,16.7,11,17.8,22.2,25.3,13.8,15.3,18.2,21.9,16,25.2,28.1,14.5,10.4,16.7,15.9,18.5,15.5
24.2,18.5,18.1,25.3,19,12.4,15.8,30.6,28.6,21.3,17.7,20.5,15.6,36.1,19.9,17.9,11.2,20.2,22,20.8,15.9,11.4,22.8,17.5,15.8,17.8,22.9,22.8,14.6,15.5,16.3,25.9,17.4,25.2,28.8,16.3,10.7,12.7,17,19.3,17.4
25.5,16.5,17.3,24.2,18,12.8,16.6,33.6,31.5,22.2,16.6,18.1,11.8,34.8,21.2,17.7,13.2,17,24.7,23.1,18.2,12.7,29.1,17.6,15.4,17.7,20.2,23.8,14.2,19.7,17.5,25,20.6,20,29.1,14.1,8.6,14.9,15.1,19.8,17.6
26.7,15.5,14.5,14.6,21.8,11.7,16.5,34.8,30.8,14.9,17,20.6,12.8,34.8,21.2,18,16.5,19.5,23.6,19.7,19,14.5,19,18.1,13.1,18.2,20.9,19.4,14.1,16.5,19.6,29.6,21.3,19.1,28.8,19.3,14.6,13,15.6,18.7,14.5
30.4,19,12,18,18.5,12.7,13,31.2,30,17.4,18.9,20.8,12.4,32.9,21.3,17.8,9.3,19.4,21.8,18.9,20.9,17.9,23.2,17.1,14.1,18.3,21.9,20,13,19,19.8,35.5,20.2,21.9,25.7,18.1,8.8,14.8,13.1,18.9,17.5
35.4,15.5,15,20.3,19.5,13.1,16.4,29.6,30.6,18.5,21.5,19.2,14.2,32.9,22.2,13.1,14.6,18.3,26.2,24.8,23.6,18.7,21.2,17.4,13.8,18.4,25.2,22.3,15,17.9,12.1,14.7,19.3,21.7,20.3,18.2,13.7,15.3,16.5,17.6,19.4
24.8,16.9,16.3,24.2,17.7,11.3,14.1,28.6,30.6,17.4,14,20.4,12.5,29.2,23.7,17.3,12.8,17.2,23.5,22.8,22.9,9.4,23.8,19.5,14.2,18.7,22.4,20.8,11.3,18.8,13.4,17.4,21.1,22.5,19.7,18.4,12.6,11.6,17.1,20,14.7
35.2,18.9,16.6,16.2,22.6,13.7,16.4,27.8,30.2,20.2,14.7,20,14.5,28,22.7,17,15.1,18.4,24.5,15.7,18.1,5.2,31.1,18.8,14.9,19.3,22.1,23.4,11.9,18.8,12.8,23,21.4,20.8,24.1,20.4,11.4,10.4,14,20.1,15.6
24.1,16.9,13.9,16.6,22.9,12.4,13.9,29.8,30.6,25.7,14.4,21.3,13.9,30.6,23.9,13.7,12.4,14.3,19.4,20,20.7,10.6,25.9,18.3,10.6,20.3,23,22.3,14.4,20.7,14.2,30.3,24.9,21,26.8,19.2,11.4,13.1,16,18.9,16.9
25.6,12.4,18,19.8,18,12.6,15,30.6,27.3,24.1,16.4,22.8,18.6,30.6,21.4,13.9,10.9,15,26.7,20.7,17.8,8.9,29,17.4,13.3,18.5,19.3,22.5,11,21.2,11.3,29.1,15.8,17.6,26.9,18.7,13.2,12.7,17.2,18.3,16.4
23.6,15.3,19.3,19.8,15.6,12.1,12.6,29.6,31.5,21.8,17.7,20.7,17.4,30.5,22.4,14.3,12.9,16.3,20.7,21.3,20.7,19.6,19.4,17.7,13.8,20.1,20.7,21.6,13.1,17.9,11.6,21.6,21.1,16.6,26.9,20,14.5,12.7,19,16.9,12.7
21.8,22.8,18.1,19,16.6,9.3,14.5,30.2,30.3,21.2,20.8,21,13.3,31.8,23,17.1,13.1,14.9,17.1,21.3,17,19.1,22.7,19.1,12,18.6,24.1,19.1,9.7,19.1,13.3,26.8,20.1,18.5,20.1,20.4,13.9,11.9,15.6,19.9,18.4
24,24,18.8,24,19,7.6,12.6,30.4,30.6,17,19.8,19.9,16.1,32,24.1,18.5,7.9,14.9,16.5,22.2,18.4,20.4,22.6,17.1,13,22.5,27,22.2,10.2,18.3,16.2,30.6,22.2,18.5,21.4,17.9,14.6,12.1,17.1,18.2,17.6
24.9,21,18.7,25,20,9.9,9.4,30.6,29.9,20.2,17.9,21.1,17.7,30.7,21.5,19.3,14.9,15.7,13.7,23,18.3,20.6,22.2,17.8,13.1,24.4,24.8,21.4,11.8,18.4,13,26.8,21.5,21.3,24.6,20,13,12.5,18,16.1,14.4
25.4,16.8,19.6,18.3,20.9,11.4,13.3,30.8,29.4,23.8,16.2,23.4,19.3,31.6,22.2,22.3,14.3,13.5,13.3,22.4,16.6,14.8,25.3,18.9,12.3,19.6,28.5,24.4,12.4,24.1,12.6,27.3,16,20.6,25.9,22,16.9,12.5,17.8,16.5,13.4
20.4,15.6,20.5,19,18.4,10.6,12.4,30.4,29.7,16,16.6,19.2,19.6,31.2,22.6,13.1,14.5,14.2,18.4,19.1,17.5,10.4,26.6,17,14,18.9,29,23.5,11.9,19.3,14.1,33.6,20.9,20.5,26.7,18.9,16.7,10.3,15.7,17.5,18
22.2,18,20.3,7.5,21.3,12.1,11.8,31.8,28.5,17.8,17.5,18.8,21.5,29.1,23.8,15.4,13.3,16.2,16.8,16.8,16.8,16.5,17.8,17.5,14.5,17.4,29.8,22,14.1,18.6,15,26,17.6,17.9,26.3,14.9,19.7,13.1,17.8,20.5,21.8
28.3,18.2,20.4,13.8,22.6,12.2,12.9,29.2,29.8,18.2,19.1,19.6,14.2,28.5,21.1,13.9,14.8,15,15.8,15.1,18.5,22.2,16.1,18,9.7,25.9,24.4,21.6,10.3,17.9,15.9,25.4,19.1,21.2,26.2,16.6,9.4,15,19.3,17,19
29.2,18.6,19.1,20.8,14.7,9.9,13.8,28.7,29.2,20.6,15.8,23.2,14.2,28.4,21.4,18.4,11.1,14.6,18.9,16.4,16.8,12.8,21.1,17.3,12.8,24,27.1,22.4,11.8,16.8,17.8,30.1,19.2,22.3,25.6,17.8,11,15.7,21.6,17.1,18.7
32.7,19.7,18.8,18.9,14.4,8.7,15.1,28.5,29.6,22.2,12.9,17.5,14.2,28.1,21.3,15.6,13.8,14.3,21.3,20.2,12.6,16.7,19.8,18.1,9.8,26,29.2,23.1,14,18,14.5,38.9,13.8,18.5,27.4,15.4,14.6,14.4,19.1,17.9,17.5
32.5,15.8,17.5,17.9,18.3,10.3,12.2,28.6,29.3,23.1,15.7,17.7,15.5,31.2,22.6,16.4,11.4,15.1,19.8,21.5,15.5,17.1,18.6,18.4,9.3,17.4,33.2,22.8,15.6,25.5,15.7,30.3,16.7,18,25,12.2,13.3,15.6,17.1,16.9,25
36.8,16.4,14,16.5,19.1,9.4,10.4,27.4,30.6,13.8,21.3,19.2,16.7,30.1,20.9,17.3,12.9,13.1,21.3,22.2,13.7,15.8,23.4,17.9,11.6,21.8,28.3,21.3,16,24,16.8,27.5,19.8,17.5,25.9,12.6,14.2,16.6,18.3,17.8,21.9
21.4,20,18.5,22.8,17.3,11.7,12,28.4,26.4,14.1,15.2,19.8,19.9,30.5,20.4,30.4,10.4,11.1,20.4,20,17.5,17.6,25,17.4,13.7,25.5,25.7,21.8,15.5,25.7,17,18.5,16.1,22,26.9,13.3,14.1,15.6,20.9,15.7,23.4
21.3,21.2,14,26.1,16.1,9.4,14.7,26.9,27.6,14.6,12.9,20.4,20.1,32,21.7,19.8,12.6,14.7,24.6,21.5,16.1,20.5,24.6,18.3,10.6,23.2,28.3,20.7,13.8,18.5,16.6,21.7,14.2,21,22.8,13.1,14.5,18.2,20.4,15.7,15.3
22.1,20.2,15.8,22.1,15.8,9.1,12.6,28.8,27.6,16.6,13.3,18.7,18.5,33.4,21.9,15.6,14.2,14.8,26.4,22.9,16.1,21.9,24.8,17.2,11.8,22.1,31.1,21,13.3,21.1,16.1,27,20.1,23.2,24.3,15.6,11.9,18.8,19.5,17.9,15.8
25,19.8,16,21.8,17.5,11.2,12.7,30,28.5,15.8,16.2,19.7,14.5,32.4,18.8,18.7,10.5,13.6,26.1,24.9,15.9,6.5,30.4,20,10.7,21.2,27,20.2,14.5,25.5,16.2,26.6,19.9,17.4,24.2,13.2,13.6,9.1,18.4,19.1,17.3
23.9,19.8,16,25.4,16.9,8.7,12.7,29.7,28.9,12.5,13.6,18.7,14.3,31.8,18.9,17.5,13.3,15.4,22.9,25.4,14.9,13.2,26.2,21.7,11.7,21.7,24.9,20.2,13.8,22.8,19.8,25.8,19.5,16.6,26.5,12.6,14.3,12.3,16.8,15.3,22.3
22.1,22,16.8,25.6,19.2,10,9.1,29.9,29,15.3,17.7,21.3,15.5,31.9,21.8,26.1,14.8,14.1,24.6,27.4,12.1,16.7,24.9,21,15.8,21.9,29.3,20,15.1,24.7,20.1,30.8,17.4,18.1,26.5,15,16.5,15.8,19.3,15.8,23.3
23.4,19.5,14.9,24.2,18.4,7.9,12.1,27.4,29.2,11.2,15,19.3,15.7,31.9,21.1,18.4,13.2,11.7,26.7,26.5,16.4,18.1,23.6,20.3,12.2,22.6,30.2,21.4,15.8,19.9,13,24.1,19.1,17.9,24.1,14.1,15.8,12.5,18.8,16.4,19.2
19,15.9,16.6,26.9,21.1,9.8,12.8,28.6,25.4,17.8,16.1,17.3,13.3,29.5,20.8,16.3,14.3,12.3,25.9,27.6,13.8,20.9,19.9,19.7,13.8,26.6,24.4,22.3,11.3,20.4,15.4,30.1,19.2,22.2,25.6,13.5,14.9,15.5,16.3,16.4,15.5
21.1,14.5,12.2,17.7,17.5,7,12.2,29.2,28.9,18.2,13.5,18.6,15.3,30.6,21.4,21.5,13.2,10.8,24.5,29,14.2,21.7,23.9,19.1,14.5,23.6,23.2,23.6,11.7,20.7,16,33.6,15.9,18.2,25.2,13.9,18.3,12,18.4,16.9,14.6
21.9,17,15.2,17.2,17.1,10.5,10.8,29.1,27.3,13.5,14.4,17.8,17.5,31.9,22.5,17.8,13.9,14.5,25.4,27.1,13.8,27,25.6,19.6,14.2,23.3,24.1,20.6,11.9,20.9,16.6,30.3,18.4,18,24.9,15.8,18.3,13.7,20,17.5,18.3
22.5,15.5,11.7,16.6,21.9,7.2,9.5,28.8,27,13.2,15.2,18.9,23,31.3,21.6,22.8,14.7,15.3,26.4,23.9,14.5,15.3,22,19.9,14.6,32.5,23.6,20,12,23.7,21.8,24.5,20.2,19.1,25.7,14.3,16.4,14.6,16.5,19.9,17.5
23.8,17,13.8,15.6,22.9,9.3,11,29.8,26.4,16.7,18.6,19.2,24.9,31.6,22.7,20,11.3,13.6,19.7,23.1,14.9,17.9,28.8,18.4,11.7,35,23.5,23.7,12.7,27.3,17.2,24.4,18.4,17.7,26.3,10.3,17.2,17.9,15.2,18.3,16.8
24.2,24.5,11.3,19.8,16.8,8.8,10.5,30,27.6,14.5,18.6,21.4,18.4,30.9,23.7,21,12.7,10.6,18.8,22.4,14,19.6,24.2,18.2,12.3,25.8,28.2,17.8,13,21.8,15.6,26.9,22,19.1,23.1,12.1,18.4,13.3,15.4,18.9,17.5
20.5,23,11.2,21.8,17.1,10.2,11.6,32.6,28.5,14.8,18.5,20.3,25.4,31.4,24.9,23.4,15.4,13.5,19.7,24.2,13.3,18.1,23.6,19.2,14,23.9,32,18.5,13.5,22.5,18.8,35.5,20.4,18.5,22.8,10.4,19.5,12.6,16.4,22.4,17.6
19.6,18.4,16.5,23.8,17.2,9.7,13.8,34.1,26.5,16.5,22.2,19.8,27.5,31.2,21,35.5,12.1,14.4,13.4,24,12,14.9,28.2,20.2,14.2,34.6,25.1,19.8,14.2,27.1,18.1,36.1,20.4,14.1,23.4,12.1,15.2,12.7,17,24.3,17.3
22.5,18,15.1,23.3,17,12.1,10.8,31.3,28.1,14.2,18.9,21.7,21,33.3,21.6,15.3,14.2,10.3,17.1,27.2,15.2,19.5,38.1,20.7,17.2,33.8,28.6,21.7,18,31.8,15.2,24.6,16.3,16,25,6.2,17.9,16.6,17.9,16.1,17.4
28.5,17.1,14.4,22.8,16.9,12.1,14.6,34,27.7,14.1,14.7,23.7,16.4,33.3,23,16.7,13.6,12.4,17.7,29.4,14.3,13.4,24.6,20.7,15.6,24.9,32.1,18.3,17.1,34,13.9,26.7,17.2,16.9,25.7,13.1,18.4,19.3,19.8,14.6,21
21.4,20.8,12.2,22.9,17.5,10.5,11.6,27.4,26.7,15.3,13.7,27.7,16.6,33.4,22.5,17,15.5,11.7,19.7,33.1,12,15.8,29.8,18.2,10.7,27.4,33.5,18,13.1,22.3,19.1,34,17.7,19.4,26.4,11.2,18.6,19.3,17.9,16.6,23.3
20.9,21.8,13.2,21.8,24.4,11.6,13.9,30.2,28.3,14.3,16.4,17.4,19.6,32.4,21.8,22.5,14.8,13.8,18,27.3,13.6,18.2,26.9,18.2,11.3,31.8,39,17.8,15.1,25.1,19.7,32.7,20.3,20.5,26.3,12.2,21.5,16.6,18.1,16.6,24.8
21.7,16.8,14.6,17.5,22.6,14.2,13.6,28.5,28.8,14.3,19.3,19.3,28.8,31.6,24.2,27.8,15.6,11.7,17,29.7,15.2,20.4,23.3,19.6,12.7,33.6,40.4,19.7,15.3,23.9,16.7,30.3,18.8,14.3,26.3,11.5,15.9,15.9,17.3,17.6,24.2
23.3,19.3,14.4,14.2,25.1,13.6,14.2,29.6,29.1,13.7,20.1,19.7,18.7,32.5,23.1,21.4,14,11.4,16.4,29.9,15.7,22.2,23.7,18.8,14.1,18.6,30.5,19.5,17.1,25.9,21,17.8,24,14.8,26,7.4,14.8,19.4,20.9,20.5,25
21.3,20.8,12.4,14.5,16.4,14.7,15.5,30.2,28.9,12.1,19.9,20.1,25.3,32.4,21.4,28.7,14.5,13.4,20.2,32.3,10.8,12.9,27.7,22.1,12.5,19.2,28.7,16.3,16.6,33.7,26.5,16.2,21.5,17,26.9,9.8,15.9,20.2,20.2,21.6,25.7
22.2,20.2,10.7,16.7,20.1,4.9,15.4,28.6,28.4,12.2,18.6,20.5,19,32.4,22.6,17.7,16.1,10.1,19.2,33.7,11.8,18.2,27.1,18.7,13.1,24.3,29.9,16,19.9,33.4,22.2,28.2,19.6,16.9,28.4,10.2,17.9,14.2,21.6,12.5,28.3
29.2,30.2,10.1,18,25,9.2,18.1,27.9,26.1,12.9,18.5,22.3,20.8,33.1,20.3,20.2,16.5,12.4,17.5,28.4,13.9,21.8,27.9,18.6,12.5,29.6,33.9,19.9,21,29.7,23.8,30.9,20.3,19.8,26,11.5,18,20.2,13.5,16,17
19.3,27,12.2,18.9,20.4,9.8,9.1,29.1,20.3,12.1,20.3,19.4,19.6,34,17,20,17.1,15.9,14.1,28,14.1,18.2,28.4,18.4,15.6,19.7,29.4,20,20.5,21.5,15.5,20.1,19.6,20.5,26.1,13.3,19.2,20.6,15.9,16.5,17
12.1,14.6,13.9,18.7,19.7,10.7,11.4,28.9,21.2,13.3,21.6,18.6,14,31.7,17.2,22.7,17.5,14.3,15.3,19.4,14.3,17.3,23.5,19.3,18,32.9,30.8,17.6,13.6,24.4,17.6,27.4,23.9,19.6,26.7,9.2,16.5,14,16.3,15.7,21.3
15.8,16,13.9,20,21.4,11.5,12,28.9,26.7,15.6,15.2,18.6,14.4,33.8,22.4,20.4,14.1,16.4,16.8,22.3,13.1,16.1,28.1,20.5,16.6,34.5,28.2,16.7,13.5,30.9,25.1,25.8,17.9,18.4,26.3,11.8,19.3,15.3,17.1,16.2,22.8
16.8,21.7,11.1,20.5,23.1,11.8,14.6,28.7,23.9,15.4,20.1,17,16,32.2,22.6,22.3,17.4,16.2,18.6,25.5,15.2,21.2,27.9,21.1,15.5,36.5,28.3,19.3,13.1,32.6,16.3,24.3,13.1,19.4,25.7,12.6,16.9,16.3,20.3,15.1,28.9
17.9,23.4,9.6,23.9,26.3,11.6,12.5,29.3,25.3,12.1,12.7,20.6,20.2,34.4,21.9,21.7,18.1,15.7,16.6,27,12.4,22,28,19.7,21.7,28.3,26.1,15.7,14.2,25.8,17.7,22.5,23.5,25.1,21.8,12.3,18.6,20.3,16.1,15.9,25.3
17.8,17.7,13.3,25,21.4,9,14.2,29.6,25.3,15.5,18.8,20.3,30.1,33.1,23.1,15.6,13.8,18,17.8,28.5,15.1,18.5,26.2,18.3,22.9,32.8,25.7,22.4,14.6,19.1,20.3,27.1,21.8,15.1,26.6,13.4,21.6,20.5,16.9,15.8,22.8
14,18.9,11.6,24.3,20.8,7.9,14.4,29,28.1,11.6,18.5,21.9,28.7,33.2,23.4,18.1,14.4,13.8,18.6,29.3,11.5,19,25.8,18.6,13.7,37,26.5,19.6,17.6,23.8,24.3,30.6,24.1,18.3,27.3,13.5,16.7,20.6,19.4,16.7,22.6
19.4,18.8,10.5,24.1,21.9,10.5,12.3,30.2,21.5,8,20.2,20.5,20.8,32.9,25.3,20.7,16.7,14.1,17.9,30.8,13.9,15.4,23.4,19.1,12.8,25.6,27.3,17.5,20.7,22.5,16.7,28.1,18.7,21.8,26.4,15.7,17.1,19.1,26.6,18,27.2
21.1,23.1,12.3,24,25.8,13.1,12.3,32.8,23.6,10.5,21.8,19.2,25,33.4,22.9,29.9,16.4,15.8,13.3,30.2,11,14.3,23.6,19.7,12.8,25.1,31.8,16.5,17.2,29.2,16.7,26.8,24.4,17.8,25.5,14.1,15.6,15.5,24.8,18.3,30.2
25.3,22.2,11.8,23.8,31.4,10.6,13.9,31.8,24.7,13.3,18.9,19.1,18.8,34.3,21.3,25.6,17,15.3,16.2,40,14.5,18.5,28.1,18.1,16.2,28.9,39.1,15.7,16.6,18.2,22.4,24.7,23.3,16.4,24.6,13.1,19.6,15.4,20,16.5,23.2
24,19.6,12.6,24.4,20.9,11.6,15.2,32,25.7,12.3,20.4,19.9,26.6,35.8,21.8,25,19.4,12.8,15.9,32.6,10,16.9,25,19.7,23.9,30.6,26.9,17.7,13.4,34.2,28.4,27.4,20.9,21.2,25,16.4,20.4,18.8,16.6,16.7,20.4
26.3,20,11.3,25.3,24.4,9.1,16.2,30.6,27.6,13.8,21.4,20,17.9,33.2,22.8,30.3,16.4,11.5,17.5,32.5,13.3,25.4,23.8,22.9,18.9,29.8,28.4,19.1,14.6,36.8,19.5,32.4,18.1,13.1,25.7,7.9,22.2,20.1,15.5,16.5,21.8
23.9,17.8,13.2,27.7,22.7,13.6,15.1,29,26.9,14.9,21.9,20.1,18.4,33.1,23,22.6,14,11.5,18.2,34.4,12.8,22.4,26,19.9,16.1,26,30,17.8,15,32.9,30.4,22,18.1,13.2,26.4,10,23.4,17.6,18.8,22.6,24.2
20.2,15.5,15.1,31.6,25.9,16.6,15.1,29.5,27.3,15.5,23.1,19.7,20.7,32.6,25.3,32.7,16.3,13.5,15.1,27.2,15.6,20.7,24.5,19.7,16.7,22.7,43.3,17.8,16,27.8,16.8,21.3,18.6,16.5,26.3,11,20.1,14,20,15.1,24.7
17.8,18,13.8,21,31.8,16.3,15.5,28.8,26.1,12.2,25.4,20.5,21,33,24.6,22.5,16.2,16.7,17.4,31.2,16.1,18.8,26.5,19.1,20.9,26.1,41,17.3,14.8,27.5,28.1,28.8,22.7,17.6,26.6,13.5,17.2,14.7,18.8,15.6,25.8
18.1,21.7,14.6,25.4,23.3,18.1,14.6,23.8,27.2,17.1,15.6,22.2,33.5,32.7,24.2,20.7,13.5,12.9,18.5,30.8,15.8,21.7,22.8,20.7,16.9,29.2,27.8,19.8,14.9,32.6,19.8,35.1,22,15.6,27.9,13.7,20.8,15.2,17,16.5,28.1
20.9,20,12.4,22.9,26.3,14.9,15.9,28.9,26.9,17.4,19.8,24.2,25.5,31.9,23.1,21.3,16.2,13.7,14.4,32.3,13.9,23.5,23.6,21.1,14,28.9,25.6,17.5,13,37,16.9,23.7,23.3,16,26.4,14.9,23.8,17.5,18.1,19,25.6
14.7,22.1,17.8,32.5,30.8,16.4,17.3,32.6,26.2,14.2,20.1,21.7,18.5,32.2,25.9,25.5,16.6,12.7,13.8,32.9,10.2,21.7,24.6,21.5,17.1,29.4,25.6,17.5,13.6,27.7,20.7,37.5,24.7,15.3,26.8,13.2,25.9,22.4,17.8,20.1,20.9
15.5,15.1,12.7,34.2,32.2,16.7,18.9,25.6,27,8.7,23.9,20.4,35.1,32.5,28.4,19,20,11.8,11.1,33.8,13.2,17.4,24.6,20.8,24.4,28.6,38,15.6,14.5,30.3,21.6,23.9,24.5,17.5,26.2,14.6,16.3,24.8,22.8,15.5,25.1
18,16.1,16.9,27.5,25.1,16.2,16,29.9,24.1,14.1,27,19.5,23.3,33.8,24.2,24.5,20.4,17,14.3,35.8,13.2,12.5,28.5,20.2,28.7,37.4,36.2,19.2,15.4,24.5,26.8,27.4,22.2,17.2,25.6,14.1,19.5,23.9,23.4,18.8,32.2
18.3,17.9,15.4,28.1,23.9,16.9,19.7,29.5,25,13.4,20.3,19.5,20.2,34.2,23.6,34.7,19.8,19.1,14.3,38.2,14.6,16.5,29.4,19.5,29.3,40.5,31,19.6,22.4,27.6,17.6,35.9,22,20.1,27.6,9.9,25,16.5,16.5,20.8,35.5
17.7,21.2,19.7,30.2,20.4,14.7,19.5,27.8,25.5,15.3,23.6,19.3,22.8,32.9,23.4,38.9,21.8,19.6,15.9,35.8,14,14.9,28.9,19.5,19.9,32.9,26.4,17.6,19.4,30.4,15.9,37.8,21.9,16.4,29.2,13.8,31.3,18.5,17.9,21.3,27.2
17,19.7,11.5,29,21.9,11.7,19.4,27,26.5,14.7,21.9,27.2,29.1,34,23.8,24.2,20.2,15.5,17.4,39.5,14.3,13.3,25.4,19.1,17.5,44.9,31.5,18.2,17,29.6,18,24.3,21.1,17.8,25.7,14.6,20.5,21.8,18,16.9,25.4
19,17.5,12.7,28.9,27.9,14.9,20,27.8,27.2,15.2,23.5,21.3,35,32.5,24.4,22,21.2,17.7,18.3,43.5,15.5,18.2,30.4,20,20,35.5,33.5,19.1,24.5,26.5,26,24.6,23.3,18.7,26.7,17.8,20.5,26.5,28.4,16.9,34.1
17.1,18,14,33,18.7,17.4,14.6,26.3,26.2,15.1,26.2,22,17.6,33.1,24.4,29.5,17.3,20.8,20,32.4,15.6,17.5,29.6,19.9,25,28.9,32.5,19.4,25.8,22.4,19.1,27.7,31.1,16,26.4,16.5,22.7,22,22.2,16.7,34.3
13.6,19.1,14.6,34.3,17.4,12.5,15.2,29.7,25.9,15,21.3,20.8,18.9,33.1,23.5,27,14.8,20.9,18.4,33.5,11.6,14.5,29.7,19.2,30.8,20.8,33.8,16.3,17.2,26.5,21.1,31.6,26.1,16.3,26.5,13.5,25.8,23.8,19.4,17.5,33.4
15.3,17.7,13.8,28.6,24.5,12.3,18.8,31.3,26.3,15.3,19.3,21.7,19.2,34.2,29.2,23.5,16,14.1,21,36.4,12,19.5,27.3,22,29.5,27,37.5,17.3,16.8,28.9,19.1,31.1,25,19.3,26.9,15.1,30.1,15.8,19.8,19.1,22.5
16.5,23,14.6,24.7,31.7,15.6,21.8,25.8,25.7,12,17.8,20.9,31.1,32.2,24.2,18.2,21.5,13.8,21.3,39.4,12,19.9,21.9,22.7,17,33.1,32.2,19.6,14.3,27.1,20.7,32.7,23.6,25.2,27.3,17.3,32.1,17.6,18.7,19.9,26.8
15.4,18.1,16.2,32.3,30.2,19.3,17.1,28,27.9,12.1,21.5,20.1,24.5,33.3,25.5,24.8,19.1,13.1,13.1,30.6,14,22.5,22.4,22,27.4,34.5,30,21.6,14.9,29.2,29.8,30.7,17.7,15.1,27.7,18.4,20.2,19.5,21.1,20.7,31.4
15.5,22.9,17,32,33.1,21.1,15.2,28.4,26.2,12.7,23.6,20.5,24,33.4,27.2,27.5,17.7,14.6,14.5,31.3,12.4,20.8,27.5,22.2,30.5,31.8,29.3,20.8,26.8,30.9,18.2,29.9,25.3,15.8,27.6,12.7,20,24.9,19,21.2,29.1
17.9,22.5,15.3,34.8,32.5,12.9,18.3,28.5,24.9,11.5,25.9,19.9,19.6,32.8,25.4,35.4,17.1,20.1,15,31.7,14.6,17.7,26.7,21.9,24.9,36.8,33.1,22.9,15.3,29.8,18.4,34.1,22,17.7,27.9,13.8,34,18.8,26.1,19.6,20
16.1,17.4,11.6,36.4,28.1,16.3,20.6,29.2,25.5,11.8,23.2,23.9,25.9,33.9,26.9,21.3,19,19.8,18.3,32.8,13.5,14.2,28,24,22.8,29.3,29.2,20.8,23.9,28.3,19.4,37.2,25.2,17.2,30.2,14.8,33.9,25.1,19.3,26.9,31.2
12.8,21.7,18.3,31.5,26.3,25.2,19.5,27.5,26.9,11.1,21.5,22.8,37.1,33,24.5,30.2,18.6,18.6,17.7,35.6,13.2,13.4,32.7,20.2,15.4,30.7,33.3,22.3,15.1,37.8,20.6,25.3,24.4,20.8,32.5,17.3,32,17.8,20.9,32.9,38
15.9,26.1,18.7,34.4,36.7,18.4,17.3,29,26.5,18.9,21.3,22,19.4,30.5,24.8,17.4,16.9,15.4,19.8,33.5,13.4,12.5,27.9,21.2,14.5,26.2,34.2,23.5,16.5,40.7,22.2,25.8,28.4,16.8,28,17.5,26.4,17.5,20.4,19.3,38.9
16.1,30.1,16.3,40.1,24.4,12.3,16.2,28.9,27,16.9,24.3,22.8,21.8,31.2,25.5,26.5,17.4,14.1,13.8,34.4,18.7,11.7,22,21.4,17.4,26.4,32.3,20.2,19,33.8,23,36.1,28.8,18.7,28,16.9,31,22.6,18.7,20.2,35.5
15.7,15.6,17.5,30.9,23.3,13.8,16.4,29.1,26.1,13.7,27.8,30,18.2,31.5,25.2,18.6,17,18.2,13.9,37.4,14.4,14.3,26.2,20.3,20.3,23.1,32.3,19.6,24.8,45.3,20.4,40.5,31.8,22.4,29.6,15.8,35.4,23.9,24.1,30.6,36.1
17.1,16.8,19.8,36.6,26.7,24.1,17,29.4,23.6,16.1,31.9,30.7,22.9,33.1,27.2,21.8,17.5,19.6,16.4,38.7,16.9,18.5,28.1,20.5,26.2,23.2,28.9,21.5,16.3,36.4,19.8,27.3,22.6,20.9,29.6,16.8,27.4,22,22.3,25.6,25.9
15.3,19,17.8,30.6,23.1,17.2,19.1,24.6,27.1,15.9,32.4,21.1,24.8,32.8,24.6,23.6,17.7,13.5,11.5,31.8,19.5,12,28.5,21.7,32.4,30.7,33,19.4,17.3,28.6,20.7,33.8,22.8,17.9,28.6,18.8,30.9,15.3,16.1,22.2,26.7
16,19.8,17.3,26.2,28.6,20.2,24.5,26,26.9,16.5,20.1,22.1,24.9,32.9,25.4,18.4,20.5,15.7,17.2,40.2,19.9,18.4,28.1,21.2,29.4,32.9,37,22,13.8,20.7,22.2,38.5,27.4,19.1,28.5,18.3,34.5,16.3,21.1,18.6,33.1
16.5,20.2,20.2,28.1,24.8,16.3,20.3,27.1,28.5,11.5,26.8,25.8,21,33.3,24.7,25.4,17.6,15.7,17.5,35.3,21.5,19.9,30.5,22.4,35.6,29.6,37.4,22.2,15.2,33.2,23.7,39.3,32.2,20.1,27.7,15.2,30.5,18,22.2,22.3,35.5
15.9,21,19.1,33.1,22,20.3,18.9,27.4,28.2,10.2,30.8,26.8,24.1,32.5,25.7,16.6,24,16.2,16.7,35.7,21,24,22.3,23.3,28.3,25.7,34.9,24.7,22.4,33.9,27.8,42.8,18.9,22.8,28.6,14.5,30.7,24.7,24.4,22.5,38.3
10.9,18.6,18.7,36.2,24.8,22.6,18.3,23.5,26.9,17.2,24.8,25.1,25.9,33.4,25.3,26.7,23.8,25,21.2,35.2,20,14.6,21,22.7,33.3,28.1,35.3,20.6,15.3,37.7,23.2,29.4,25,25.7,28.8,15.8,31.6,28.8,20.6,23.7,25
14.4,18,19.6,36.7,27.6,21.3,22.3,21.1,27.7,15.8,28,28.7,19.5,33.1,25.1,19.8,19.1,23.3,18.8,36,14.4,21.2,21.4,23.8,28,31.8,34.2,22.3,19.3,31.4,19.2,27.5,29.8,25.2,28.4,18,33.5,20.6,19.6,15.7,25.4
15.9,17.1,20.5,38.7,40.5,11.1,21.6,21.1,25.6,19.1,30.9,22.8,20.4,32.3,26.4,19.7,17.2,17.1,19.6,31.3,13.5,19.6,25.7,22.9,18,31.9,31.8,18.7,15.6,32,17.5,28.1,21.9,33.5,28.3,19.9,40.6,28.2,19.3,19.3,31.1
13.5,21.2,15.6,39.3,24.8,13.3,23.8,22.5,25.8,20.8,21.6,25.8,27.5,32.9,31,17.5,18.3,22.7,20.5,25.9,16.1,18.4,23.4,21.8,25.7,27.5,34.6,18.2,23.9,29.3,19.1,33.4,21.9,34.2,28.3,19.5,27,32.5,19,17.1,29.8
13.5,22.5,15.4,36.6,28.2,14.2,16.1,23.7,24.6,19.2,23.7,24.8,22.8,32.9,26.8,20.6,18.1,27.2,22.8,22.7,22.4,17.6,25.4,22.5,34.6,27.4,36.6,20.8,15.6,29.9,17.8,35,27.3,21.1,29.8,18.3,20.9,21.9,25.4,19.3,27.3
11.9,23.3,16.3,30.5,28.8,17,17.3,24.2,27.3,19.6,25.2,27.7,19.5,33.4,27.2,30.2,16.7,22,23.7,37.2,18.7,14.1,26,22.3,17,32.8,37.5,19.3,16.6,26.4,19.9,31.5,22.1,24,29.1,17.6,24,31.2,24.1,22.3,33.4
13.3,20.5,18,36.1,28.1,21.7,22.3,24.7,27,21.8,28.1,23.1,20.1,33.5,27.1,22.1,19.4,24.4,25,32.7,14.6,17.3,31.8,22.9,21.2,32.2,32,25.6,14.2,27,20.9,27.4,24.7,27,28.5,18.6,27.5,20.9,22,17.5,38.2
13.5,18.9,20.3,38.8,36.1,27.3,26.9,24.7,24.7,24.1,32.6,22.2,23.3,33.6,28.6,21.1,20.9,18,25.5,33.4,14.9,23.7,30,24.3,27,22.8,37.7,22.9,15.1,23.7,21.4,29.9,35,25,29.8,22.7,30.2,19.3,20.4,17.8,33.3
13.2,25.8,16.5,35.2,39.6,24.2,25.1,24.8,25.8,21.7,34.9,23.2,29,33.7,24.9,21.1,21.4,18.7,26.3,32.8,17.5,18.8,27.5,23.8,22.1,33,25.7,18.9,23.1,23.4,24.6,35.2,24.3,20,32.9,24.4,35.4,19.6,22.9,23.5,33.9
16.9,19.5,17.8,28.1,31.4,27,26.5,23.2,27.5,22.1,35.2,22.7,19.1,33.2,26.3,21.1,19.6,18.4,16.9,35.6,16.4,19.6,30.8,23.9,28.3,34,25.1,19.7,16,28.1,30.5,35.9,28.3,22.4,31,16.9,31.6,23.6,22.1,22.1,37.8
19,21.5,16.1,30.5,21.3,27.4,17.2,24.6,25.7,22.6,38.5,22.8,19.9,32.4,26.1,29.6,21.7,25.5,15.6,29.6,13.7,20,28,23.5,35.2,29.3,28.8,21.2,19.3,29.6,26.4,40,33.6,24.7,29.7,21.2,23.2,17.7,22,22.7,41.6
15.8,20.9,15,36.4,25.7,22.3,19,25.1,26.2,24.2,38.3,24.2,37.3,32.9,26.9,27.6,26,19.8,19.6,29.3,13.8,20.4,30.6,25,25.4,35.8,33.6,21.5,16.7,32.6,21.2,35.3,22.4,29,29.9,23.6,23.3,17.2,20.3,24,33.8
15.5,17.7,16.6,36.8,33.4,23.7,23.1,26.1,26.5,20.4,32,21.9,24.3,33.3,26.8,32,20.5,23.5,22.3,34.9,15.3,23.7,29.1,25.8,25.3,31.8,24.8,23.5,17.3,25.1,27.1,44.8,24.4,29.3,29,27.8,27.3,24.8,25,19.5,30.1
16.2,22.9,18.9,40.3,31.1,14.7,24.1,26.6,27.7,23.3,26.6,26.3,41.4,32.9,27.2,27.4,22.3,23.5,23.4,33.8,16.9,18.6,29.3,25,26.1,35.8,24,21.8,17.3,29.4,25,36.1,27,25.7,29,20.5,29.6,29.3,26.6,19.6,38
16.2,23.1,19.8,39.6,34,16.1,31.5,28.4,27.7,20.4,34.4,25.2,25.1,32.5,27.8,27.3,21.4,21.4,24.4,35,17.2,11.6,29.3,21.4,33.9,37.3,26.8,22.8,31.6,25.3,28.7,32.3,25.9,16.4,29,20.2,30.3,23.5,21.5,21.4,34.4
16.9,18.4,21.8,40.2,31.6,21.2,16,28.4,27.2,16.4,36.7,26.9,20.3,33,28.5,20.9,21.7,31.3,21.3,36,25.4,18.3,28.9,22.6,24.5,31.9,28.5,23.7,15.5,32.9,19.7,36.1,23.4,20.8,29.1,19.6,32.2,32.5,18.9,21,27.4
12.6,20.5,17.8,44.9,28.7,28.8,15.7,27.9,27.2,17.5,30.9,27.9,25.4,33.7,27.6,21.5,21.2,15.6,22.8,36.7,20.2,19,24.5,24.3,18.7,33.6,30,24.6,17.5,27.9,25.2,27.5,23.9,25.5,29.9,8.5,33.9,35.7,22.1,20.5,33
15,19.2,20.6,37,25.4,11.9,17.9,24.9,27.6,14.9,23.7,25.1,34.8,32.6,28.1,25.4,19.7,15.6,22.6,36,15.7,18.6,26.5,25.9,21.7,34.9,31.9,27,25.5,33.1,21.1,31.9,22.3,19.8,30,17.3,32,21.5,27.6,20.6,38.3
14.6,22.8,24.1,22.2,26.6,13.6,18.5,23.4,27.5,19,32.4,28.2,22.4,30.2,27.7,14.8,18.6,15.7,21.5,27.9,18.8,16.7,25.7,25,24,22.2,31.6,25,23.3,31.6,21.5,35.5,26.3,29.5,30,17.2,32.8,21.2,21.3,21,33.8
16.9,19.5,21.9,31.5,21.7,26.6,26.5,24.8,27.5,13.8,29.8,30.2,19.8,29.7,29,20.2,21.2,15.9,20.5,33.7,25.1,19.4,26.8,22.6,32.7,25,31.7,25.2,29.3,22.2,22.5,33.2,22.2,23.9,30.1,25.8,27.6,28.3,20.7,25.1,34.7
16.1,18.8,24.3,29.7,23.3,16.6,28.9,25.8,26.6,13.8,36.3,33.2,19.2,30,28.5,18.7,16.1,18,17.1,38.5,26,20.2,30.3,23,22.2,30.1,33.9,34.5,20.4,24.5,26.6,30.1,21.7,32.9,30.9,16.9,30.5,34.1,21.3,31,32.9
17.2,20.5,22.8,38.4,27.9,21.9,30,25.8,29.7,14.8,38.5,23.6,20.8,30.4,29.8,21.7,20.6,24.8,19.5,28.5,19.9,13.6,23,24.7,26.6,31.7,34.2,22.2,18.9,33,30.3,29.3,26.1,31.9,28.9,17,32.6,29.1,20.5,21.1,29.9
18.3,22.8,23.5,39.5,23.2,28.7,31.2,26.1,26.9,18.2,32.5,23.2,19.6,31.2,28.6,18.3,22.3,28.2,21.1,30.1,15.2,13.3,28.1,25.5,28.1,33.6,30.6,18.7,17,28.5,38.3,39.6,20.5,37,29.6,28.9,28.9,29.8,21.4,26.8,30.4
18.3,23.1,18.6,40.2,28.4,32.1,21.1,25.9,28.2,18.1,35.1,24.1,25.3,30.9,28,17.9,21.7,19.8,23.2,31.4,15.9,16.4,28.3,25.2,29.5,32.1,28.4,17,17,34.8,23.7,38.1,21.4,22.2,30.1,31.7,27.8,31,25.7,22.4,40.2
15.2,23.1,21.5,34.9,24.5,20.3,24.5,24.4,28.5,23.4,37,24,24,29.7,27.5,19.5,24.6,27.6,27.4,32.3,19.2,19.1,27.6,25.9,22.2,20.4,24.9,22.1,18.7,31.9,24.6,34.5,26.2,21.2,29.8,29.6,28.2,27.2,30,22,44.1
12.7,21.9,27.4,30.9,26.8,19.5,27.6,22.4,27.1,23.3,28,23.2,25,31.6,28.7,20.2,27.1,31.3,27.9,33.5,17.8,19.6,25.5,25.4,24.3,30.8,23.5,22.2,21,33.9,25.3,25.1,28.1,23.5,30.6,24.9,31.4,21,22.4,23.1,28.6
13.6,21.2,19.3,35.3,27.7,28.4,33,23.9,28.9,19.3,29.9,24,27.5,31.3,28.5,24.9,21.1,20.2,19.5,32.7,16.3,20.5,27,25.2,30.7,31.4,23.4,29.1,25.6,36.5,32.8,27.9,33.3,25.5,30.2,26.8,36.1,22,23.2,25.6,32.6
15.5,21.5,19.5,40.1,25.7,30.8,17.5,22.8,28,19.3,33.9,25.2,23.3,32.9,28.3,31,24.5,31.4,18.2,35.6,22.5,19.6,28,25.2,34.5,34.7,24,25.2,18.2,30.5,19.8,27.8,18.9,22,30.1,25.2,27.7,19.2,23.9,25.4,35.6
20.3,28.6,19.3,38.8,31.9,18.8,18.3,23.6,27.6,20.9,37.9,26.3,24.3,32,29.1,21.9,19.2,20.7,27.7,38.7,27.1,14.8,25.4,25,23.4,34,25.2,22.4,20.5,25.6,23.8,26,18.4,25.2,29.8,22.2,31.7,20.9,25.5,21.7,36.1
16.2,20.1,20.3,37.4,30.2,17.9,24,24.1,29,24.2,40.3,24,18.5,31.6,25.3,17.3,22.4,18.5,32.3,34.9,19.7,16.1,23.3,24.9,29,20.7,27.6,19.5,19.3,32.9,23.1,27.9,22.8,22,30.3,25.3,30.7,23,27.6,23.1,35.2
14.7,23,23.1,39.4,22.6,18.6,29.8,21,29,22,45.2,23.5,23.2,29.9,26.2,19.4,23.5,20,25.1,33.7,14.5,18.7,24.5,25.5,25.5,19.4,30.2,19.5,20.3,34.5,23.2,29.1,23.3,29,30.4,26.1,34.8,29.7,29.6,19.2,26.3
14.9,23,26.8,39.4,24.8,18.9,22.5,20.6,29.7,17.3,28.6,26.7,23.7,30.3,27,20.7,24.5,23,28.8,34.5,15.8,22.6,23.5,25.8,24.4,24.9,31.4,22.8,19.1,31.6,22,29.8,21.7,24.6,31.2,24.3,35.2,30,23.9,22.2,28.5
21.1,21.5,26.9,41.5,32.2,26.5,25.6,22.9,31.4,16.8,30.9,32.1,21.7,31.1,31.7,22.8,21.5,22.5,20.1,33.3,15,20.5,28,25.1,23.3,29.4,25.8,23.4,15.9,27.4,27.3,33.1,18,23.8,31.8,27.5,32.5,23.8,25,23.8,31.8
17.9,21.8,26.3,39.2,33.2,22.5,31.6,20.3,28.3,18.5,34.5,26.1,17.5,29.2,27.8,12.9,23.1,32.6,31.4,35.1,17.7,16.6,26.1,24.7,25,27.1,25.2,21.3,18.5,31.3,22.4,30.9,20,25.6,33.4,30.3,33.2,17.7,23.6,26.2,35.1
16.2,24.6,29,40,34.7,28.7,37.3,22.5,29.3,19.1,35.3,25.2,19.6,28.2,28.8,16,27.2,16.9,31.5,34.1,20.3,12.7,23.1,25.5,28.2,26.1,30.4,21.9,18.9,34.1,20.8,36.3,25.4,30.6,32.8,27.8,29.5,21.9,23,24.7,39.2
18.6,26,29.1,37.8,30.5,27.3,24.5,24.1,29.5,24.8,38.7,27.2,21.4,28.4,25.8,18.5,24.8,16.9,32.1,36.9,18,12.7,23,24.2,32.7,25.7,30.9,26.7,19.8,34.2,29.4,39.2,24.9,26.1,31.9,31,28.2,22.4,27.5,24.3,38.3
19.2,24.3,22,40.3,34.8,18.4,31.5,20.9,29.6,28.5,34.1,26,20.8,31.2,26.5,21.2,25.6,24.7,21.6,37.2,28.1,9.1,22.6,24.5,23.5,37.3,29.2,30.8,17.9,20.4,29.6,35.9,24.6,33,32,36,31.5,22.5,22.3,24.8,40
22,27,29,39.5,27.2,19.8,20.2,24.2,30.3,20.9,32.1,27.7,24.3,31.1,27.7,14.8,19.3,29.3,23.4,37.3,22.7,14.4,27.4,24.9,25,26.4,25.4,35.8,20.5,20.2,32.9,27.8,24.3,30,32.2,19,31.2,30.9,28.4,24.1,40.1
25,20.9,21.7,38.8,30.2,24.4,21.8,19.9,29.1,24,33.7,28.9,35.5,30.5,36.9,18.8,22.6,18.2,31.8,35.6,20.7,13,24.3,24.5,28.8,31.4,24.9,28.1,31.9,20.3,33.3,29.1,23.8,24.3,31.9,22.7,35.2,28.6,31.4,21.3,23.2
23.4,21.2,19.1,38.5,35.1,29.2,28.2,19.8,30.2,26.4,32.6,31.8,22.8,28.9,32.1,15.5,24,32.3,30.7,34.6,26.5,16,26.9,24.7,34.3,31.6,25.3,18.7,20.8,25.1,25,24.9,23.3,26,31.9,25.6,38.9,26.4,24.6,22.8,24
15.8,24,27.9,42.6,30.1,32.3,26.7,21.2,29.5,15.6,34.8,29.5,28.6,30.1,28.8,20.4,23.5,36.3,33.9,33.5,16.7,11.6,24.5,25.5,22.3,27.1,28,21.2,19.1,27.5,22.6,28.6,22.9,21.2,32,27.1,37.5,33.3,24,21.8,23.6
14.7,25.2,29.9,44,24.4,27,32.5,23.9,29.4,19.4,38.9,22.4,32.6,31.1,28.9,12.8,22.1,19.9,22.5,31.1,19.4,7.7,27.4,26.3,24,28.2,25.2,25.7,18.5,28,21.3,34.5,26.5,27.6,31.4,30.4,36.9,23,25.7,20.8,27.9
16.2,28.8,34,39.9,31.8,24,26.4,21.7,29.2,23.3,41.1,25.5,36.3,30.5,29,16,23.3,20.5,24.9,36.4,20.1,5.8,21.2,23.5,30.9,31.1,24.5,33.1,18.8,27.4,22.5,19.5,20.9,29.4,31.5,37.8,37.5,25.3,32.7,21.7,28.1
21.2,28.9,30.7,32.8,30.3,27.9,22.7,23.4,29.4,21.2,30,23.5,20.7,30.3,29,12.9,25.2,18.3,31.1,34,33.2,9.9,19.4,23.7,36,31.4,22.9,26.4,18.1,25.3,21.6,19.6,22.9,31.2,31.9,25.6,27.2,21,24.5,23.5,28.9
23.2,24.3,29.3,37.8,32.5,18.4,30,20,29.6,20.5,30,25.3,21.8,31.7,28.5,14.4,19.9,27.4,34.9,30.7,17,11,22.9,23.5,25.4,29.5,23.7,22.2,19.9,25.5,19,22.8,22.7,33.1,31.9,25.3,25.5,25.5,34.9,23.9,32.9
25.4,23.2,29.3,40.3,32.2,24.8,31.2,22.4,30.5,27.2,30.5,27.5,25.2,32.8,29,19.5,20.4,33.4,30.9,33.6,24.7,12.9,25.7,24,22.7,28.2,26,23.2,22.9,27.6,22,24.5,24.1,29.6,32,29,29.9,35,24.2,24.2,31.9
17.6,24.5,30.5,40.8,19.9,24,30,22.6,30.1,32.1,34.1,29.8,31.9,31,31.3,20.4,24.6,17.1,38.8,37.1,22.3,13.7,20.3,25.1,25.4,25.6,23,25.5,23,30.8,23.4,21.3,27.8,29.3,31.7,26.5,25.9,28.1,24.8,20.5,34
17.5,26.7,33.2,30.8,25.2,29.1,27.8,21.8,31.1,22.3,38.4,28.2,39.9,31.5,25.2,14.8,26.4,21.2,35.3,36,19.1,13.7,22.1,25.3,21.9,26.2,23.6,30.5,18.4,31.1,26.1,28.4,26.3,28.5,32.8,31.6,27.1,20.6,23.3,23.3,31
26.5,28.6,37.9,27.3,28.2,29.4,24.1,21.4,31.7,16,33.7,31.7,21.6,31.9,30.9,15.9,31.9,20.2,34.6,27.5,23.9,11.5,20.2,25,27.5,28.5,19.4,29.1,18.1,28.6,35.7,20,25,29.4,32.9,27.8,28.5,24.4,25.1,22.4,36.8
14.9,23.8,29.7,26.1,31.3,29.7,25.8,20.5,30.7,22.1,30.5,22.5,21.1,31.6,30.1,13.9,28.3,29,23.5,33.7,34.9,13.8,22.2,24.8,21.7,28.9,20.4,22.2,17.8,30.9,29.5,20.2,25.6,32.7,34.3,22.3,28.6,27.2,29.1,23.8,35
19.4,22.6,34.6,31.4,32.8,28.2,32.7,22.2,29.4,23.1,32.6,31.4,25.5,30.6,30.1,12.3,22.3,31.2,27.7,32.5,20.2,10.2,24.2,26.8,23,26.6,21.7,30.3,19.4,30.9,24.6,22.4,29.8,25.8,34,29.5,29.5,25.7,35.5,24.3,31.1
24.2,25,29.5,34.5,19.2,21.4,25,18.7,30.2,22.1,37.1,34.5,25.4,29.6,30.1,12.3,23.3,23.5,31.5,32.6,20.4,6.3,21.5,25.1,30.7,29.4,20.9,23.3,19.4,30.7,25.2,27.1,33,22.7,36.1,30.3,31.9,40.6,36.8,23.1,27.6
26.7,23.4,33.2,37.1,21.4,20.4,30.1,23.2,29.3,24.6,38.1,27.9,26.3,30.3,28,11.6,25.2,30.7,23,31.2,24.1,4,19.7,26,34,31.9,23.6,28.7,39.9,27,23,20,28,23.5,32.1,21.6,34.6,39.5,24.3,20.6,28.4
26.8,24.5,22.8,40.3,28.4,19.4,33.1,22.6,32.5,25.9,36.4,31.3,32.9,32.2,29.3,16.1,26.5,20.1,24.9,25.8,28.9,8.8,19.4,26.2,41.8,23.8,22.1,22.4,20.4,28,25.2,17,24.8,26,32.7,22.3,30.5,25.1,31.5,26.2,30
16.9,23,26,41.4,27.3,24.7,34.3,22.8,30.9,27,37,28.2,20.8,33.6,26.4,13.8,26.2,18.8,35.3,24.2,34.6,12.7,20.5,27.1,40.7,31.1,19.8,26.4,23,27.4,20.7,24.3,26.7,28.4,32,27.6,28.9,30.3,32.9,22,34.1
22,23.7,28.3,36.4,25.4,28.7,31.7,22.7,31.5,26.1,29.7,29.7,25.4,33.5,27.7,19.9,23,21.2,27.9,28.5,20,7.9,25.4,24.8,29.1,32.1,22.9,24.6,24.7,28.4,21.5,31.9,24.6,26.8,32.5,30.8,27,29.2,32.4,23.2,32.9
30.6,25.5,29.8,29,25.9,24.1,24.8,23.7,32.1,18.6,30.7,20.6,18.7,32.4,29.6,16.9,27.6,26.6,28.6,23,18.6,8.1,25.9,25,37.8,30.9,21.3,24.8,17.4,26.5,27.9,24.2,24.8,23,32.2,32.1,28.2,21.8,34,25.6,29.2
21.9,20,32.3,27.1,25.3,22.4,23.7,25.9,29.8,26.8,30.4,23.7,19.7,33.4,29.1,17.9,20.5,28.7,30.3,19.4,19,8.4,19.1,25.5,37.7,29.5,22.1,26.5,21.1,28.8,34.9,22.2,26,27.5,32.2,26.9,28.8,28.3,33.1,32,29.2
21.1,21.7,32.4,30.9,28.6,19,29.3,28.5,30.3,30.8,36.8,27.7,21.5,32.6,27.2,19.2,22.4,27.2,39.6,25.6,19.6,7,21.3,25.5,24.3,34.6,23.8,26,26.9,31.3,21.7,21.3,26.4,28.1,32,25.9,26.3,32.6,24.9,24.2,31.9
18.5,24.5,33.2,29.2,26.4,22.2,34.6,21.4,30.5,22.1,31.3,34.7,22.5,30.5,29.4,21.1,21.9,22.5,26.1,27.7,30.4,8,21.9,25.5,21.1,27.8,23.5,23.9,18.8,23.4,23,20.2,33.5,29.3,32.8,30.5,25.5,25.5,25.8,24.6,32
26.5,24.6,25.8,29.2,29.7,21.2,35.7,21.4,29.5,11.9,34.2,27.2,20.9,31.4,30.9,18.6,24,22,23.2,28.9,22.6,5.7,20.4,25.7,26.3,31.8,22.3,24.5,21.3,31,25.7,18.6,36,28.8,34.2,32.6,28.5,22.4,26.6,25.7,32.6
31.9,22.6,28.9,22,31.4,26.2,30.6,20.2,30.2,14.6,38.4,26.1,22.1,33,31.6,18.8,29.3,20.3,25.3,18.8,23.6,7.9,25.7,24,25.5,29.4,21.6,22.7,20,30.6,22.6,21.7,22.9,24.2,33,29.1,29.7,22.2,28.6,23.1,40.9
28.7,24.2,26.3,23.8,30.8,27.4,28.2,22.3,29.3,23,39.7,22.3,19.9,33.8,32.2,14.2,21.9,20.7,26.8,24.1,30.1,10.3,19.5,25,19.9,19.4,22.4,23.4,24.5,28.6,23.5,17.8,21.5,29.4,28.1,24.5,30.7,28.6,27.6,25.7,40.4
29.1,22.9,23.7,27.9,26.7,38.2,23.3,21.9,30.9,20,36.9,26.3,20.7,33.7,30.8,15,23.1,25.8,33.6,26.6,25.8,15.6,20.7,25.9,22,27.2,22.9,34.3,21,29,24.2,21.9,26.6,27.4,31.6,26.3,31.5,21.2,25.5,26.5,39.4
18.9,20.6,31.2,32.7,27.8,23.5,28.3,24.6,30.5,21.3,35.6,26.7,24.4,32.2,27.9,13.9,25.3,30.7,34.1,26.3,19.8,13.9,20.7,22,28.8,25.4,23.3,34.5,23.7,30.2,19.4,23,24.8,22.2,31.6,27.1,38.3,34.2,21.5,25.5,39.5
20.5,24.1,27.5,31.3,30.5,26.6,31.6,22.1,32,23.1,37.5,26,28,32.7,30.2,17.1,21.7,26.9,35.3,20.4,19.5,9.6,21,22.5,31.8,24.3,21.3,27,21.2,33.6,21.5,16.8,25.5,26.2,29.1,28.4,33.6,37,24.4,26,42.8
21.7,26.6,29.1,32.2,28.4,32.5,27,22.6,31.9,19,25.3,26.9,24.4,33.2,28.9,15.2,21.2,33.6,33.8,22,18.5,4.5,18.4,25,34.7,23.6,21.8,25.7,23.2,31.4,21.8,20,24.2,28.5,31,29.4,32.5,30.2,29.8,24,44
21.5,23,29.1,34.3,28.4,27,39.8,21.6,33.6,21.4,29.5,28.3,20,31.4,25.7,13.4,19.7,22.5,33.1,25.5,25.8,5.7,18.6,26.1,24.3,29.7,21.3,27.2,17.9,26.5,25.4,21.4,26.2,30.7,31.5,33.7,33.2,21.4,30.8,26.7,38.4
16.5,21.5,35.6,36.2,28.2,16.2,40.3,17.4,32.2,29.3,22.4,28.5,30.4,30.9,33.4,12.4,21,19.7,29.2,21.8,21.1,2.9,20,25.9,21.9,33.6,22.6,24.7,17.9,25.4,21.5,20.9,27.1,27.5,34.2,32.8,28.2,20.6,26.9,31,37.8
18,22,34.9,37,27.3,22.9,29,22.5,32.1,26,30.4,28.4,19.7,30.8,30.8,13.4,23.7,33.3,32.8,22.7,23.1,2.9,24.9,25.3,19.7,29.8,21.2,27.4,18.7,24.3,29.1,29.4,26.2,31.4,34,31.2,32.9,25.7,24.7,25.8,33
19.1,21,26.4,38.7,26.8,30.8,33.6,24.3,31.7,23.3,32.5,27.7,15.7,30.6,29.4,15.5,24.6,28.7,35.9,19.2,23.4,4.8,17.5,25.9,22.7,25.2,20.5,27.3,20.6,23.5,22.3,19.6,27.5,33.8,34.9,26.6,30,23.4,23.6,26.4,32
27.9,21.9,29.3,34.3,22.9,18,36.5,23.2,31.3,22.5,32,27.9,13.7,30.2,28.8,13.5,25.6,25.9,40.4,23.3,18.8,6.6,17.1,23.5,25.1,27.6,20.6,26.1,20.7,32,21,23.4,26,25.8,35.2,22.2,33.1,22.3,22.8,33.6,33.8
32.8,23,25,34.2,30.2,18.8,40,17.1,31.8,27.3,31.6,26.9,17.1,32.1,31.5,14.5,22.8,19.9,32.5,21,23.1,10.7,20.1,25.2,27.9,27.4,19.9,24.9,19.3,21.3,29,15.4,32,31.5,33.8,22.9,34.5,21.7,26,25.3,36.5
32.2,23.1,30,37,30.8,24.2,32.9,18.5,30.8,31.6,33.6,27.2,23.2,30.8,30,12.9,26.1,23.3,34.8,21.8,20.8,6.4,20,25,26.8,25.1,20.2,31,18.1,29.4,20.2,16.7,21.6,30.8,34.1,23.5,30.2,22.2,34.6,19.4,38.1
24.4,22.4,33.6,35.6,27.9,22.5,32.8,22.8,31.3,21.8,35.6,27.6,21.6,30.7,26.9,11,28.9,33.4,32.8,21.8,27.3,6.6,14.5,25.5,23.9,28.4,17,25.9,16.7,25.1,21.8,18.8,23.2,33.3,30.3,25.7,29.7,27.8,25.8,23.6,41.7
33.1,21.8,33.4,30.2,30.3,19,25.8,24,32.3,23.5,30.2,27.5,27.2,31.7,28.5,9,29,28.6,29.6,20.8,24.6,10.7,15.3,26,21.7,26.3,21.6,26.6,17.6,27.6,27,20.8,25.7,28.4,33.4,27.4,32.7,35.1,23.3,25.9,29.5
25.5,24,32.2,27.2,28.6,21.7,23,23.9,31.9,31.5,31.7,23.7,29.6,33.8,29.2,10,30.7,24.2,27.7,20.5,21,5.7,19.5,25.1,23.9,26.7,22.4,26.4,17.8,27.4,26,22.2,29.1,23.1,33.9,25.9,35.8,23.7,23.9,25.6,34
28.7,21.9,28.9,31.4,30.3,30.5,26.6,23.8,31.7,17.4,30.5,26.6,17.5,32.7,30.2,12.7,25.1,40.5,28.5,16.3,20,6,14.5,24.5,28.1,29.1,24.6,23.6,20,24.9,35.1,21.9,27.5,23.2,33.9,26.9,29.8,35.5,22.9,19.4,33.9
19.7,25,31.7,31.5,33.7,33.2,26.9,23.9,32.4,19.6,30.5,27.1,17.3,32.9,29.7,12.4,23.1,23.3,32.1,14.2,20.6,3.4,22,25.3,25.1,17.7,23.7,24.5,31.9,28.1,22,16.1,28.8,27.1,32.9,28,31,33.5,29.6,24.7,28.7
21.7,22.6,33.7,34.6,27.8,26.6,23.7,24.3,32.1,24.1,30.8,27,17.1,32.7,28.2,12.6,26,24.6,37,16,24.4,1,22.9,25.3,36,20.9,20.4,25,34.6,25.3,20.7,18.7,27.7,29.1,35,24,31.9,27.1,24.6,23.2,27.6
24.6,24.5,30.6,37,30.6,28.3,32.4,25.8,33.3,28.2,31.3,27.5,16.1,32.3,29,12.8,21.3,30,32.6,16.4,25.8,-1.3,17.6,25,33.1,26.2,23.8,39.2,20.6,17.5,25.8,20.2,28.7,35.8,36.7,26.6,26.9,34.6,25.7,22.9,28.3
35.2,22,33.5,37.3,28.4,19.7,35.7,29.1,33.3,32.6,34,28.6,16,31,29.5,11.5,25.3,40.3,30.9,20.1,19.5,3.6,17.5,24.9,32.7,24.1,17.4,28.7,20.3,20.2,19.4,21.1,29.4,27.2,32.1,28.9,30.4,26.3,27.8,22.1,30.6
17.8,19.4,38.3,31.9,24.8,22.2,34.7,23.1,33.5,22.8,35.1,31.5,17.3,31.5,25.8,14.4,27.4,29.9,33.3,22.3,23.2,6.3,20.4,24,35,21.7,18.6,32.1,25.6,25,23.9,14.7,25.9,23,31.8,32,30.8,21.8,33.2,20.8,28.8
19.9,22,35.2,30.8,24.1,20.4,23.4,23.9,32.7,23.3,39.5,25.6,20.9,31.5,24.5,15.1,25.6,28.1,37.5,23.6,28.7,4.1,18.4,23.8,34,22.8,21.7,32.6,20,25.4,25.2,21.4,25,29.1,32.5,22.2,32.4,21.9,31.1,23.7,30.9
20.9,19.4,36.5,33.5,23,20.2,23.3,23.8,33.2,26.5,40.3,26.8,20.7,32,27.1,13.6,27.1,31.2,27.7,23.3,24.9,3,19.1,24.4,39.7,23.6,18.6,31.9,29.2,21.7,22.8,22.1,22.8,29.3,32.2,17.8,30.4,29.3,24.1,27.5,31.1
28.9,18.5,34.1,33.9,30.3,18.3,24.4,23.1,29.5,25,37.8,30,26.7,31,28.7,15.7,29.5,22.6,31.9,21.6,29.5,6.1,19.1,24.5,28.5,24.2,19.7,33.4,21.2,22.6,29.8,21,26.3,31.7,29,20.2,28.7,27.2,24,26.4,31.1
21.9,25,21.7,39.1,32,22.3,24.3,23,33.2,26.5,35.6,33.6,21.2,32.4,29.3,15.8,31.9,25.9,37,21,42.6,10.6,18.6,24.8,29.7,28,19.8,35,19.3,21.6,18.7,16.5,25.3,31.6,32.8,23.9,29.3,32.8,20.6,24.9,37.6
26.6,21.8,30.6,38.4,21.6,24.1,23.3,23.6,32.4,27.3,34.3,29.5,16.4,32.4,29.6,14.8,25.9,20.1,38.4,21.5,35.6,12.6,14.5,25.8,34.8,21.9,16.3,31.3,20.1,24.4,19.4,15.4,22.3,21.5,32.6,23.4,30,26.8,20.3,25.6,33.7
28.2,22.2,33.1,38.4,29.4,19.6,25,28.3,31.9,31.9,31.5,28.7,17.6,33.9,30.4,15.3,23.8,30.1,32.1,23.4,24.1,9.2,18,24.9,36.6,27.8,16.2,35.7,36.6,22.7,22.1,15.9,25.5,21.7,33.2,25.1,34,24,24.1,26.2,34.5
38.8,18,27,39.1,24.7,26,24,27,31.3,37.2,31.5,29.8,14.4,32.6,29.4,17.4,22,36,30.3,19.4,41.9,8.4,20.6,24.8,37.3,14.6,17.6,41.5,20.6,24,23.5,19.7,28.3,25.2,34,24.8,27.6,25.8,21.1,24.7,37.5
24.1,18,28.1,37.4,24.4,33.2,27,25.2,31.8,31.3,34.5,28.7,16,35.4,29.4,12.1,24.6,27.8,28.5,19.6,26.3,5.2,18.5,24,38.3,19.4,15.6,29.6,21.6,27.9,19.6,19.1,27.4,25.6,33,27.8,30.6,19.7,19.4,23.1,29.2
23,23.2,28.3,38.5,28.1,32.7,23.8,24.2,32.2,38.1,36.2,28.9,16.4,31.6,30.3,13.7,22.5,23,28.9,20.8,18.7,6,17.2,24,26.8,26.1,16.2,29.4,21.7,23.2,19.4,21.9,23.3,25.2,33.1,29.8,24.3,26.9,20.2,25.1,33.5
33.3,22.1,27.6,37.9,26.7,26.1,31.2,24.7,32.7,27.6,37.9,28.5,18.6,34,30.9,16.2,20.4,21.5,34.8,21.1,22.4,3.1,16.6,24.2,24.1,20.5,22.4,31,21.3,27.7,22.8,22.3,25.4,22.7,33,33.9,24.7,25,21.5,25.3,26
24.4,19.4,33.7,38.5,24.9,32,34.2,26.3,32.9,24.9,37.9,28.4,15.1,37.4,31.3,14.8,20.4,20.5,29.6,16.5,20.1,1.5,18.6,24.8,24.4,20.3,23,36.8,22.1,23.9,20.6,23.3,27.3,24,33.1,22.6,21.4,22.2,27.2,24.6,21.3
27.1,20,26.9,39.8,25,25.4,34.1,27.3,31.9,21.9,35.1,25.5,13.9,31.5,30,10.7,22.1,25.5,28.4,17.3,20,2.2,16.5,24.8,27.3,21.2,19.5,44.2,20.9,15,15.4,26.6,27.7,25.8,34.8,28.9,24.1,20.2,23.4,25.2,27.9
23,22.1,26,41.3,26.1,32.3,37.7,24,31.7,29.9,37.4,26.4,15.4,32.9,28.7,14,21.4,22.8,37.5,18.4,22.7,4,16,25.2,28.8,19.8,15.7,35.6,20.1,16.1,24.9,20.6,26.3,27.7,36,29.3,27.1,25.1,27.6,26.7,30.4
22.2,22.7,28.9,36.7,28.9,33.5,30.7,23.4,31.5,30.2,34.9,25.4,14,32.5,28.4,16,22,21.9,42.3,13,21,4,15.1,25.8,23,21.1,21.1,34.5,18,18.7,20.7,18.6,27,33.1,35.3,25.5,28.7,24.9,24.3,27.5,33.9
25.5,22.1,27.5,39.3,19.3,23.4,31.3,23.9,32.5,33.1,37.2,30.9,14.7,35.1,30.5,13.3,20.8,18.7,33,15.5,21,4,16.8,25.2,23.5,23.7,19.7,31.9,18,23.2,16.9,17.5,24.9,27.1,34.5,26.9,29.5,32.8,22.7,23.3,28.9
28.6,20,25,40,24.5,22.4,36.5,26.3,33,30.4,37.9,29.6,18.3,35.1,27,9.8,20.8,23.6,38.2,14.8,26.9,4,19.1,25.6,22.7,21.1,18.1,29.8,19.8,26,15.7,19.7,25,30.2,34.3,22.8,26.4,20.6,24.1,23.4,30.5
31.6,19.8,24,32,21.6,31.3,33,25.5,33.4,31.4,35.1,32,16.3,34.1,27,15.5,18.9,22.7,39.2,14.1,24.3,9.1,15.1,24.9,24.1,21.2,16.3,30.3,19.2,20.5,16.4,20.1,26.4,27,33.7,26.6,22.1,23.9,26.6,19.7,19.8
32.8,19.2,26.8,31.9,23,33.8,25.9,26.6,31.1,26.9,26.5,23.6,22.6,34.4,29.7,13,19.6,36.8,24.2,19.1,25.1,8.2,14.9,24.1,26,21.8,16.2,30.2,20.9,19.7,16.9,19.2,24.7,29.5,33.8,30.6,23.9,29.5,23,23.9,20.7
25.3,19.5,29,33.3,22.9,34.2,35.9,23.9,33,27.4,27,24.8,14.1,34.1,29.4,11.4,22.4,23.5,22.5,20.2,28.3,9.6,16.1,21.1,27.1,21.9,17.8,31.1,18.3,19,18.7,17.8,27,29.1,33.9,28.1,20.5,26.8,21.7,22.5,28.9
25.3,18.2,29.5,33.6,23.3,19,36.8,24.9,32.5,26.8,33.2,29.3,15.4,33.3,28.7,13.7,19.8,27.6,26.3,18.4,23.7,3.8,19.4,21.4,26.4,22.2,19.3,32.2,21.2,21.5,18.2,18.6,24.7,29.8,33.3,28.5,14.3,14.8,20.1,23.2,26.2
29.5,19.4,31.4,34.6,30.2,25.9,36.3,26.2,32.7,29,34.5,24.7,13.3,33.6,28.3,9.9,21,35.4,27.8,18.7,24.5,0.8,20.1,22.4,25,17.1,17.8,38.1,27,23.4,19.5,15.1,26.4,30,34,28.2,21,23.6,20.4,24.8,23.6
32.3,20.6,33.5,33.6,21.1,26.6,24.3,31.4,33.4,25,36,26,15,35,27.1,12,22.8,25.3,27.1,13.4,19,2.9,17.3,22.9,25.2,18.9,18.1,30.3,22.7,22.5,17.3,16.6,26.7,27.4,33.6,26,21.8,18.9,19.7,28.8,20.2
23.4,24.6,38.8,34,27.3,31.7,30.1,23.2,33.7,26.3,35.2,27.3,16.4,33,25.9,15.2,18.4,32.9,26,14.4,19.8,5.9,16.1,23.2,29,20.8,18.9,30.6,18.8,20.8,17.6,21.1,21.6,24.7,33.3,28.3,23.4,18.6,20.4,20.8,18.3
35.9,26.1,31.9,34.3,15,20.6,30.5,26,33.7,24.7,34.4,23.5,14.4,33.9,27,15.5,17.2,26.9,31.1,17.3,20.2,2.4,14.5,23.6,23.8,20.5,17,31.3,19,20.3,19.3,15.8,22.7,27.7,33.8,28.4,23.8,18.9,18,23.7,19.2
29,20.5,24.7,35.2,15.8,23.6,34.2,27.2,33.6,29.5,32.3,25.6,13.6,34.2,28.3,14.3,15.5,34.7,29.4,20.6,24.4,3.5,13.9,23.7,30,21,17,30.6,27.8,20.2,18.7,14.9,22.8,28,33.8,27.8,25.5,24.5,20.1,26.2,21.5
24.4,18.7,30.9,38.2,18.5,23.3,25,31.7,29.4,33.5,31.9,20.3,18.3,34.1,27.5,13.5,17.8,25.6,27.1,21.8,22.7,1,19.3,23.2,28.8,19.2,19.7,37.8,18.4,21.5,18.7,17.3,25.4,23.6,35.2,29.4,25.1,29.9,21.9,22.2,16.9
24.4,16,34.9,41.8,25.3,22.1,26.9,25.3,31.4,37.6,31.9,28.6,19.1,35.9,29.4,16.6,19.3,31,28.9,24.5,20.2,-1.4,16.1,23.5,29.6,18.4,20.1,35,15.4,22.4,19.1,17,26.9,28.4,31.7,24.7,25.1,17.5,24.7,21.6,18.5
23.9,18.4,33.9,41.4,24,17.4,26.7,25.4,31.8,39.7,29.1,23.3,17.5,33.6,29.4,12.7,19.7,37.7,27.8,13.9,19.7,-0.2,17.9,23.8,21.8,16.1,15.8,31.4,19.9,17.3,15.2,16.2,27.5,27,30,26.6,27.1,20.8,19,25.3,18.8
30.3,24.7,28.2,42.5,20,21.9,22.5,26.4,30.7,40,33.9,24.4,12.4,34,26.8,7.8,22.6,37,35.8,13.3,22.2,-0.7,19.5,22.7,22.7,20,18.9,33.7,16.2,18.8,19.7,18.2,26.3,29.4,33.5,29.4,18.4,20.1,18.7,25.1,23.5
36.1,19.5,34.6,35.4,19.7,24.7,24.1,26.2,33.1,32.3,37.9,24.2,13.4,34.2,26.7,7.3,16,29.5,37,15.3,21.5,0,19.9,22,22,16.1,19.5,39.1,17.3,20.4,15.5,19.8,26.6,37.9,33.3,28.6,20,18.2,21.6,24.7,25.6
26,19.9,34.5,35.1,18.9,23.7,27.6,26.9,31.7,31.1,30.7,24.1,12.3,36.1,27.4,9.7,19.4,27.6,35.8,15.7,27.3,-0.2,15.2,22.2,18,17.6,17.9,31.5,20.4,19.8,15,21.9,28,24.2,33.2,28,19.3,24.7,23,22.1,30.5
23.8,14.6,35.9,28.2,18.5,23.9,26.8,27.7,31.2,26.1,31.8,25.6,14.2,34,27,14.1,18.8,25.3,32.4,20.7,37.6,2.4,15.7,23.3,20,19.6,19.8,35.5,24.1,17.8,14.4,17.5,27.9,28.7,32.8,30.5,20.3,20.2,20.7,22.4,20.4
23.5,17.5,29.5,29.1,20.6,27,27.4,26.2,32.6,26.3,32.9,27.7,17.1,35.5,27.8,15.8,20.9,24.1,26.9,16.9,37.9,2.6,16.3,23.1,16.8,20,18.7,39.6,28.7,19.2,19.7,16.8,26.8,28.4,32.5,20,23,24.2,17.7,25,17.9
25.9,17.5,29.8,28.1,23.2,17.7,29.5,26.7,33.7,37.6,35.5,27.5,17.5,34.5,27.2,12.2,20.3,23,28.3,19.7,23.5,1.6,20.1,22.4,22.6,19.1,16.7,33.4,16.5,24.5,18,11.2,26.7,27.5,33.2,26.7,24.8,28.6,15.2,19.1,18.6
30.4,19.5,31.5,30.9,22.1,24.5,23.9,30.2,34.2,38.6,24.2,23.9,11.3,34.4,28.9,16.6,17.6,25,29.8,19.7,28.3,-0.2,20,21.8,25,13.4,17.7,35.4,16.9,21.5,20.4,13.1,27,30.5,32.1,24.2,17.5,18.4,18.1,19.7,21.1
23,18.6,28.6,31.8,25.8,26.1,26.4,26.6,33.6,38.8,23.4,20.5,10.7,33.4,24.4,10.6,20.5,20.3,28.4,19.7,25.6,-0.2,27.8,22.5,26.6,15.3,19.7,37,16.5,18.9,13.1,13.4,22.2,27,33.2,23.6,18.5,16.8,19.3,22.1,20.6
23.7,18.8,28.6,33,20.1,22.9,24,27.1,35.5,39.3,26.4,25.7,11.4,34.8,27.8,13.3,18.1,20.8,28.2,26.1,27.3,-3.2,19.3,23.1,29.8,16.9,19.8,31.6,14.3,18.9,14.1,15,24.7,24.6,32.6,24.8,21,21.3,20.4,24.1,18.9
28.1,19,30.4,32.4,20.8,31.8,24.5,25.5,32.1,39.3,29.8,21.7,12.3,35.4,28.7,15.9,18.1,24.5,27.1,25.7,31.9,0,14,22.7,25.2,17.4,21.3,27.3,14.1,16.5,13.6,12.3,25,25.5,32.9,31.5,23.1,13.6,19.8,21.3,16.4
37,18,23.4,32.2,15,18.5,34.5,27,32.1,22.2,30.9,22.3,17.2,33.1,25,14,17.6,26.6,30.1,13.4,34.2,2.2,15.8,20.8,14.7,16,24.2,25.7,16.1,16.7,14.2,14.3,26.4,25.6,32.7,31.1,24.3,15.9,19.8,20.6,16.9
44.1,20.2,22.3,26.5,16.9,19.8,22.3,27.3,33.2,21.6,30.2,22.2,16.9,33.7,23.1,16,16.1,24.4,31.3,18.5,36.7,3.9,16.3,21,18,20.7,18.9,30.4,15,19,16.9,15.2,26,22.6,33.1,21.2,21.9,17.5,20.5,19.6,16
38.2,22.5,30.3,25.9,19.5,26.1,26.1,28.6,34.7,30.2,26.5,19.7,13,33.5,25.3,11.1,20.3,23.3,29.3,17.3,22.8,3.6,15.6,20.9,24.6,22.6,21,36,15.5,20.5,20.7,14.2,26.3,22.8,32.7,29.2,16.2,20.6,18.1,20.4,18.5
30.5,22.2,30,28.4,20.4,23.6,21.2,29,36.1,38.2,27.5,23.6,12,34.9,25.8,14.4,17.9,26.6,38.6,18.1,31.8,2.5,17.8,20.9,21.7,23.1,21.4,32.5,17.7,14.8,15.8,15.9,26,23.8,32.9,22.9,15.9,15,15,19.5,24.9
34.9,19.4,28.9,34.7,19.3,13.3,17.7,34.2,34.4,36.2,26.7,23.5,12.7,34.7,24.3,16.1,18.4,20.8,39.2,19.2,30.3,-1.4,20.6,21.3,25.4,15.1,20.5,30,18.4,15.3,16.6,17,22.4,29.8,32.6,19.9,14.7,20.4,16.7,21.2,23
39.4,17,27.6,36.2,17.9,14.5,19.2,30.7,32.2,32.5,16.7,24.6,16.3,35.7,25,16.8,21.5,30.3,38.3,23.7,40.3,-0.8,20.9,21.7,22.1,19.1,23.6,28.4,26.3,16.5,16.5,16.5,23.2,28.1,32.3,20.4,17.1,23,19.2,31.5,24.2
42.2,15.5,29,38.3,23.7,14.8,21.5,30.9,33.1,29.4,21,20.3,17.6,34.4,24.7,17.9,14.9,18.5,33.6,23,39.7,-1.7,17.8,22.1,17.5,18.8,23.9,32.1,19.2,17.4,11.4,13,24.7,23.4,33,22,13.7,21.7,18.2,21.9,16.6
21.4,17.8,28.3,35.4,21,17.4,25.4,23.8,34.7,21.1,24.4,23.2,17,33.6,21.5,16.9,17.9,25.1,37,23,22.5,-1.5,19.2,20.2,14.5,17.4,26.9,39.5,15.4,15.9,12.6,18.1,21,25.3,33.7,25,17.5,18.6,17.1,25.3,16.8
20.2,20.1,27.9,19,15.6,22.4,27,26.4,35.4,25.7,26.9,22.2,12.5,33.5,23.6,17.4,17.6,34.1,39.9,26.8,24.5,1.5,17.9,21.1,17.6,16.3,19.7,36.5,15.2,21.9,11.2,15.9,21.9,28.2,33.2,25.6,12.7,22.4,16.6,21.2,19.9
28.3,20.5,29.6,20.5,17.9,26.1,28.7,28.4,33.8,26.9,26.5,19.5,14.5,34.2,23.5,15.3,17.4,20.9,37.1,18.7,26,3.2,16.7,19.9,13.9,15.9,20,34.6,18.2,23,14.1,14.1,23.3,26.5,32.5,16,14.4,17.5,19.6,17.9,23.2
29.9,16,33.6,19.7,19,21,29.5,29.1,32,30.7,31.9,22,13.6,33.8,23.5,16.8,18.8,22.1,39.1,20.4,22.5,1.9,20.8,19.8,14.6,14.9,19.4,31.1,14.8,22.7,16.6,15.4,23.7,23.2,32.3,15.5,17.6,15.7,19,17.6,23.5
20.5,17,26.8,21.8,20,16.3,20,29.1,31,26.2,29.6,21.3,12.5,33.7,23.4,16.5,19.1,27.3,44.1,23,25.4,2.1,15.2,20.3,16.3,16.5,19.8,32,17.5,14.2,18.4,16,26.5,29.2,31.7,18.4,18.7,18.5,21.1,18.4,15.6
24,14.2,27.3,22.4,20.5,12,25.2,28.5,27,27.4,33.8,18,11.8,33.4,25.3,19.3,20,21.9,32.3,24.6,23.6,0.1,19.2,21.1,18.5,16.6,22.3,33,16.5,16.9,19.3,14.4,22.7,26.4,31.3,19.4,18.5,16,18.9,18.6,15.3
25.6,18,30.7,26.1,19,15.5,23.2,29.2,31,25.8,32.6,25.4,15.8,34.6,22.4,16.8,17.5,19.9,31.8,24.7,21.7,5.2,20.1,19.7,17.9,19.7,24.5,33.2,14.5,18.7,13.5,15.8,22.9,24.4,31.3,21.3,19,15.6,20,21,17.3
25.3,19.5,31.9,20.8,14.8,18.8,18.1,29.9,30.8,30,17.4,17.9,12.9,35.7,23.3,20.2,17.4,18.9,37,26,19.4,5.1,22.6,20.2,16,17.8,20.7,33.1,14.2,19.2,12,18.6,25.3,23.8,31.3,20,18.3,16.5,15.8,20.5,17.1
25.8,21,25.1,21.6,12.8,21.6,19.4,30,26.1,21.5,13.4,20.8,14,34.1,23.7,18.6,16.2,24.9,38.7,25.8,19.5,0,25.2,19.2,16.3,17.1,24.3,33.6,18.4,18.9,13.6,16,25.8,27,31.9,19.9,16.4,13.7,15.6,19.3,14.4
31.7,21,19.4,20.7,15.2,17.2,21.4,32.2,28.4,18.4,23.6,20.4,12.8,34.4,23.8,13.2,15.4,27.8,36.2,28.5,21.5,3.5,16.8,19.4,14.9,17.6,22.3,33.1,22,16.9,9.1,13.9,26.1,31,30,17.4,17.5,14.1,17,18.7,19.3
33.1,20,20.9,19.4,17.1,22.5,23.3,38.9,30.5,25.8,23.6,21.1,13.8,35.5,23.3,13.9,13.6,30.8,29.7,28.9,20.4,4.7,19.4,20.1,14.1,17.1,18.1,33,16.9,16.4,15.1,16.5,20.9,19.8,30.8,21.8,16.1,18.1,15.8,20.5,20.2
28.1,23,23.9,19.9,15.1,22.9,24.2,30.3,30.8,27.1,19.6,20.6,12.3,34.9,23.4,15.4,18.9,17.9,30.8,24.8,22.9,7.3,19,19.9,18,15.8,20.3,34.8,15.7,14.7,15.8,16,23.1,19.7,29.2,15.4,15.6,19.9,16.1,20.5,21.7
31.5,22.5,28.2,23,20.3,24.3,22.7,28.3,31,24.6,17.9,20.5,13.3,34.6,25.2,12.6,18.6,19.8,35.3,24.6,23.6,7.8,19.5,18.8,21.5,16,22.9,38.6,21.3,16.5,12.8,21.9,17.9,25.7,31.1,12.7,17.3,16,20.8,21,17.8
26,18.1,29.4,25.3,21.9,16.5,24.2,30.5,33.3,28.4,17.5,22.2,12.1,35.4,24.2,13.6,15.5,24.8,40.4,25,20.4,9.6,16.6,19.3,19.3,16.5,18.9,36.4,14.3,18.2,16.6,23.5,25.7,23,31.8,17.5,14.2,13.8,19.4,20.8,15.2
25.4,17,29.1,26.7,21.5,14.9,27.3,31.1,36.5,23.6,18.3,20.4,10.4,35,22.1,14,15.4,20.6,28.5,25.9,22.9,5.1,22.3,19.5,26.8,16.9,17.6,32.7,14.7,19,14.1,26.1,25.3,20.4,28.8,17.7,13.9,14.2,15.6,21.5,20.6
22.4,18.2,26.4,32.8,14.9,19.2,20.6,32,32.6,25.8,22.1,20.1,15.2,35.4,19.1,15.4,13.9,16.9,32.3,23.9,24.4,0.6,21.5,19.1,14,16.5,19.9,26.6,14.6,18.2,11.9,19.3,23,21.1,28.9,16.3,16.8,15.9,13.7,16.3,16.2
23.4,16,26.8,24.4,17.8,15.5,19.7,27.3,32,28.3,19,18.6,15.4,34.7,20,21.2,13.2,17.9,25.1,20.8,22.2,3.8,21.5,19,15.3,17,21.4,25.8,15.9,18.5,13.9,19.3,22.2,20.8,29.8,16.1,15.5,14.2,14.7,18.1,16.2
25.8,19,23.8,20.8,17.6,16.1,15.2,28.4,32.5,27.4,23.3,19.2,11.5,34.9,22.1,24.4,14.7,19,26.6,20.5,24.2,4.3,21.9,21.2,14.2,12.9,21.6,31.6,14,16.6,11.3,15.2,15.7,23.3,29.6,16.2,14.9,18.5,18.1,18,19.3
28.7,15,21.1,22,18.1,17,16.8,29.8,31.7,26.3,26,16.1,13.6,33.4,22.7,21.9,13.3,24.7,26.7,24.6,26.8,5.9,23.6,20.7,16.2,15,23.7,25,13.4,16.8,16.1,11.8,20.5,26.7,30.9,16,11.2,14.8,15.6,18.8,15.2
24.1,16.1,19.9,23.2,14.6,12.6,18.8,30,31.3,23.2,24.8,17.9,15.8,30.4,23.2,16.5,16,18.8,29.3,24.8,23.2,8.3,19.4,19.5,15.8,17.2,21.2,24.4,12.8,15.6,12.9,15.2,23.4,25.2,30.1,19.9,12.8,17,19.5,18.6,14.2
21.7,20.5,24.2,24,15.2,13.2,20.9,28.4,31.7,27.2,27,20.8,12.4,32.8,24.7,20.4,14,21.6,29.5,25.7,20.7,9.8,14.7,18,14.6,17.6,22.1,28.6,14.1,15.5,15.7,14.8,20.7,29.4,30,22.8,13.2,10.4,20.3,19.7,15.6
23.8,18.7,23.7,23.7,16.4,18.9,23.5,33.2,31.8,19.1,18.3,22.1,11.6,34,23.8,28.2,16.1,24.9,30.7,28.2,21.8,2.7,15.9,17.2,13,14.6,22.8,27.6,13,14.9,15.6,17.3,21,21.9,30.8,21.2,17.8,12.6,18.5,17.3,19
28.6,13.8,26.5,18,15,20.1,20.1,29.9,34.6,22.3,17.8,21.3,11.9,34.7,20.7,20,13,18.4,27.4,29.6,29.3,6.9,18.8,18.9,13.7,15.2,26.2,26.9,13.6,16.2,13.7,22.8,21.9,18,30.9,20.4,16,15.2,19.1,17.2,16.6
25.9,16.4,21.8,17,14.8,15.3,15.9,32.2,33.1,26.2,18.8,18.8,10.6,34.5,20.1,15.6,14.1,21.8,32.6,30.8,17.8,3.9,17.1,17.7,20.2,17,24,31.7,18.8,16,13.6,26,24.8,18.8,29.5,16.5,16.1,13.5,18.9,19.3,14.7
29.6,17.5,26.6,18.8,18.3,18.7,16.4,24.7,27.7,26.7,20.5,16.9,12.2,33.3,21.8,17.6,13.2,14.2,35.4,34.9,19.6,3.2,20.7,18.5,18.6,18.6,34.2,28.1,17.5,11.8,10.8,10.8,22.9,27.9,29.7,15.5,11.3,17.7,13.4,18.2,17.4
37.9,19.5,17.7,23.5,19.2,13.5,16.4,28.8,27.6,26.3,21,17.7,11.6,34.5,20.1,15,11.6,17.6,29.1,30.7,22.7,5.5,23.5,19.3,19.7,14.9,21.9,25.9,13.1,18.6,12.5,17.7,23,17.5,30,13.1,14.7,12.5,15,21.3,17.8
38.5,16.5,19.9,27.9,18.1,11.8,21.6,32.4,29.1,24.8,13.7,20.3,15,34.1,22.6,23.1,10.3,18.5,40.3,29.9,22.9,9.9,21.5,19,13.5,20.2,18.1,28.1,12.8,14.6,15.7,25.5,23,18.6,29.1,16.1,12.9,10.7,15.4,21,17.3
30.7,19,17.4,25.9,19.4,14.7,22.4,29.1,28.9,17.6,23.1,22.3,10,33.5,21.1,16.5,10.2,17.3,25.6,29.4,27.2,12.3,25.6,18.6,11,20.3,17.1,30,14.5,17.9,16.9,16.3,23.2,18.4,29,11.4,13.5,17.8,16.3,14.4,17.1
33.9,20.2,18.2,23.7,18.2,13.4,16,29.3,32,21.2,24.1,20.1,12.8,34.6,21.1,17.8,13.2,21.1,33.5,33.3,28.5,14.4,23.6,19.3,13.4,20.4,21.6,30.5,17.9,15.8,11.9,22.2,25.3,19.4,26,18,13.2,15.8,16.2,14.8,17.4
34.6,19.8,19.4,18.4,17.5,12,15.1,28.5,32.3,18.5,22.5,19.8,12.4,32.8,16.5,19,15.8,13.9,28.2,30.3,18.8,14,34.2,19.7,14.2,15.9,22.5,25.1,16.8,12.9,12.6,26.6,26.1,21.7,29.5,17.4,15.7,15.8,16.9,18.6,18.1
37.4,19,23.1,16.8,15.3,15.9,15.7,28.8,32.7,22.2,13.6,18,11.7,34.4,20.5,23.1,11.4,16,21.3,33.7,18.8,9.9,29.9,17.2,15.4,17.1,23,20.4,16.1,14.6,10.7,22.6,23.5,23.6,29,15.6,16.3,11.9,17.8,20.2,17.8
34.6,14,24,22,15.4,16.4,16.1,31.7,30.3,24.7,18.4,18.6,12.4,31.9,21.3,20,12.6,17.1,20.9,33.5,17.3,10.1,28.4,19.1,18.3,17.9,18.2,24.9,13.8,15.7,12.1,13.2,27.1,20.9,29.8,13.2,12.9,11.6,14.9,22.2,17
41.6,15.3,20,22.1,17,12.1,15.9,23.4,32.3,25.6,18.6,19.2,11.6,33,23.3,25.2,13.1,19.3,21.9,31,14,6.5,19.7,18.8,20.5,20.3,21.6,25.1,14.6,17.2,12.4,17.9,25.2,22,28.4,15.1,14.3,13,15.9,15.1,20.2
38.6,14.9,16,28.7,16,11.2,16.1,27,32.1,23.4,21.2,20.4,12.9,33.9,19.5,13,13.7,22.5,24,29.9,14.4,2.1,20.5,16,19,22.1,28.9,23,11.6,18.7,11.2,14,26.9,22.2,29.2,15.3,12.9,13.6,16.9,17,19.5
28.3,14.9,19.7,29.5,14.8,10.8,16.8,29.9,30.5,15.5,16.2,20.4,10.3,34.5,22.1,13.4,12.4,22.5,25.8,33.9,17.4,2.9,24.7,17.1,17.8,14.5,24.7,23.7,10.9,15.7,13,15.7,23.6,23.5,30.6,14.3,9.2,18.1,17.6,17.6,12.4
29.6,15.7,17.8,24,16.1,12.9,18.3,35.5,31.1,17.6,18,20.1,12.1,34.9,22.2,13.7,11.1,18.6,17.5,32,16.6,7.3,25.8,17.5,15.1,17.2,22.4,23.4,11.9,17.4,12.2,20.7,24.1,17.4,25.3,16.2,14.9,16.6,16.4,18.4,14
30.8,16.8,19.6,19.7,16.2,17.1,19.8,31.3,32.7,20.7,14.5,20.1,13.6,34.9,21.7,23.6,10.3,22.5,17.1,28.5,17,9,26.8,17.8,14.4,18,25.4,26,14.1,20.6,15.9,27.5,21.3,18.2,26.5,14.3,10.1,13,19.1,18,15.7
36.9,15.7,20.9,18.9,18.3,12.4,19.4,28.1,31.8,20.2,13.5,20.4,10.6,35.3,22.8,20.8,10.7,16.8,20.7,29.3,20.1,12.8,26,20,11.1,17.8,19.7,21.8,17,20.3,17.8,16.3,21.4,17.9,28.9,16.8,10.8,15.6,18.4,16.9,16.6
39.5,15.7,22.5,22.7,15.9,9,15.1,29.5,32.2,21,11.9,20.2,15.6,34,22.8,13.3,10,16.3,23.6,31.3,21.1,12.1,23.1,19.2,14.9,21.5,22.2,25.7,12.3,20.6,15.3,18,20.7,18.3,28.5,14,10.5,12.4,15.4,14.3,15
26.5,18.5,20.7,23.5,16.7,8.4,15.4,27.1,32.1,19.8,14.4,18.2,14.2,33.2,21.5,25.6,10.6,15,26.5,33.3,27.5,12.3,26.3,18.5,15.4,21.4,21.7,24.5,12,17.4,14.2,24,20.7,19.2,28.5,11.1,11.2,14.1,17.6,14.7,15.1
25,17.4,23.7,21.9,15.8,8.2,14.9,28.4,31.1,17.8,13.4,18.7,14,34.3,20,15.1,11.6,18.9,26.4,36.8,16.9,13.3,24.4,19.4,19.5,17.8,30.9,27.8,11.2,17.1,14.8,25.7,22.3,22.5,28.5,12.6,14.2,12.8,17.2,15.9,13.8
28.2,17.5,22.3,21.2,13.2,6.7,14.1,29.5,32.3,20.1,16.2,21,13.1,33.6,20.3,19,14.7,15.7,27.4,31.5,14.7,20.4,23,17.1,16.1,19.9,35.4,22.5,11.2,20,12.2,31.1,20.3,20.7,29.1,11.1,14.2,11.4,18.5,18.4,13.2
34.9,15,15.5,19.9,14.2,8.9,17.5,28.4,32.2,19.6,18.8,21.3,14.1,33.5,20.8,17.5,14.2,16.4,31.4,27.2,16.5,23.3,24.2,16.3,16.8,19.4,27.8,22.4,18,20.2,11.6,21.9,15.5,17.4,28.2,13.1,13.4,9.9,12.2,19.2,14.5
35.1,18.5,13.8,21.4,16.4,10.6,14.6,36,32.3,18.5,14.8,17.1,15.2,33.3,21.6,14.5,15.9,12.4,31.2,33.3,16.7,22.2,25.9,17.3,13.2,20.6,24.6,17.4,15.6,14.1,13.3,29.1,19.4,18.6,26.7,16.1,9.7,10.6,16.8,20.9,16.6
25.4,14,15.4,23.9,17.1,11.3,13.9,32.5,31.4,19.9,18.8,19.6,14.9,33.3,18.4,20.3,14.3,15.4,16.7,31.9,18.9,17.3,25.8,18.5,10.9,21.5,19.3,20.2,13.3,15.7,13.3,34.3,19.2,19.7,28.7,14.9,11,15.4,15.8,18.2,17.5
30,15.9,17.2,25.6,15.1,10.4,11.5,31.8,31.2,20.3,15.5,18.7,11.4,26.9,17.5,19.9,14.5,18.3,20.6,32.3,18.1,14.8,29,18,11.6,23.8,21.1,22.3,11.6,17.3,13.4,34.2,20.9,18.8,27.2,15,8.6,14.1,21.2,19.4,17.8
23.6,14.4,13.5,24.2,18.2,13.9,10.3,30,31.6,16.8,17.5,19,12.1,29.7,19.2,18.8,14.7,19.7,17.8,30.1,15.4,18.8,24.6,19.2,17.6,28.4,31.9,23.6,10.9,17.9,14.3,30.1,19.9,22.3,26.6,12.8,8,12.8,22.7,17.3,17.5
23.5,15.5,17.8,20.4,19.8,13.9,11,28.6,32.2,18.7,15.4,17.8,13.4,30.2,17.9,12.6,13.2,12,21.4,31.6,18.6,18.6,19.8,19.7,19.1,17.6,26,22.8,14,17.4,10.6,24.5,20.4,23.1,27,16.3,11.8,13.9,15.3,19.8,15.2
24.4,18.2,17.4,18.8,14.2,14.2,12.6,30.8,31.5,20.3,11.5,18.6,19.4,32.2,18.7,22.9,12.9,13.2,16,32.5,22.4,13.5,24.2,19.3,16.6,19.9,22.3,23,13.9,18.1,10.4,18.8,21.5,21.1,25.7,11.9,11.4,11.8,17.6,16.4,14
24.8,17.2,17.6,17.7,16.2,15.7,13,33.1,31,21,13.1,19.1,17.2,32,20.9,13.7,11.4,17,17.1,27.7,17.8,16,25.5,19.1,12.9,20.1,24.7,24.2,13.4,20.7,13,27.7,21.3,19.1,27.9,12.3,12.8,11,17,13.8,16.1
26.2,18.7,16.9,20.8,19.2,13.8,16.8,30.2,30.6,21.1,14.8,16.3,15.9,30.9,20.1,25.2,16.1,16.3,17,32.2,23.1,12.3,30.5,17.7,14.7,20.6,29.9,25,12.7,17.4,15.1,34.3,21.9,16.5,28.5,11.2,13.6,12.3,19.1,15,24.3
29.2,16.8,16.6,26.1,19.7,11.7,13,28.1,28.1,16.4,16.4,19.5,13.7,32.7,18.5,21.8,9.9,17.7,18.8,30.1,14.3,17.8,18.6,17.5,13.5,19.6,23.8,23.7,13.3,19.3,16.9,28.1,19.7,14.8,27.9,12.5,14.8,11.8,18.6,16.5,15.8
28.2,14.4,13.9,16,21.5,11.8,15.5,29,30.8,20.3,14.4,18.9,13.9,31.3,24.1,17.3,10.4,19.5,22.1,29.3,15.3,19.6,24,19.6,12.5,20.2,30.7,23.7,13.9,19.4,14.8,36.1,16.7,19.3,27.8,12.6,11.6,13.6,18.6,14.1,15.1
27.3,14,15.2,17.2,17.1,8.5,16.1,34.4,30.9,16,17.5,21.6,15.1,32.4,23.6,17.2,14,16,23.1,30.3,14.3,18,25,19.7,9.2,20.6,22.9,26.1,11.5,20.7,16.8,29.4,18.1,22.3,28.2,14.8,16.9,16.9,15.9,16.2,16.7
23.6,15.9,13.8,20.3,13.9,8.8,14.7,29.6,29.1,17.4,10,18.2,15.5,32.5,21.6,15.9,14.8,16.5,24.4,34,15.6,19.2,26.4,20.6,12.2,20.4,28.6,15.6,10.2,17.2,13,22.3,22.2,23.6,25,16.2,13.7,16.1,13.5,15.8,15.5
24.9,15.5,18.7,22.1,14.7,8.3,14.2,29.2,28.4,12.8,12.5,17.6,11.8,32.7,21.2,16.7,13.7,16.5,21,38.7,16.7,11.1,23.4,19.6,12.2,20.3,22.3,20.4,15.1,28,15.8,26.3,21.2,23.3,24.5,10.3,13.4,15.4,14,14.6,17.2
31.2,17.2,15.8,18.6,15.8,11.9,11.5,29.3,30.2,14.9,13.7,18.9,16.6,29.3,23.5,18.2,9.8,11.1,24.9,40.7,14.4,9.4,19.6,18.3,14.6,20.4,22.2,21.7,13.5,16.3,16.7,31.5,22.8,15.2,27.4,12.2,11.7,14.3,15,13.7,18.6
22.5,16.1,15.4,19.5,17.3,10.5,11,28.9,28.9,15.7,14.1,20,13.7,32.3,23.2,21,10.3,10.6,19.4,35.1,15.7,14,22.6,18.4,13.5,21.4,26,20.7,15.1,21.5,11.2,35.5,16.1,17,27.2,11,10.3,12.6,16.8,13.6,23
19.3,13.1,14.5,18.7,16.9,10.6,12.7,28.9,29.6,15.2,12.6,21.5,14.4,32.3,25.8,27.3,10.8,12.2,19.5,34.7,14.1,17.4,25.1,16.5,11.5,17.9,37.8,22.1,14.5,19.8,11.6,21.4,19.1,20.3,27,9.9,11.5,11.4,17.1,15.3,18.5
22.5,15.6,11.5,18.3,20.2,10.1,10,29.6,30,17.4,15,24.3,12.9,32.2,21.3,15.1,11.3,13.8,17.9,42.3,14.5,14.9,22.8,16.4,13.2,23.5,24.2,20,12.2,19.4,14.1,30.3,20.2,19.7,26.9,10.5,12.5,14.6,15.6,17.9,15.9
19.4,14.8,12.5,18.8,19.6,10.3,16.2,28.8,29.8,18.5,14.9,16.3,14.3,31.6,19.6,24.8,10.8,16.6,16.9,36.9,13.3,12,25.8,16.8,14.7,19.8,21.6,19.1,10.4,20.3,16.3,24.5,18.3,17.9,25.8,8.8,13,13.1,16.1,16,19.9
23,16.5,12.6,19.5,18.2,11.6,15.3,29.4,29,18.4,17.2,19,11.9,32.3,21.2,24.3,11.2,13,18,36.7,17.9,15.8,24.7,19.3,12,20.9,30.7,21.1,11.2,20.4,20.4,29.4,20.4,18.3,27.4,10.8,14,12,24.1,17.6,21.1
26.2,17.7,9.9,23.9,19.6,8.3,13.1,29.2,30,18.3,16.8,18.7,14.3,30.9,21.1,16.3,14.5,17.3,20.1,32,18.2,14.7,27.4,18.4,14.7,20.2,25.9,22.2,14.2,18,18.3,35.5,18,14.1,26.6,12.2,13.9,13.5,17.6,19.4,20.3
31.7,18.8,13.2,18.4,19.4,10.5,13.9,27.3,30.6,18.6,18.7,21.2,15.1,32.2,21.5,17.7,14.2,12.5,20.2,32.1,14.2,11.7,22.2,18.1,14.1,23.4,24.1,21.4,13.8,24.7,12.5,20.3,18.1,19.3,25.3,12.5,12.2,11,18.3,14.5,24.9
23,24.5,10.9,14.8,18.1,11.8,9.5,31.4,28.7,20.7,10.4,25.7,16.7,32.2,25.7,18.9,13.7,13.1,18.6,33.5,12.1,10.8,20.2,17.2,13.7,26,24.1,22.5,14.8,20.3,15.6,23,19.5,20.6,26.1,9.8,8.3,14,14.9,15.6,24.4
22,24.5,15,14.7,22.9,8.8,13.8,29.8,30.1,18.6,11.2,26,20.4,32.8,23.7,20.1,9.5,17.6,15.2,35.7,13.8,14.5,21.5,19,14.2,26.2,23.4,22.8,10.2,20.7,11.6,21.2,21.3,21.9,26.4,8.6,12.5,10.8,16.2,15.5,25.1
16.2,19,13.4,14.8,16.7,7.4,13.5,29.8,28.8,19,12.1,17.8,24.1,33.2,22.4,21.8,12.8,17.1,16.6,36.3,14.2,14,26.3,17.5,15.2,27.5,23.6,21.5,12.8,19.8,11.2,27.4,17.3,17.9,26.6,13.2,13.2,11.4,17.1,19.2,22.3
16.7,17.6,15.2,15.5,16.1,7.9,11.4,30.2,29.4,19,9.3,20.9,25.1,33.4,22.7,14.7,15.2,15.4,17.6,35.2,17.7,19.2,40.3,17.7,9.4,29.9,23,21.5,12.6,23.1,13.9,36.6,18.5,19.7,25.6,9.8,15.8,10.9,20,18.9,18.5
18.4,17.2,15.3,15.2,19.2,6.9,11.5,31.3,28.1,19,8.5,19.6,14.9,33.2,23.9,15.4,12.6,14,22.6,37.3,17.7,11.4,22,18.6,12.5,20,27,21,12.1,25.6,13.9,31.4,16.3,17.6,26.3,7,15,12.7,18.5,20.7,14.9
25.6,15.3,15.7,22.8,19,12.3,12.5,31.6,26,21,13.1,20.4,14.2,34,22,15.8,12.2,11.4,23.5,32.3,14.2,14,26.1,20,10.7,25.2,34.7,22.9,11.4,27.2,16.8,28.8,17.9,19,26.7,9.2,11.5,13,15.1,22.9,16.1
24,15.8,14,24.9,19,7.2,13.2,30.5,25.6,18.1,15,20.3,14.1,33.7,23.1,14.5,10.4,11.4,20.7,35.4,14.3,7.7,27.4,20.3,10.8,21.7,33.9,24.9,12.5,22.1,14.1,28.5,15.6,20.3,26.7,9.7,17.1,11.7,16.6,16.8,16.4
27,18.1,14.4,20.3,17.8,7.9,8.2,30.9,28.6,20.5,16.4,19.7,15.7,31.5,22.8,15.1,10.7,11.1,17.8,37.1,12.1,12.2,30.9,19.8,10,18.4,24.9,21.3,10.9,20.3,14.7,25.1,18.5,17.9,23.4,13.2,17,15.1,19.2,12.6,17
29.7,19,12.6,20.4,18.9,6.9,11.5,31.6,27.8,21.7,13.7,22.8,15.9,33.5,23.3,17.6,13.4,11.9,13.7,35.3,12.5,17.4,39.3,20.4,11.1,17.5,25.4,18.3,10.6,19.1,14.9,25.8,19.9,14.1,23.2,14.2,20.9,13.9,23.3,14.7,20.9
23.6,20.6,13.7,19.8,18.7,8.7,10.3,29.5,28.1,16.7,16.5,24.7,13.1,32.7,22.9,16.8,11.7,12.4,18.1,34.3,17,24.9,24.1,21.7,12.8,16.5,26.2,18.8,12.2,19.8,18.2,34.1,15.9,18.5,24.4,10.6,15.7,13.2,24.6,16.3,17.5
16.9,15.4,12.2,18.3,19.4,9.4,13.2,28.5,30.3,16.3,11.5,27.3,12,33.5,23.6,18.7,12.2,16.3,15.4,31.8,12.7,18.2,25.1,18.6,14.5,24.6,24.6,19.4,12.5,25.4,19.7,32,14.9,17.4,22.5,11.1,14.8,15.1,19,14.7,17.4
16.6,16.8,12.1,17.4,17,8.3,10.2,33.5,30.7,14.3,13.2,22.2,15.7,33.9,27.1,17.3,12.1,14.1,19.1,32.4,11.8,16.5,24.1,20.1,14,30.4,26.3,21.6,11.5,17.9,21.8,33.7,15.3,14.6,27.6,10.2,17,14.8,19.1,15.8,18.8
16.9,14.3,16.8,25.1,18.6,10,9.9,32.4,26.8,12.5,15.5,20.8,17.9,32.2,27.4,27.9,13.2,15.8,20.7,32.7,12.6,16.8,28.6,20,12.4,27.2,25,19.2,13.9,16.8,24.2,37.6,18.3,15.4,27.6,11.4,13.2,16.9,20.4,19.1,21.7
18.5,16,14,27.4,22.3,11.1,11.4,30.3,28.1,13.8,16.5,20.8,20.5,33.5,21.9,21,14.3,13.7,22.2,31.8,17.6,20,23.3,19.8,12.5,32.4,24.5,20.7,13.9,20,15.1,25,18.9,18,27.9,11.1,14.6,11.7,20.6,18.3,22.1
21.2,18.7,13.2,29.9,25.7,12.8,7.1,30.5,25.3,14.3,19.2,20,21.1,34.3,22,23.7,14,13,22.6,34.3,13.1,14.3,26.7,18.2,15.4,37.9,30.2,23.3,13,21.3,15.1,25.2,19.8,13.4,28.2,10.4,13.4,11.1,21.3,18.4,17.5
20,16.4,12.4,17.2,25.6,7.3,8.5,30.7,28.6,15,14.8,19.8,14.7,28,21.9,21.1,13.2,14.5,20.8,32.5,13.1,16,26.4,16.9,16,20,27.1,21.8,13.2,23.1,15.7,25.9,18.8,14.5,26.6,12.6,14.7,14.1,23.4,16.1,19.5
16.6,27.9,8.6,17.1,26.2,9.3,12.3,31.1,29.1,13.1,13.8,21,17.2,30.8,24.4,17.6,13.2,11.9,18.3,19.7,11.5,23.1,27.8,18.5,11.3,20.5,33.4,19.2,14.4,26.6,22.2,28.9,18.7,15.6,27,12.5,14.2,17,22,20.7,23.8
16.4,22.5,12.1,17,22.2,11.6,12.1,28.1,29,15.6,14.7,19.8,18.9,31.5,22.6,22.7,13.4,10.9,17.9,28.2,11.7,13.4,26.1,21.1,11.5,26.7,24.7,15.6,14.5,23.4,23.6,37.8,21,16.2,26.7,15.3,14.7,19.4,20,19.2,27.3
17,21.5,11,18.4,19.7,8.7,10.6,26.1,26.5,14.4,15,20.9,25.5,31.4,24.5,26.2,15.3,10.1,12.9,27.3,12.1,17,24.5,19.5,16.4,28.4,27.1,16.9,11.3,29.6,15,24.7,23.3,20.8,27.8,12.8,16.3,16.2,16.2,13.8,28.8
17.6,15,11.6,20.3,18.7,8.2,12.7,24.8,28.4,14.1,21.6,20.1,25.8,31.3,23.8,21.8,14.2,15.4,13.6,29.8,16,20.8,36.5,19.4,12.3,27.8,23.7,19.5,13.2,26.3,15.9,32.5,24,21.6,26.6,11.5,16.5,14.5,17.7,21,20.9
16.7,13.4,11.8,22.9,19.2,7.7,14.1,26.7,28.4,10.9,18.6,20.9,33.7,31.9,26.7,18.8,12.9,11.4,13.8,30,12.8,19.7,23.9,18.8,12.7,33.4,38.6,20.7,18.6,33.6,17.8,26.5,25,21.6,27.7,8.8,13.1,16.7,23.1,18.1,20.2
17.7,15.8,14.8,25.9,24.7,11.2,10.8,27.7,28.2,15.2,11.9,20.5,17.2,32.9,22.5,19.7,16.7,12.2,19,32,14.8,17.4,24.1,18.9,13.8,19.6,26.9,18.8,16.7,33.2,21.5,24.5,16.1,16.1,26.1,9.8,16,13.1,22.2,16.2,22.1
22.7,17.9,14.8,17.6,20.1,7.8,10.3,28.5,27.4,12.3,15.2,22.5,30,31.8,23.5,24.7,12.7,13,18.3,32.6,12.7,18.6,27.5,20,14.5,26.8,28.8,23.5,13,37.5,18.2,25,17.6,17.3,26,12.8,17.8,12.8,27.3,15.9,23.9
21.7,14.6,13.2,19.4,16.6,9.6,13.5,28.5,28.1,12.9,17,22,28,32.5,23.9,23.9,14.6,9.6,15.5,36.7,14.2,16.9,27.9,21.5,13.2,31.1,29.3,23.5,11.1,37.5,16,31.5,17.2,17,23.9,13.3,19.9,16.1,21.3,18.3,28.1
16.5,14.5,13.9,20.8,16,10.8,10,28.5,26.3,13.5,17.3,26.5,16.8,30,27.3,29.2,17.2,9.3,19.2,38.6,13,17.8,25.3,20.9,15.9,35.3,32.6,19.5,14.3,20.2,21.1,34.7,20.6,20.7,24.2,12.8,24.5,13.8,26.3,17.9,18.8
16.9,18,11.3,20.8,16.4,10,10.7,26.5,25.1,16.7,19.7,20.8,17.4,30.8,19.5,17.4,16.2,12,15.4,25.5,14.2,19.9,25.4,18.9,20.1,31.8,32.4,20.6,13.6,20.4,24.4,21.4,22.4,21.5,25.6,13.8,17.8,13.9,19,15.5,19.7
17.9,26.1,9.1,27.2,19.1,11.7,12.3,26.9,26.1,15.5,18.4,19.3,27.1,32.2,21,22.4,12.9,13.1,15.5,30.6,13.4,20.9,25.8,18,12.9,33.3,32,21.7,11.5,26.9,30.5,23.1,18.1,23.3,26.5,13.4,19.3,14.9,25,16,19
18.5,18.1,11.9,28.9,20,9.7,10.7,26.5,27,10,21.1,22.3,33.8,32.8,23.3,28.8,17.5,13.8,13.6,34.3,12.7,24.3,19.6,18.5,11.1,24.5,33.5,20.9,14.8,28.3,24.9,27.1,19.2,25.2,26.1,6.3,19.9,16.1,18.2,18.4,21.8
14.9,18.2,12.4,32.3,22.9,10.8,8.7,28.7,28.2,8.5,27.8,27.2,20.9,31.7,23.9,34.2,16.5,15.5,13.6,37,12.1,26.6,22.3,20.1,12.8,22,30.6,20.2,12.5,26,31,29.5,23.2,19.9,27.8,13.1,20.5,14.9,27.1,20,24
15.7,16.5,13.7,30.7,25.9,12.9,10.6,26.3,28.4,11.1,16.4,18.9,20.1,33.5,28.4,23.4,18.2,15.7,12.6,36.5,13.8,17.3,23.4,19.4,13.4,20.6,39.3,20.1,13,32.6,26.3,28.8,14.4,15.7,25,15.1,21.7,15.4,19.1,17,27.2
22.7,21.7,13.5,20.2,22.2,8.3,13.2,28.2,28.5,12.9,21.1,20,22.3,33.6,22.8,17.9,13.8,14.6,12.8,36.3,14.2,14.2,25.8,19.6,12.9,26.2,27.5,18.9,14.2,26.6,24,37.2,19,15.9,25.9,16.6,16.1,21.3,17.6,16.8,29
21.5,19.8,16.9,18.5,33,8.8,11.6,28,23.8,11.9,16.1,21.9,31.9,34.7,22.1,17.1,20.5,12.5,15.3,28,11.9,13.7,24.2,19.3,11.4,19,28.5,15.7,13.5,30.6,27.5,28,16.8,15.4,25.7,12.3,17.1,25.3,23.1,19.3,26.8
19.7,24.4,12.8,19.7,32.9,9.9,11.6,29,26.6,8.8,17,24.4,32.5,33.5,23.6,20.5,23.6,10.9,15.4,36.1,13.8,20.6,20.9,20.2,11.4,21.9,26.3,17.4,14.2,34.4,16.5,38.7,15.7,18.1,26.9,11.9,20.1,26.2,25,16.3,29.5
15.6,25.9,13.6,20.9,37.4,14,14.1,21.3,25.9,11.2,17.3,24.2,15.5,30.9,23.7,23.1,17.4,15.1,15.5,33,15.9,24.9,25.1,20.6,14.6,25.6,29.5,16.8,20.5,29.2,17.1,34.8,17.1,15,27.8,20.8,20.5,16,25.5,17.7,32.3
14.4,21.5,11.8,23.5,19.7,14.4,11.2,21.3,25.5,7.3,15.4,24.4,17.6,33.6,23.1,23.6,18.5,13.6,14.8,34.1,11.2,24.3,24.9,19.8,17.5,25.6,44.4,17.1,23.8,23.9,24.8,24.9,18.1,17.8,28,15.8,22.1,14.7,28.2,21.1,37.2
20.7,24.8,12.5,25.9,28.6,14.8,13,25.7,27.3,10,16.3,25.3,23.7,33.3,26,21.4,18.5,11.4,14,33.5,12.6,16.5,25.3,19.3,18.1,32.3,34.6,18.3,24.2,20.6,21.4,26.3,19.6,21.3,27.8,11.1,21.7,14.3,22.4,23,37.1
21,15.9,13.8,26.6,26.6,13,16.5,28.3,26.7,12.9,19,29,31,33.4,26,21.6,17.1,13.8,12.6,31,11.5,13.1,23.6,20.4,12,31.9,34.2,17.5,23.1,25.9,19.5,32.5,19.3,21.8,28.6,10,20.7,20.4,22.6,21.7,35.1
19.7,16,10.3,30.2,31.9,11.1,14.9,29.4,26.2,11.8,22.4,30.7,24.9,33.6,27.6,17.6,14.1,11.1,16.1,33.9,11.8,9.3,25.3,19.2,16.2,18.9,32.3,19.2,13.2,25.7,21.5,35.6,19.8,19.1,28.8,14.8,24.7,22.1,23.4,28.6,28.6
19.2,21.1,11.9,23.6,25.4,11.3,11.8,23.4,25.5,11.2,19.4,30.8,29.8,32.5,24.1,17.5,15.3,14.1,13,33.4,12.3,9.3,19.9,19.1,17.3,19.3,30,21.2,16.3,25.3,31.8,23.8,19.7,19.7,30.5,14,27.3,12.8,22.7,18.3,33.9
17.1,21.6,11.5,21.3,29.2,11,10.4,25.2,26.1,7,17.6,23.1,29.1,33.2,25.8,17,18.1,11.3,14.6,34.5,13.2,11.3,25.6,19,13,22.3,30.6,18.5,13.4,25.3,23.3,27.5,18,19,27.4,13.3,32.1,12.9,21.8,16.6,34.3
16.2,22.2,10.9,25.4,29.3,8.3,12.6,23.6,25.1,10,18.2,24.7,23.8,31.7,25.6,25.3,20.7,13.5,15.6,34.5,15.3,19.3,24.1,19.7,14,28.1,32,16.4,12.5,32.3,16.9,33.3,16.1,16.8,27.2,15,22.8,18.3,21.1,17,32.3
16.8,19,12.6,30.5,32.7,9.4,15.8,24.9,26.1,10.4,17.6,26.4,27.7,32.9,26.5,24.7,16.4,12,14.6,33.5,13.1,21.9,26.4,20.1,14.3,28.5,35.5,16.8,11.9,32,19.8,25.6,20.8,21.2,28.2,14,28.1,19.3,24.3,18.3,25.2
14.2,21.6,11,23,23,9.8,14.8,24.2,26.6,11.5,24.2,24.4,17.8,29.4,27.3,26.6,16.9,12.1,15.9,35.5,13.3,24.4,33.4,19.4,21.5,21.3,29.7,18,15.5,19,18.7,25.8,23.6,17.6,28.1,16.4,29,20.5,27.6,18.8,33.2
16,23.5,15.1,22.3,20.4,13.3,17.6,29.6,26.7,14.2,26.5,25.4,19.6,31.9,25.4,18.4,18.4,15.1,10.8,35.3,9.7,25.1,28,20.5,23.4,26.4,30,18.2,13.9,20.3,18.5,22.9,16.7,23.9,27.5,12.5,24.1,23.2,33.4,20.5,38.1
17.1,18.4,14.2,24.7,25.6,14.9,18.2,24.4,26,12.9,28,24.8,23.9,33.5,26.7,17.2,15.3,13.9,13.4,36.9,12.2,26.4,37.5,21.2,26.3,23.6,30.3,17.8,15.5,22.9,22.6,32.7,18.2,17.6,28.8,14.7,24.8,17,24.8,16,32.9
17.4,16.7,9,27.3,28.8,12.4,15.8,23.7,23.7,13.5,28.6,25.2,17,33.5,27.4,15.4,18.5,12.7,13.7,39.3,13.6,21.6,21.9,20.3,14.2,25.1,38,15.9,29.4,28.6,22.2,30.6,19.1,21.1,28.7,13.9,24.3,16.1,23.4,14.9,29.1
20.9,19.5,12.3,29.4,24.4,8.8,15.6,25.1,27.1,12.1,24.5,27.2,21.3,34,26.2,15.3,23.7,12.9,13.9,40.6,12.1,10.6,24.1,21.6,16.2,29.9,29.5,20.1,32.8,28.4,23.5,29.9,19,18.8,28.5,16.7,27.8,22.4,20,14.4,34.2
17.8,21,12.8,33.3,18.3,13.2,14.7,25.9,26.6,12.5,22.8,22.5,32,33.2,25.8,15.9,20.8,15.6,11.1,33.8,11.8,14.9,21.6,19.9,15.8,18.9,27.6,20.1,18.1,21.3,25,34.8,19.5,22.7,27.9,19.4,31.1,30.6,19.9,17.6,35.2
15.9,17.8,17,28.9,25,15.7,13.6,20.9,22.5,13.1,21.8,22.4,17.6,32.5,27.5,15.1,24,14.8,13.6,34.7,12.2,23.9,26.1,21.1,19.2,20.7,35.8,21.8,14.9,25.6,19,37.2,23.1,18.9,27.9,21.6,32.1,29.1,35.4,17.5,28.2
14.2,20.5,15.9,28,31.9,17.5,14.4,24.1,24.9,13.5,24.2,22.2,22.9,33.8,27.6,22.9,18.8,16.7,11.3,38,13.2,23.9,29.3,19.8,22.6,24.8,30.4,17.7,16.2,23.6,19,38.2,24.4,20.9,28.9,21.5,28.4,33.5,26.8,22.5,26.2
19.6,20.5,14.2,24.2,31.4,20.9,15.7,24,23.7,13.3,19.2,29.3,24.1,33.5,22.9,15.5,19.1,11.9,12.5,37.4,10.8,19.4,31.2,19.9,14,28.9,29.6,18.4,22.4,29.9,19.1,25.1,25.8,16.6,32.8,22.1,28.7,35.3,23.3,24.6,36.9
19.9,17.2,12.7,23.2,19.2,24,16.1,23,23.4,15.7,22,25,20.7,33,22.4,22.6,23.2,13.1,15.6,36.9,12.7,21,28.1,21.6,13.8,36.4,37.1,18.4,25.6,19.9,21.2,38.3,18.4,17.4,27.5,17.2,24.9,17.6,24.4,25.9,37.9
15.5,17.5,13,26.7,18.5,11.2,16.6,22.9,24.7,13.1,23.3,24.4,29.9,33.6,25.4,27.6,21,16,17,34.7,11,17.4,28.2,20,14.2,39,33.9,20.1,14.4,19.9,23.5,32.6,17.6,20,29.3,16.4,24,23.8,23.1,32.9,27.7
16.2,18.8,16.8,25.4,21.9,17.5,14.6,22.7,24.7,14.2,29.9,27,30.9,31.2,25,21.8,17.3,19.1,18.3,35,12.5,13.7,27.4,20.4,20.3,23.1,34.7,18.6,14,24.2,18.3,30.2,22.6,20.8,28.3,15.5,26.6,29.5,30.5,35.3,36.8
16.9,18.8,16.4,22.5,28.1,18.9,17,26.8,25.8,13.1,34.6,25.6,34.9,32.8,27.3,32.3,20.9,13.5,16.5,41.8,16.4,21.3,29.9,21.8,19.7,22,31,15.2,31.6,28.6,20,32.2,20.3,17.2,27.6,20.7,30,26.9,24.9,19.1,38.4
15.3,20.6,20.7,23.2,26.8,12.6,12.1,25.2,28.5,16.6,35.7,24.1,25.7,33.2,28.7,17.6,24.5,11.3,14,37.4,14.6,14.7,25,22.4,15.8,30.4,33.8,14.7,17.2,35.8,32.1,23,20.9,19.4,27.9,13.1,27.6,16.7,21.1,22.8,20.6
14,20.1,17.7,25.9,21.1,10.4,15.1,19.9,28.5,16.9,36.4,23.7,21.3,34.5,27.6,21.8,20.4,10.8,13.9,35.8,13.7,16.7,27.9,22.7,20.7,25.4,31.9,18.6,16.5,38.2,18.9,26.4,20.2,24.9,29,15.1,22.3,19.2,18.4,24.6,26.6
18.2,20.8,13.5,27.3,25.8,14.9,15.3,23.6,27.4,10.6,34.1,28.3,19.4,33.9,27.2,20.6,21.4,11.7,17,36.3,14.6,8.8,27.5,20.9,29.9,24,39.1,18.2,29.4,39.7,15.6,32.8,21.2,22.9,28.3,17.6,26.9,27.8,21.8,19.7,21.2
17.7,18.8,15,29.2,29.9,17.7,15.7,23.5,26.3,14.7,32.4,20.7,21.3,33.8,26.6,23.7,17.1,18.3,16.4,36,15.1,12.4,27.6,20.7,29.6,30.7,32.6,18.3,14.9,23.5,21.7,28.7,22.2,26.1,28.8,19.6,27.1,33.9,21.8,22.3,28.3
14.1,18.2,15.8,33.5,35.3,19.1,18,24.3,26.1,13.8,28.1,22.8,29.3,33.3,28,27.6,20.3,14.1,15,34.6,14.8,18.7,31.7,21.5,22.8,33.6,29.7,17.3,20.1,22.3,21.1,27.2,21.7,23.9,29.1,20.3,27.3,20.7,23.6,23.4,33.2
15.5,19.2,16.2,33.9,36.5,12.7,23.7,25.1,27.2,13.3,33,24.3,17.5,33.6,25,18.6,20.4,13.2,14.1,34.2,10.5,17,28.7,22.2,18.5,40.5,39.5,23.4,28.5,30.1,20,29.3,22.8,30.5,29.7,21.9,26,22,25.7,23.5,36.9
13.8,18.4,13.7,32,21.1,13.7,27.5,25.5,25.2,15.5,33.2,24.5,22.2,34,27,27.4,21.7,14.9,14.7,34.5,20.8,21.6,26.6,22.8,27.3,27.6,34.9,27.4,15.2,29.4,22.8,31.1,32.9,18.3,29.8,21,24.1,28.2,24.4,22,36.6
14.5,20.4,15.5,32.1,29.2,18.8,15.7,27.6,26.1,10,34.7,28.5,17.5,33.4,26.7,23.5,20.3,19.7,14.1,34.7,17.4,20.4,29.4,23.5,33.8,22.4,36.4,23.4,18.4,34.8,31.4,21.5,33.5,17.9,29.2,23.3,22.4,31,22.8,21.2,34.6
16.4,21.6,15,34.3,29,24,15.2,26.1,26.4,13.6,36.8,24.6,34.2,32.3,28.3,22.2,20.6,21.5,14.6,36.1,15.9,17.7,23.1,20.7,27,31.8,30.3,20.7,19.9,25,33.2,27.5,22.1,20.8,29.2,24.8,25.1,18.6,27.6,22.5,33.4
17.3,25.1,14.9,33.1,34.3,27.7,17.6,20.5,26.2,13,33.3,27.3,34.5,32.1,25.7,18.5,17.6,25.7,15.5,35.2,14,17,24.1,23.2,22.5,33,26.9,19.9,25.3,29.7,19.9,29.3,33.8,18.4,28.3,27.5,29,17.2,31.3,25.3,26.2
15.9,22.9,17.6,34.3,36.8,26.4,13.6,19.5,26.9,14.8,32.7,29.5,35.9,33.5,27,21,16.9,16.5,17.7,34.9,14.1,20.2,26.7,24.8,22,25.9,24.4,20.1,17.9,38.8,21.7,31.3,26,24.5,28.5,32.7,24.4,23,35,25.8,25.8
15.1,20,17.9,33.5,24.6,30.8,16.1,22.3,26.5,15.8,35.8,25.7,29.2,33.9,26.3,19.6,20.5,15.2,19.1,33.2,14.6,20.9,26.9,24.5,30.1,36.5,32.5,18.6,22.8,26.1,22,34.9,27.9,17.6,28.8,31.5,24.9,30.8,22.7,19.8,33.4
16.6,17.3,17.5,35.2,23.1,29.6,18.6,22.1,26.2,14.2,30.1,29.1,25.2,32.3,26.1,22,26.2,14.5,16,35.7,14.2,20.8,26.3,24.9,24.2,35.3,34.9,16.2,15.5,30.9,23.9,36.1,21.1,14.5,28.9,31.5,25.2,16.8,22,19,38.8
19.1,21.1,17.6,34.3,32.4,14.8,22.8,22.8,26.6,10.8,23.2,26.9,18,31.8,27.6,22.8,22.3,17.5,17,36,12.8,26.1,27.6,26.5,22.7,27.4,32.4,17.6,26.2,32.3,16.7,35.7,21.2,19.4,28.9,26,25.2,23.8,26.1,28,42.4
15.3,21.1,16.4,36.1,38.3,22.6,18.9,24.2,27.8,14.9,31.7,22.6,19.6,33.2,32.8,20.4,25.8,12.6,19.2,36.1,12.6,23.4,29.1,24.8,27.9,35.4,36,19,33.4,28.5,18.6,39.8,22.8,18.2,29.9,27,25.8,27.5,34.3,21.6,31.3
11.8,21.9,13.6,38.6,26.1,26.8,23.7,24.2,27.5,16.2,34.2,26.3,25.2,33.3,29.7,24.5,22.1,17.9,18.4,32.9,13,19.1,29.7,25,25.4,33.2,28.6,19,16.2,26,21.5,41.1,24.7,20.3,29.6,23,37,25.8,29,22.5,27.8
14.7,18.4,19,36.9,24.6,25.8,31.4,21.8,27.1,16.4,36.1,31.5,29.2,33,31.3,20.8,19.6,19.6,14.1,32.9,17.9,19.8,28.3,25.2,17.9,26.3,30.6,19.6,17.6,31.7,19.5,34.9,26.2,21.6,29.1,25.2,36.2,26.4,23.9,18,29.1
13.2,17.7,19.4,36.3,30.5,15.4,32.6,21.4,28.9,15.1,30.7,28.6,33.3,32.7,27.7,22.6,18.3,20.8,15.4,34.1,12.8,22.7,28.8,24.8,19.3,29.7,32.7,21.5,17.4,26.6,28.5,30.1,16,24.8,28.3,20.5,26.1,15.5,21.6,18.4,28
14.3,19,21.1,37.5,32,24.9,19.1,23.2,26.6,17.5,31.8,22.7,37.8,32,29.5,20.9,23.3,22.4,16,32.9,13.6,25.2,26,24.7,23.4,37.8,33.3,22.2,16.6,35.6,23.6,23.6,20.8,31.3,29.5,26,27.3,29.1,25.1,22.7,34.4
12.8,20.6,23.2,38.7,26,30.3,25,21.5,28.7,17.6,29.9,24.4,33.6,33.1,28.2,19.8,22.6,17.5,18.4,33.6,12.8,25.8,23.9,23.5,30.4,39.9,33,21.9,17.3,33.8,18.8,23.7,20.4,34.9,29.7,30,26.2,24,30.3,21.2,41.4
14,22.4,24.1,35.3,36,20.6,31,21,28.1,17.4,30.2,24.7,43.2,31.9,29.8,15.1,20.2,16.9,17.9,33.6,13.6,24.1,31.1,25.2,26.3,32.9,31.1,18.9,23.9,25.6,31.4,34.7,23.9,37.5,30.6,21.3,28.7,17.7,32.2,18.9,27.2
12.6,17.8,18,37.3,35.7,19,28.8,22.7,28.9,18.9,32.1,26.3,23.1,32.5,28.2,19.6,21.9,31,16.4,27.5,12.1,23.6,27.5,24.2,24.5,20.7,32.6,17,25.2,34.8,22.4,31.2,18.7,20.3,30.9,28.1,33.6,17.7,31,21.2,40.9
13.3,17.8,16.7,38.7,26.2,21.4,23.9,21.6,28.7,13.6,27.7,28.4,21.1,32.9,28,25.6,24,28.2,18.7,32.4,14.7,22.1,31,22.9,29.5,22.2,31.7,16.4,18.9,39.7,22.2,26.8,21.3,24.7,29.5,23.8,22.2,25.7,31.4,22.8,38.1
13.7,17.9,19.2,38.7,27.4,29.8,34.3,20.9,28,15.1,29.9,29.3,24.8,33.4,28.9,25.7,22.7,35.9,21.9,34.2,15.2,17.3,30.6,23.2,32.2,25.6,34.5,16.7,18.1,33.3,32.5,30.1,28,29.7,29.9,19.7,27.7,32.5,28.3,21.7,32.4
16.1,18.9,20.4,38.7,35.5,15.7,27.3,20.6,29.7,14.6,29,26,38.3,33.6,30.4,19.3,25.5,16.9,17.9,35.3,16.8,22.5,25.6,24.6,28.2,25.8,34.8,20.2,15.7,20,19.5,36.8,26.4,21.7,30,16.5,27.5,16.5,35.5,22.6,38.1
18,20.2,21.5,30.5,32.9,16.3,25,19.6,27.3,17.7,26.7,28.4,38.8,33.4,30.1,19.3,21.3,29.5,22.4,32.7,20.9,21.9,27.5,25.2,25.6,22.6,32.6,19.3,17.6,21.9,24.8,41.7,29.9,32,30,22.4,31.2,22.1,32.1,23.8,40.8
15.6,21.5,20.9,35.1,24.3,22.7,27.3,22.7,29.9,19,29.1,27.9,18.9,30.9,26.1,21.7,23,30.2,17.1,32.5,23.6,22.5,27.8,23.1,23.7,26.6,26.7,24.1,19.7,29.4,26.8,28.9,32.5,24.5,31.7,26.5,32,25.6,36.7,18.3,43.1
13.7,21.2,14.9,38,30.5,30.6,33.2,22.6,29.4,18.3,29.1,27.4,22.4,29.2,28.8,23.4,20.4,26.8,19.6,33.2,25.4,15.3,26.6,20.4,19.2,29.3,31,21.2,28,24,25.5,25,31.6,30.7,31.2,22.3,28.9,20.7,26.7,19.7,31.3
12.5,22.4,16.9,40,36.6,15.5,23,19.6,27,17.7,30.3,26.7,26.1,32,30.9,20.5,21.3,15.4,19.4,34.2,20.2,12.7,29.2,23.1,20.7,31.4,24.5,17.3,16.8,22.7,26.5,28.5,24.6,29.1,32,24.9,31.4,19.4,24.6,21.1,34.7
13.8,22.8,19,33.2,31.8,20.3,19.7,20.7,28.3,17.4,33.9,30.4,38.7,34.1,31.2,17.3,15.4,28.8,19.7,33.3,14.6,11,29.2,23,28.2,28.2,24.6,19.1,18.4,26.2,29.7,25.6,30.8,20.3,31.9,24.7,33.2,34.4,24,36.1,37.4
14.8,22,20.1,32.6,21,24.2,25.5,21.3,28.5,15.4,34.8,30.3,40.3,33.1,31.1,17.1,19,34.1,22.9,31.9,15.6,11.2,28.8,22.6,25.9,23.6,25.8,18.2,29.9,28.8,36.7,27.4,36.5,19.4,31.8,21,26.4,30.7,34.4,25.1,38.8
16.1,21.7,21.3,36.7,24.8,26.1,25.8,24.1,28.2,17,26.2,28,25,32.1,27.4,16.5,22.6,26.6,26.5,31.8,17.2,11.2,28.7,24.3,24.1,21.1,29.2,20.9,16.1,26.6,40.7,28.8,23.5,25.8,29.9,23.2,31.2,32.9,35.6,39.8,38.5
14.4,20.1,22.6,33.1,26.6,27.1,29.6,23,28.3,18.7,28.4,24,20,32.3,27.4,21.5,21.2,22.3,29.6,27,13.8,13.4,26.3,24.4,25.9,25.1,30.4,25.8,16.3,24.3,22.6,31.6,21.5,18.4,30.6,24.9,32.4,21.3,23.3,19.7,28
13.3,22.7,20.1,38.3,26.2,25.3,26,20.4,28.9,19.2,28.4,25.3,28.6,33.3,27.4,25.2,21.6,20.1,32.3,29.3,12.4,15.6,28.8,24,23.3,29,26.9,25.9,18.4,22.3,23.2,37.6,23.5,21.8,31.4,20.9,34.9,21.8,25.3,21.1,30.4
13.3,23,19.7,40,24,16.3,23.5,19.4,28.8,18,32.5,26.1,28.1,33.2,28.9,13.6,18.2,32.4,20.8,29.8,18,15,28.3,24.6,30.1,29,27.8,20.3,29.7,19.8,25.4,22,23.2,23.3,31.4,23.1,33.3,23,26.4,21.8,33.4
16.7,25.4,21.1,32.4,23.4,22.8,25.1,20.2,29.7,15.2,37.7,22,28.4,34.2,29,18.2,19.7,18.2,19.9,30.6,20.6,17.1,26.9,23.9,34.2,34.3,27.7,20.6,22.1,25.4,27.9,34.9,22.1,24.8,33.1,20.9,35.4,27.5,27.8,24.9,36.3
19.2,26.3,24.6,32.9,27.1,15,27.2,18.2,29.9,16.1,40.4,24,24.5,33.6,28.8,14.3,26.1,15.9,17.4,29.2,20.4,16.1,27.3,23.9,38.6,22.8,27.7,22.7,27.6,28,21.5,32.4,23.6,25.9,31.8,27.1,33,18.3,25.5,28.7,35.5
15.7,26.3,29.4,36.4,29.2,26.7,22.1,19.2,29.2,17.9,37.9,25.8,26.9,33.6,29.2,15,26.1,16.8,20.7,29.3,16,14.8,22.7,23.9,21.5,25.8,20.7,25.8,25.3,28.8,22.3,32.8,22.2,19.6,32.8,29.9,39,22.7,24.8,35.4,34.7
15.7,22.2,34.1,39.5,31.1,32.1,28,18.2,29,18.2,28.2,26.5,30.3,30,30.3,14.8,21.9,22,26,26.8,18.4,13.3,20.6,19.6,22.8,29.8,24.7,31.3,24.9,31.8,26.6,30.5,32.2,23.3,30.4,18.4,40.9,32.8,26.9,20.5,34.1
15.4,27,27.8,42.2,31.1,14.6,22.2,17.4,28.3,24,26.6,29,33.6,28.8,29.5,13.9,23.9,32.8,27.9,28.7,25.3,14,21.4,22.7,22.8,35,24.5,22.6,19.5,36.8,27.6,23.8,24.1,26.4,31.3,21.8,28.7,25.9,30.6,21,35
14.5,22.5,22.1,34.5,28.8,19.7,26.6,16.1,29.1,16.9,36.3,30.2,20.3,31.6,28.4,15.2,24.6,17.4,21.1,30.2,29.5,14.9,21.9,24.8,29.1,39.2,23.5,25.9,20.4,35.7,34.5,24.2,28.5,28.4,32.6,23.2,30.5,19.4,26.6,23.2,35.5
15.7,19.8,24.4,36.6,24.6,19.7,30.2,19.4,30.4,20,30.7,22.9,27.5,32.2,26.7,16.6,21.7,23.7,22.1,30.2,20.7,15.5,24.6,25.6,35,40.1,22.2,25.5,16.5,40,18.1,28,25.5,20.8,31.3,14.2,30.4,24.5,18.9,19,41.1
19.1,24,32.4,36,22.1,18.4,25.7,19.3,28.4,20.9,33.3,25.6,35.4,32.7,26,23.7,20.6,27.3,28.2,28.8,21.8,15.2,28.7,25.6,20.7,26.9,23.4,20.2,19,24.9,22.6,29.8,24.9,22,32,20.3,31.7,33.6,23.1,22.3,42.8
20.8,20.9,29.6,34.9,21.2,21.4,33.7,20.9,29.1,27.5,35.8,24.9,37.9,31.7,28.3,18.1,20.5,27.3,34.7,28.7,27.8,17.6,24.7,25.1,23.6,28.7,23.3,30.2,24.5,34.3,25,19.8,33.9,26.2,31.9,26.1,22.1,32.2,26.6,23.8,42.7
18.4,24.1,29,38.1,28.9,30.8,34.4,21.6,29.4,28.1,38.3,27.4,30.3,30.9,28.6,20.5,19.9,27.9,37.5,27.9,16.6,15.2,26.6,25.2,27.2,29.4,22.8,33.2,27.6,38.6,24.7,23.3,26.3,37.1,31.8,29.5,30.9,29.3,31.4,24.2,42
17.4,24.1,27.5,38.9,28.9,30.4,36.6,18.7,29.3,19.8,36,28.3,27.8,32.7,27.7,20.4,28.3,25.9,37.5,28.4,17.3,10.4,28.8,24.5,34.7,31.4,23.2,32.9,29.2,27.1,36.3,21,30.1,35,31.8,34.5,33.6,36,30.6,24.2,21.4
14.3,23.9,29.2,31.2,40.8,18.8,27.7,24.4,27.5,20.2,38.1,29.5,23.4,32,26,13.8,25.4,15.5,22.6,29.3,21.8,14.3,24.5,24.3,19.6,28.8,27.1,33.5,23.8,28.3,26,25.2,30.2,42.8,31.9,24.2,35.4,27.3,24.8,24,30.3
15.2,24.7,24.7,35.3,22.7,17.9,24,25.1,28.4,22.1,29.4,30.3,26.2,32.1,29,17.9,28.1,19,29.4,30.1,31.4,12.8,27.1,24.7,33.4,30.8,28.2,32.4,39.3,26,32.4,19.9,24.7,23.2,32.6,25.5,36.6,27.9,39.6,23.1,36.3
16,23.2,25.2,39.2,29.5,20.1,25.4,22.9,29.2,26.6,33.8,27.3,24.9,32.7,28.6,16.6,29.1,28,31.2,24.7,17.1,15.3,23.3,23.2,38.7,29.4,28.2,21.9,20.7,29,20,17.8,23.3,23.8,32,29.5,31.6,20.1,27.5,34.3,38.2
14.3,20.7,24.6,37.2,38.5,21.3,25.4,21.4,27.6,27.6,35.4,28.3,20.1,32.6,28.9,15.4,32.8,24.7,30.8,23.2,16.3,13.7,25.8,24,36.7,26.7,27.1,20.5,18.5,24.9,22.9,23,25.3,26.7,32.2,22.5,27.7,29.6,28.4,20.9,42.1
14,21.3,26.6,40.5,24.6,25.2,33.9,22.8,26.9,21.1,35.7,24.9,24.9,32.8,29.9,15.8,32.1,19.6,31.7,23.2,18.1,12.4,30,24.3,26.5,32.5,26,22.7,19.7,28.8,25.7,23.9,26.8,33.8,32.5,26.1,25,27.7,29.3,24.8,39.4
14.5,23.2,30.5,37.2,24.7,32.1,19.8,24.1,28.5,8.7,36.8,25.6,23,34.2,30.3,19.4,32,17.7,23.8,28.5,23.7,15.2,28.3,24.7,24.9,25.9,24.9,30.1,24.3,31,34.6,27.3,29.3,39.2,31.4,26.6,29.1,29.4,26.1,24,39.7
16.9,25.4,25.9,35.6,29.2,15.4,33,25.7,27.9,17.1,41.1,33,28.4,31.9,30.6,19.2,23.6,25.5,34.1,27.9,28.2,16.1,26.7,24.2,22.1,26.9,25.7,22.7,37.2,26.9,28.4,30.8,26.9,24.4,32.5,27.8,31.5,36.7,22.6,28.9,35.3
19.9,24.2,25.5,35.6,24.3,31.2,24.5,21.1,29.8,25.1,29.1,27.5,26.5,31.8,26,17.7,27.1,34.2,32.8,25.3,17.8,14,28.6,25.1,23.9,28.4,25.4,22.4,17.8,32.6,23.1,23.1,26.7,27.8,32,22.7,34.4,40.6,24.1,22.4,31.9
20.2,21,27.9,35.6,31.5,33.5,21.3,22.1,30.7,17.1,32.3,27,22.2,31.1,28.3,11.2,21.3,15.9,24,22.8,28.6,11.2,20.4,26.2,32.4,31,24.9,28.4,18.8,25.6,25.9,23.8,27.2,28.5,32.2,26.5,37.2,42.7,27.1,22.4,32.2
14,21.9,28.1,36.4,27.8,29.8,29.8,22.5,30.6,24.9,35.3,27.5,23.6,32.3,28.8,13.4,24.4,18.9,24.3,21.2,24.8,14.4,22.3,25.9,35.4,30.9,26.6,32.9,25.2,26.4,20.7,33.6,32,20.4,31.4,29.9,38.9,39.3,28.7,23.3,37.9
15.8,19.4,21.7,27.9,28.9,30.9,32.8,26.4,29.3,27.2,29.2,27.3,28.2,31.4,27.8,15.8,30.4,19.2,31.1,21.4,26,15.6,22.7,26.6,33.3,32,23,24.2,33.7,28.2,25.2,19.1,23.8,23.4,31.5,32.4,39.8,21.4,23.4,23.8,26.6
14.1,20.5,27.3,30.4,32.3,31.4,36.1,28.4,30.8,30,27.6,27,27.5,31,30.5,14.8,27.1,19.4,25.6,24.8,18.3,10.3,24.6,25,41.4,28.2,17.2,22.5,36.3,30.3,25.3,21.6,25.3,27.8,32.4,27.3,43.2,25.9,26,19.7,33.2
15.1,22.2,27.1,35.4,24.9,25.2,36.3,22.3,28.7,24.6,35.5,27.7,26.1,30.5,30.1,10.6,32.6,19.7,34.8,26.4,19.9,11.3,21.4,27.9,39.8,29.6,20.1,25,21.3,28.4,24,23.5,22,26.7,32.2,29.9,32.2,30.7,29.3,24.4,40.5
20.2,22,21.6,38.3,25.9,16.4,31.9,23,29.4,19.8,35.8,27.8,26.9,32.6,29.2,12.7,24.7,27.6,28.2,28.4,23.6,15.4,23.8,27.9,23.9,34.8,21.4,24.5,23.3,30.9,23.8,26,24.1,26.5,32.9,26.3,27.7,34.7,27.6,23.9,33.2
27.1,23.2,23.4,37.9,30.1,18.7,34.6,22.6,30.4,23.9,33,30,26.4,32.7,28.5,14.8,22.7,33.9,27.1,28.7,16.5,16.1,25.4,27.1,29.4,29.6,23.1,27.2,22.9,30.3,25.7,27.8,24.4,37,31.2,26.2,28.3,21.2,21.6,22.9,37.5
29.1,22.3,29.6,28.9,28.1,25.9,29.1,23.4,30.5,32,29.8,28,30.5,31.4,33.6,15.7,21.9,29.3,25.6,24.9,20.6,14.1,21.8,25.3,32,30.6,22.6,27.7,20.7,30.8,30.4,26.9,25,23,32.4,27,28.5,21.3,22.7,22.9,37.5
19.9,18,32.3,31.9,30.8,29.2,29.9,24.2,30.6,26.5,30.7,30.4,28.2,29.9,29.2,14.8,27.4,32.7,33.4,25.4,31.7,14.7,23.6,26.4,36,32.5,23.4,24.8,20.6,32.4,18.8,23.3,23.8,26.4,32.4,25.1,32.6,24,28.9,22.4,37.8
17.1,19.9,28.3,33.5,29.9,34.8,22.7,22.8,31.2,20,32.4,30.2,21.4,32,31.8,16.3,25.8,18.4,33.7,28,34,13.1,24.7,26.2,36.5,33.6,25,26.1,27.1,29.1,23.3,22.8,25.3,29.2,31.9,29.6,38.5,37,34.7,23.3,41.7
17.4,32,28.2,29.7,32.7,39.4,28.8,22.1,31.5,22.6,34.9,30.3,24.1,31.7,34.1,15.1,30.5,21.2,28.1,27.2,19.1,6.7,23.9,26,24.4,42.2,26.1,23.4,26.9,26.9,25.2,29.7,24.1,24.6,33.1,33.4,34.4,40.1,23.8,24.5,31.3
17.2,22.3,27.5,24.2,38.1,32.3,34.5,24.5,31.3,27.2,38.4,28.5,19.2,31.1,29.6,10.2,27.9,22.3,30.5,28.8,20.2,9.2,21.5,26.3,28.5,28.4,25.9,26.2,37.2,28.5,23.9,25.6,23.1,27.6,32.3,35.7,26,28.1,21.3,24.8,28.7
21.1,25,26.2,21.1,28.5,27,34.3,24.1,30,24.4,42.3,28.1,22.3,31.3,26,13.9,29.6,34.6,27.4,20.6,35.4,12.7,22.4,26.3,33.5,30,15.8,25.6,18.5,29.1,22.4,25.1,25.7,32,32.3,36.6,31.8,28.8,26,31.5,33.4
25.3,22.3,31,33.9,26.7,32,35.9,25.3,29.7,27.4,42.5,27.9,26.9,32.2,29,14.2,27.2,17.8,28.3,22.5,24.7,14.5,23.6,26.1,36.6,31,19.6,24.5,18.5,36.2,24.2,23.1,26.4,25.4,31.9,25.4,32.6,28.2,24.1,29.2,34.3
16.4,23,37.2,35.2,29.2,33.2,39.8,29.1,30.2,30,42.5,28.7,20.4,32.8,28.2,12.1,30,18.2,32.9,22.9,20.5,15,25.9,25.4,37.9,28.7,17.2,26.6,21.1,39.6,23.8,22.3,26.1,26.6,32.5,28,34.1,25.7,26.4,36,43.9
16,20.8,26.6,33.5,29.6,17.6,37.3,28.5,30.5,33.3,31,30.6,23.9,33.6,29.9,15.3,20.4,21.7,37.3,17.8,17.4,10,22.4,26,32.5,31.1,19.2,24.1,31.5,29.7,25.2,16.8,24.3,28.1,33,22.2,34.1,28.4,24.8,19.9,36
16.2,21.9,28.7,33.7,31.4,19.6,25.7,23.9,31.9,29.3,31.5,29.8,20.4,27.5,28.7,17.7,24.4,21.2,41.3,16.6,20.1,10.7,24.9,24.2,27.7,35.4,22.4,30.4,27.1,33.7,29.3,20.1,26.8,20.6,33.7,24.5,24.7,26.6,24.9,22.8,30
20,25.9,33.8,35.1,32.7,24.5,30.5,25.1,31.2,27.9,34.5,28.9,23.7,30,29.2,16.2,24.6,25,42.5,17.6,28.2,4,21.8,26.1,29,32.1,22.2,32.1,30.2,32.1,24.6,17.7,30.4,21.4,30.3,30.1,25.1,35.3,29.9,25,32
22.4,26,21.3,37.1,39.9,30.1,31.2,25.3,31.7,18,37.5,28.6,26.2,28.6,29.9,10.1,26.1,19.6,33.2,20.8,15.7,6.7,25.3,27.3,29.8,34,22.1,30.5,26,32.8,24.8,15.9,24.2,24.9,30.4,31.7,29.1,37.7,24.6,28,35.5
24.7,22,21.8,40.6,27.7,36.6,33.5,24.9,29.6,25.7,40.5,27.4,25.1,29.7,29.6,11.5,28.4,22.6,25.7,20.7,21.6,12.8,23.3,25.8,29.3,33.2,20.2,34.8,23.8,32.3,25.7,20,27.3,28.7,30.5,33.4,22.6,43.8,25.9,25.9,38.9
22.4,23.8,31.6,38.7,29.3,32.8,34.7,23.6,30.4,27.8,36.7,28.1,27.3,30.4,30.5,10.7,27.3,29.9,27,19.4,16.7,10.7,21.3,25.3,29.2,34.1,20.5,36.1,23,33.2,34.2,20.2,28.1,26.5,30.5,26.8,26.4,17.6,27.5,25.8,41.6
24.4,23.8,30.1,24.4,30.3,25.9,22.8,24,30.8,31.4,36.8,27.7,30.4,31.7,29.9,15.3,25.1,37,27,21.6,17.8,9.5,22.4,27,35,35.6,22.7,32.5,21.2,31.3,25.2,23.2,28.4,25.3,37.7,19.2,28.7,25,36.4,24,37.6
31.1,18.5,22.5,26.5,28.3,26,23.3,25.5,32.1,30.2,34.2,27.6,26.5,34.4,30.8,16.8,23.2,26.3,30.2,16.7,36.5,4.1,23.8,25.9,35.8,31.1,22.4,26.2,21,33.4,22.3,22.1,28.5,24.3,34.4,18.2,31.2,32.7,25.7,25.9,40.3
33.4,21.5,29.3,30.1,30.6,25.2,38.7,28.1,31.1,31.8,36.5,27.8,28.3,32.1,29.8,9.4,29.3,19.8,23.5,20,35.3,9.1,22.9,26,36.9,34,20.9,21.8,20.5,32,26.1,17.6,28.8,25.4,33,20.3,34.3,35.8,23.1,24.7,40.1
35.6,23.3,34.1,34,34.5,24,37.3,25.6,32.8,39,37.2,28.2,25.7,33,29,12.3,25.6,19.2,24.6,19,26.5,12.8,23.3,24.8,38.7,26.1,22.7,22.8,21.5,33.4,21.9,17.4,26.3,22.3,32.7,24.3,34.3,35.6,26.7,25.8,40.3
23.8,26.8,33.6,38,33,34.5,28.7,21.6,32.5,26.4,30.6,28.8,35.5,32.4,29.5,14.9,24.9,29.8,28.6,16.2,21.7,4.6,24,26.5,22.3,28.2,22.9,34.8,31.7,33.8,23.9,18.8,28.2,25.8,31.1,30.9,35.9,33.2,27.5,23.2,38.9
21.1,22.4,30.7,39,32.3,35.5,27.2,25.4,31.2,26.7,36.7,30.2,22.4,31.8,28.8,10,30.3,25.9,28.9,20.5,24.8,4.6,24.8,27,28.1,25.4,23.4,36.2,21.9,25.3,31,23.4,29.3,34.6,31.9,33.8,34.8,22.4,21,24.7,27.2
29.7,22.8,30.7,37.1,31.9,31.5,26.9,25.6,32.1,29.7,29.8,27.2,27.9,31.5,30.5,10.8,30.6,28.2,37.4,21.8,17.5,5.7,25.6,24.9,36.8,25.1,20.8,28.6,23.5,28.4,39.7,26.2,29.9,31.1,32.1,35,34.6,23.1,20.2,26.8,31.9
34.7,22.2,31.5,34.3,30.8,20.9,28.5,19.9,32.2,27.9,29.2,25.6,20.7,32.5,27,10.7,28.4,29.7,27.6,21.6,20,-0.1,21.4,25.4,34.6,26.3,21.7,27.1,24.7,30.4,31.5,26.6,28.7,40.6,32.5,38.7,37.3,23.4,26.5,22.9,30.3
29,22,24.6,37.2,34.1,26.8,34.8,22.8,32.2,33,32.6,24.2,24.6,31,28.8,9.8,25.1,36.8,24.3,21.7,24.5,4.1,22.8,26,34.3,27.9,23.8,26.5,20.7,25.6,30,22.4,22.9,20.4,31.9,32.4,30.6,30.9,24.9,24,33.7
19.8,22.2,27.9,34.4,33.1,29.6,35.5,24.3,32.2,22.6,32.6,25.2,27.8,30.9,29.8,12.8,27.2,40.9,36.3,20.3,35.2,3.8,22,26.6,30.1,30.6,25.1,31,20.4,24.8,25.2,18.9,24.4,33.3,31.5,21,27.2,29.9,23.4,24.7,34.1
36.1,24.5,34.8,35.2,27.3,34.2,35.6,29.4,32.5,27.5,32.5,26.2,33.4,31.7,27.9,16.8,26.7,43.1,39.7,17.9,37.3,3.2,22.1,24.8,27.8,26.8,18.8,31.5,22.2,21.5,25.6,20.9,28.8,40.3,32.8,22.3,26.6,29.2,25.8,27,24
21,24.8,33.2,39.5,27.9,30.2,20.3,23.5,31.5,29.4,34.7,26.5,17.6,32.9,29.2,14.8,27.8,39.7,42.7,15.9,32.4,4,24.9,25.4,29.1,26.9,21.8,27.1,27,26.3,25.5,18.4,29,37.8,33.1,25.7,30.7,18.1,27,28.5,24.7
24.6,22.2,34.3,35.9,28.2,30,22.7,23.1,31.3,30.8,35.5,28.2,18.1,31.3,28.4,16.2,26.8,20.9,36.9,14.1,42.8,4.2,20.6,25.9,33.5,27.5,19.4,25.7,22.4,27.2,36,16.5,35.7,26.9,31.9,30.3,33.6,24.1,23.1,24.7,27.6
32.5,36,34.1,31.4,24.8,23.3,29.5,23.4,31.1,22.2,38,27.1,22.4,32.4,30.6,14.5,26.1,25.7,32.2,15.3,22.5,5.1,19.4,26.8,19,23.6,21.3,29.1,22,30.4,25.4,16.3,22.7,26.4,33.5,34.3,34.5,26.1,29.8,24.2,29.2
24.8,20,37.1,38.7,24.9,22.1,30.5,23.1,30.6,22.5,38.2,25.7,26.1,31.7,30.2,14.8,25.7,20.5,27.3,14.6,21.4,7,19.8,24.4,32,27.6,23.3,36.2,22.3,27.5,30.2,17.7,28,26.3,33.6,34.9,36,31.9,21.3,22.8,32.9
19.4,19.5,40,38.8,22.4,24,35.3,24.1,32.3,30.8,39.5,27.6,18,33.5,30.7,16.5,26.5,22.9,38.9,16.6,24.6,8.6,19.2,26,24,36.6,19.4,30.3,23,29.5,26.5,17.7,28.3,24.8,31.6,33,37.2,21.3,20,25,35.9
24.3,23,25.3,37.2,28,27.4,39.2,24.8,31.6,32.6,41.5,24.7,20.1,32.8,28.1,14.3,26.1,27.2,36.3,12.3,28.6,1.7,16.5,26.2,23.6,20.7,19.7,25,25.5,23.7,28,18.6,29.1,31,32.3,26.7,32.7,23.3,23.1,27.4,27.2
24.8,25.9,30,31.9,29,26.5,35.6,25.7,31.9,27.4,35.4,26.8,17.3,32.3,28.5,14.1,22.9,35.2,39.7,12.4,37.3,2.1,17.4,25.5,28.6,21.9,19.1,18.9,24.5,28.3,26.7,14.9,29.1,23.7,32.6,28.8,32.4,30.5,23.9,27.3,26
21.1,18.6,32,35.8,26.4,17,24.8,26.6,29.2,30.2,30.4,31,17.9,30.7,26.2,8.5,19.3,28.2,43,9.6,38.1,4.6,19.4,24.1,32.7,30.6,24.4,21.7,21.7,27.4,28.9,13.3,20.4,23.9,33.2,26.1,33.9,33.4,23.3,27.4,21.9
28.1,19.3,23.1,36.3,27.3,22.7,29.3,29,31.2,30.8,29.5,27.4,17.4,30.5,28.9,15.3,25,24.5,43.4,13,20,2.6,19.1,25.5,32.3,28.8,23.2,25.1,18.1,32,32.6,16.9,20.5,26.5,32.6,26.3,37.5,25.4,22.7,26.4,25.2
28,20.9,25,37.5,28.6,27.6,28.6,33.8,31.4,29,33,26.4,25.9,30.9,29,10.8,25.8,25.6,35.7,16.4,22,3.3,19.9,25.4,29.7,24.8,19.5,27.8,19.6,27.9,23.5,16.8,24.3,27.1,31.7,22.4,37.8,26.5,22.2,27.7,24.1
25.2,21,28.2,38.9,26.8,31,33.1,30.7,28.2,27,35.7,30.1,24.9,33.2,29.2,8.1,23.9,25.3,35.3,17.7,31.3,4.5,20.4,24.7,35.2,25.1,21,29.4,21.5,36.6,24.3,15.8,27.3,26.7,31.2,22.8,35.4,27.5,19.8,24.5,27.2
23.6,21.5,36.6,39.7,25.5,33.1,25.1,25.1,29.8,24.6,37.1,27.3,17.7,32.8,29.1,10,25.6,23.4,37.3,15.9,38.1,6.3,20,25.2,31,28.9,21.7,26.1,17.6,21.2,22.4,14.9,26.1,30,32.2,24.8,37,29.9,24.3,24.9,32.4
28.2,21.8,37.6,41.3,36,29.9,23.8,25.6,31,22.7,38.2,24.7,18.8,31.7,29.5,13.5,20.7,22.8,26.6,14.8,39.9,6,19.4,26,31.6,24.4,21,26,20.2,21,20.3,13.2,26.6,27.9,32.3,21.4,37.9,35.4,22,26.3,29.2
20.9,25.6,33.6,36.9,22.1,28.2,25.6,27.4,31.1,26.7,39.4,26.2,18.6,33.9,28.5,11.7,21.8,38.3,30.5,17.4,25,8.7,19,27.3,23,26.8,20.5,29.7,24.3,26.3,24.7,15.1,26.5,36.9,35.7,24.7,36.9,26.3,19.3,26.2,28.6
22.1,20,23.1,33.9,27.7,27.5,16,28,25.7,29.7,39.5,25.8,17.3,31,29.4,13.4,23.8,43.6,35.4,15.1,21.5,9.8,16.2,26.5,23.4,28.6,20,23.8,23.5,25.8,29.5,12.4,24.3,26.5,34.8,24.9,36.7,27.9,21.9,26.3,35.5
28.3,24.6,23.7,38.1,24.1,31.2,28.1,26.9,28.9,29.2,41.5,25.8,17.7,31.9,29,12.8,26.8,19.7,36.7,14.1,29.6,5.4,23.3,24.7,28.5,26.8,18.7,30.3,31.7,25.6,19,16.2,32.1,24,34.7,31.5,35.7,18.7,20.7,25.5,22.9
35.8,17.4,22.9,38.5,29.5,33.2,23.6,27.6,29.8,35.2,36.7,24.8,21.3,32.1,28.8,11.2,20.4,36.5,38.9,17.8,28.6,5.2,19.3,24.6,24.5,21.5,15,33.9,18.4,28.8,19.5,13.5,25.9,26.7,33.3,31.7,28.8,21.7,25.8,23.8,23.6
27,19,28.1,38.1,25.9,22.3,34.2,26.5,34.6,34.7,35.6,24.9,17.4,32,27.9,8.1,24.5,33.5,33.8,19.7,23.1,4.8,19.4,24.6,33.9,24.2,17.2,38.7,21.4,29.7,20.6,15.6,28.2,26.7,31.4,29.1,34.8,22.8,17.4,24.1,26.6
31.3,20.1,28,41.2,26.9,23.7,34.2,27.2,35.3,29.6,37.1,24.4,18.2,32.2,25.2,12.8,27.8,31,34.1,21.1,25.6,5.9,20.7,24.6,39,25.5,17.1,41.7,20.2,24.7,26.1,15.9,28.6,31.1,33.2,32,29.8,22.5,19.3,23.7,24.7
35.7,20.7,31.7,41.1,28.8,18.5,34.6,29.3,36.1,28.3,39.4,25.5,21.2,33,26.4,14.2,25.3,27.5,28.1,17.6,33.4,0.6,18.9,24.6,37.3,24.7,17.7,36.9,21.2,25.8,23,13.7,28.1,31.1,32.7,32.2,30.5,31.2,19.8,24,24.7
37.4,20.1,43,42.6,26.4,23.8,34,27.3,31.8,27.6,37.7,25.6,25.6,31.3,27.2,15.2,28.4,23.7,31.6,13.4,33.8,0.4,19.5,23.8,31.8,23,18.4,32.2,19.6,27.4,21.7,16.1,28,37.8,36.8,28.9,22,31,16.6,23.3,27.2
37.4,25,25.2,40.9,24.5,22,34,24.3,32.3,22.5,38,23.3,30.6,35.4,27.1,13.2,27.5,22.6,33.5,11.8,21.2,1.4,17.9,24.5,25.2,26.2,17.6,37.4,22.1,27.4,20.2,15.8,27.8,27.5,32.7,26.4,24.4,41.2,18.1,23.3,28.3
20.9,20.5,30.6,35,25.1,29.4,34.8,25.4,32.6,23.7,37.4,24.5,17.9,33.9,26.4,9.7,24.4,23.7,32.3,17.8,22,-3,19.5,24.7,26.5,26.3,19,34.9,22.4,20.4,17,18.3,27.6,28.5,32.9,25.2,24.6,32.6,20.1,26.9,29.3
23.2,22.9,33.5,36.2,25.5,27,26.8,28.4,33,25.4,37.6,23.9,16.8,32.3,27.9,14.6,23.2,22.3,31.2,23.9,27.7,-1.3,17.6,25,28.1,25.8,20.8,35.5,22.2,24.1,17.3,18,27.6,30.2,29.1,28.6,26.3,25,20.3,21,25.9
28.9,20.1,40,38.5,29.4,31.1,23.1,30.7,32.3,27.4,36.4,24.2,18.5,32.5,27.7,14.5,27.3,28.9,41.1,25.2,34.5,0.1,17.5,24.3,31.2,22.3,19,25.9,23.5,25,16,17,26.8,31,29.4,30.3,26.8,24.5,18.7,20.7,28.7
19.5,20.5,38,39.1,26.2,26.7,25.8,22.3,32.6,25.8,38.4,25.8,20.8,32.8,27.1,11.3,26.7,19.1,41.1,22.8,37.7,0.4,13.3,25.6,34.8,23.6,19.8,27.6,22,27,22.8,16.7,25.6,30.4,31,30,26.7,26.4,16.9,20.4,31.7
21.5,20.2,28.1,39.1,24.2,21,28.7,24.1,33.4,26.7,30.4,27.3,26.7,33.4,27.4,12.5,26.8,22.8,44.5,12.7,30,2.9,16.1,23.7,36.3,23.2,18.3,26.9,22.2,27.7,22.4,17.2,27.4,30,29.5,32.7,28,34.4,16.5,21.6,21.4
23.6,19.9,31.3,38.8,26.8,24,28.6,25.2,33.2,27.6,24.8,25.6,20.5,34,26.6,7.2,25.6,20.6,27.8,16.5,30.8,5.4,15.7,23.2,32.9,23.9,16.5,31.4,21.6,25.2,20,13.4,27.6,29.9,30.9,35.9,26.2,37.4,20.2,23.6,30.3
19.7,21.3,33.2,36.9,24.3,25.5,26.3,29.5,32.9,28.3,29.9,26.2,19.4,36.3,25.8,11.7,22,25,32.2,19.2,28.2,3.8,17.8,23,35,25.6,18,34.1,31.3,28.3,20.1,14.8,27.5,30.4,31.4,36.9,27.4,26.9,20.4,24.9,31.3
21,26,32.8,34.5,22.8,30.6,31.3,30.5,32.8,29.5,27.5,26,22.4,34.4,27.1,12,24.3,32.4,39,17.1,23,2.9,16.5,23.9,38.2,26.6,18.1,38.6,20.9,24.6,28.1,17.3,27,29.8,30.5,32.3,26,30.8,22.6,24.5,26.4
28.3,24.4,34.2,29,24.3,35.1,34.3,29.3,32.4,31.9,21.5,24.6,15.2,33,26.9,13.6,17.9,21.3,31.9,16.3,33.3,1.9,16.2,24.1,31.2,25,15.2,31.3,18.9,26.7,16.4,13.5,27.9,31.7,26.8,25.2,24.1,39.9,20.6,22.9,30
34.8,22.6,25.7,34.5,26.7,30.3,41.3,33.3,31,31.1,24.3,25.6,17.6,32.3,23.5,17.4,18.2,32.5,30.1,16.2,17.8,2.6,18.6,22.5,38.6,25.3,19.7,23.9,23.5,26.4,19.3,14.3,30.9,30.9,31.5,25.5,24.9,31.6,19.3,21.7,20.5
38.5,17,31.7,34.8,24.3,35.8,38.4,25,31.9,28.7,27.1,26.6,16,32.3,26.6,8.4,21.8,24.3,32.1,22.5,25,3.2,16.6,23.6,25.6,21.2,21.5,25.9,18.5,26.4,20.2,11.9,25.4,29.6,31.1,33.1,26.3,21.3,19.9,24.6,23.1
26.4,19.2,24.2,34.9,27.8,26.8,30.1,25.9,31.1,18.3,27.7,24.8,16.3,31.9,26.9,13.2,22.5,26.1,37.8,24.1,22.2,8.5,17.7,21.5,26,23.8,18.1,28.4,19.4,23.1,20.1,13.3,31.2,29.9,31.3,33.7,30.2,29.9,17.5,22.4,27.1
26.1,15.5,28.1,32.8,21.2,37.9,36.8,26.6,32.3,24.2,29.3,25.4,21.3,33.2,26.7,13.1,23.1,25.1,30.7,12,29,7.7,14.8,22.4,29.4,24.4,17,30.4,28.9,23,23.2,15.4,28.7,24,30.5,32.2,33,23.5,16.5,25.3,21.1
26.3,17.2,24.2,35.1,23.1,19.7,37.8,26.5,31.7,25.2,31.8,23.8,18.8,33,26.3,18,20.8,27.7,23.6,17.9,24.3,7.7,16.9,22.4,25.4,26.6,18.3,36,35,24.5,26.5,20.1,21.9,21.6,30.8,34.8,23.2,21.6,16.9,21.9,20.6
23.7,16.2,26.1,35.6,24,27.2,39.2,28.1,31.9,23.6,29.5,25,20.7,35.6,27,9.6,20.1,23.6,23.4,19.1,22.8,7.4,18.6,23.1,31.2,22.6,18.1,33.9,16.6,24.5,20.8,23.1,24.5,20.3,31.4,33.3,21.8,28.5,17.7,22.2,18.8
37.2,19.6,29.8,37.7,24.8,29.6,39.3,26.7,31.8,25.7,27.7,25.9,17.7,35.1,27.1,13.2,21,22.3,35.6,20.9,22.8,8.6,20.7,21.4,33.5,20.7,18.3,33.8,17.7,25.4,18.4,16.6,24.4,25,32.2,34.4,24,32.1,17.7,27.1,18.6
36.2,16.4,29.9,39.1,22.1,21.7,39.3,27,32.7,27.7,27.2,25.2,15.8,33.5,27.1,11.6,21.5,28.1,28.2,21.2,27.3,-2.2,16.6,22.3,21.9,20.9,18.3,34.4,24.6,24.3,27,14.9,29.9,29.4,32.3,32.1,24.2,33.5,18.4,28.2,21.1
41.1,15.5,30.3,34.9,20.3,29.9,36.4,30.9,33.8,30.8,22.5,24.8,18.2,33.9,28.4,8.8,18.9,30.6,31.1,21,33.3,-2.5,19.2,22.2,23.5,20.3,18.8,26.1,20.6,22.3,22.3,15.6,28.9,25.4,31.9,33,26.8,18.4,19.2,20.2,23.7
42.9,20,32.8,32.8,20.5,30.8,25.6,33.3,32.3,34.4,24.8,24.3,19.8,33.9,25.2,11.9,22.1,29.6,34.5,25.4,27.4,-1.1,24.1,22.4,25.4,18.8,17.2,23.1,19.4,26.2,20.4,15.5,31.4,26.3,32.2,31,29.3,17.8,15.6,20.5,24.8
40.8,23.9,35.2,36.1,18.2,15.9,31.2,29.9,34.4,23.1,24.7,25.2,17.9,30.9,25.6,15.8,17.5,29.9,37.7,16.3,26,-1.8,18,22.4,23.5,16.8,17.1,27.7,18.9,27.3,25.5,12,23.1,22,31.3,24.1,26.7,24.1,15.8,22.4,23.1
43.2,19.8,35,37.1,15.8,14.6,32.8,31,34.8,29.4,29.2,26.1,16.7,31.2,26.2,12.8,18.1,25.1,37.4,17.8,26.4,-0.1,13.6,23.3,21.7,19.6,23.1,32.3,18.4,23,26.4,14.3,24.4,27.8,30.6,29.2,25.3,23.8,18.7,24,22
23.5,20.6,35,36.8,19.2,18.8,28,31.1,31.4,26.3,31,24.7,16.7,34,26,15.8,20,24.2,38.9,20.2,26.5,-0.3,17.7,22.4,20.3,17.7,27,35,16.5,21.7,26.8,15.9,26.5,27.1,31.2,23,25.1,21.7,11.5,20.4,24.6
24.3,19.8,34.9,34.3,18.4,20.4,30.6,30.4,32.6,27.2,30.1,22.3,19.4,34,27.2,14.8,19.3,23.9,37.3,23.1,30.5,2,19.5,21.5,19.2,18.3,20.6,36.8,16.9,21.7,19.1,15.2,27.6,24.3,31.9,24,26.8,21.1,14.8,23.1,25.8
34.5,19.5,37.7,35.6,16.5,24.8,31.3,31,31.6,24.1,34.2,19.6,18.7,34.9,26.6,16.4,19.9,25.1,39.6,22,26.4,3.3,19,20.9,18.9,17.6,20.1,34.4,20.6,17.3,19.4,18.7,24.8,24.3,27.6,19.8,25.8,20.5,16.3,24.1,19.2
39.1,21.8,28.9,39.5,17.9,27.4,18.7,31.8,31.8,29.3,35.8,19.5,12.6,33.2,26,19.2,19.2,34.5,29.5,23.3,22.2,1.9,18.8,21,23.7,19.1,18.4,40.1,17.5,18.7,18.1,21.6,24.7,34.7,30.5,19.8,24.2,20.6,16.1,24.2,22.4
37.2,16.5,26.3,26.5,18.5,20.9,18.9,31.3,36.6,32.5,27.2,19.6,14.1,32.5,26,22.6,19.4,37.3,27.7,22.4,22.2,1.5,18.9,21,27,19.3,16.2,42.6,20.9,19.8,15.8,19.1,23.9,20.5,29.8,20.8,24.1,18.1,17.3,20.7,16.7
25.9,20.4,26.7,28.7,17.7,19.6,22.8,27.9,37.9,29.6,27,20.4,11.6,34.9,20.6,26.9,23.1,26.4,26.7,18.2,21.3,3.9,19.8,22.4,16.4,20.6,17.3,42.5,23,18.1,24.2,15.5,24.1,21.7,30.6,20.9,24.2,23.4,16.1,23,18.5
29.4,17,31.2,35.2,20.6,16.8,25,25.6,34.5,30.2,28.6,21.2,13.2,32.8,23,17.7,21.4,39.2,31.4,18,23.7,2,17.5,20.4,21.2,21.4,18.8,35.2,16.6,18.5,18.2,13.6,25.3,28,30.6,25.1,26.6,26.8,17.3,23.6,17.4
34.4,17.6,35.4,35.7,22.2,18.2,26.6,28.4,34.4,29.3,27.4,19.2,13.9,33.9,24,19.3,19.6,23.9,31.7,16.1,22.5,2.2,17.6,19.9,21.9,21.1,19.5,31.4,17.2,19.7,18.4,13.4,20.1,24.1,30.1,26.1,27.5,20.1,15.5,19.4,21.4
35,14.3,40.9,38.6,21.3,16.6,24.2,29.1,35.4,32.9,25.3,21.8,14.8,33.4,22.4,20.4,18.3,30.7,28.6,17.8,29.4,4.8,17.4,20.4,21.6,19.6,21.3,31.6,19.2,19.9,21.1,13.8,25.9,21.5,31.1,25.7,27.3,20.9,16.2,20.4,20.6
26.6,18.2,36.4,30.3,19.7,23.1,22.3,29.8,34.1,22.7,29.1,21.6,16.6,34.4,22,10.6,15.1,20.2,41.2,19.3,19.9,6.4,18.4,20.5,25.2,17.4,21.6,31.9,17.5,20.8,20.3,16,22.3,23.5,31,22.8,24.2,24.2,16.6,21.2,20.6
29.3,17.3,31.2,33.3,16.9,17.5,21.5,30.7,31.7,27.4,29,27.9,15.8,34.5,21.1,12.7,17.9,28.3,41.6,21.6,23.1,2.9,21.7,20.4,21.9,19.2,18.7,34,17.9,22.4,22.9,16.4,22.2,26.3,30.7,21.9,19.9,29.4,15,22.1,17.4
31.8,20,33.1,32.8,20,18.2,23,30.8,31.5,29,29.5,22.6,15,33.7,21.3,17.5,17.3,21.7,33.2,22.7,24.4,3.9,24.9,21.3,18.7,20.8,17.6,39.5,19.4,21.2,21.5,14.9,22.4,21.7,31.3,23,22.1,15,15.5,23.3,19.2
30.2,21.6,33.4,28.2,20.4,23.4,25,32.3,32.6,30.1,27.2,20.4,14,34.8,19.5,14.8,17.7,24.1,31,20.9,27,6.8,20,21.4,25.1,20,15.5,31.7,21.4,20.4,21.1,14.8,22.7,22.1,31,23.3,17.4,18.3,16.7,25.1,17.9
30.9,14.8,32.3,27.4,18.5,13.4,21.1,32.5,32.1,24,28.9,19.8,14.8,34.9,26.9,12.4,14.9,20.1,32.5,23,32.1,4.2,19.2,20.9,29.3,17.3,17.1,31,16.6,18.8,19,16.9,23.5,27,30.4,25.4,20.4,19.3,18.7,21.4,18.4
31.1,13.8,35.1,27.6,17.8,15.6,25.2,29.1,33.9,24.3,29.4,22.2,14,34.3,24.8,13.7,18.5,27.8,36.9,22.6,26,8.4,19.5,20.8,20.9,18.6,20.6,33.8,18.6,22,20.8,19.4,22.2,21,30.3,24,24.3,22.3,16.7,25.3,17.1
37.6,13.2,37.2,30.4,19.5,15.4,16.4,29.9,32,26.9,31.7,23.2,15.1,34,21.7,18.9,16.6,31.7,41,18,26,7.5,18.5,21.1,17.7,15.5,20.3,26.7,22.3,22.2,17.4,16.3,22.4,22,30.9,28.1,15.4,23.9,17.2,22.7,17.9
39.8,19.6,35,30.8,18.2,20,20.7,27.3,32.4,29.7,27.7,21.3,12.6,33.6,22.9,26.7,15,20.4,38.7,20.4,27.7,-1,21.8,19.2,18.1,19.5,19.2,25.4,29.4,19.3,22.2,17.6,24.2,21.9,30.9,22.6,20.8,21,17.6,23.4,17.9
35.1,16,37,28.9,16.2,18.1,22,29.7,33.6,28.6,25.4,22.2,14,34.7,22.8,29.1,17.9,19.4,41,22.6,26.8,0,22.6,19.9,22.9,18.1,19,29.4,16.2,19.5,15.8,25.1,31.7,23.2,31.4,19.1,22.1,20,13.9,22.7,17.4
25.7,17.6,38.5,30.9,14.7,18.7,22.5,28.6,34,31.4,29.3,19.7,15.7,34.4,22.1,22.2,18.1,22.7,42.1,23.9,27,0.3,23.9,20.6,27.7,15.8,23.9,37.4,17.7,18.1,16.2,13.4,23.7,27.2,31,24,20.9,19.9,13.3,20.8,17.2
35.9,14.8,37.1,34.3,12.2,23.2,22.4,30.1,30.8,30.1,23.5,22.9,13.2,36.9,19.7,29,16.6,29.4,41,21.1,26.7,2.4,23.7,20.9,28.3,14.8,27,39.2,17.3,18.7,13.5,15,28.6,26.9,31.4,21.9,18,25.2,15.7,23.8,22.3
34.3,14.9,38.3,31.8,16.1,24.7,21.7,31.2,30.9,24.5,22.2,20,13.7,35.3,21.6,31.7,15.6,21.9,40.8,18.7,34.3,0.6,18.8,20.4,22.6,13.1,32.1,27.6,27,16.6,14.7,17.4,17.7,23.8,31.3,24.1,18.7,27.2,16.5,19.6,18.2
36.7,15.7,36.8,30.2,18.6,18.4,22.9,30.6,30.6,24.2,22.1,25.1,14.7,35.4,18.9,17.8,15.7,20.3,37.6,19.7,24.7,4,14.5,19.4,16.9,16.9,21.7,25.5,19.1,14.7,16,16.2,17.9,26.9,31.6,26.1,17.6,28.3,16.2,23.1,16.9
29.9,18.6,32.3,25.8,13.3,16.8,25.9,28.1,31.5,30.3,24.5,18.5,14,35.1,23.4,16,16.5,19.5,30.2,18.5,26.6,6.9,15.3,20.5,18.8,17.9,21.2,26.1,19.4,14.5,15.4,12.1,23.8,25.8,30.5,19.6,19,23.7,14.3,22.3,13.9
30,14.4,34,28.8,16.1,21.5,27.5,28.4,32.7,31.8,26.3,19.2,14.1,33.7,18.1,15.7,15.7,19.7,35.2,18.4,21.6,9.8,14.6,20.9,18.4,17.1,17.3,32,21.9,12.9,13.2,13.6,25.9,25.1,29.8,21.8,24.1,17.9,12.5,22.6,15.2
33.3,16.5,35.2,32.6,17.6,24.7,25.8,32,30.8,32,25.8,19.5,10.6,33,18.5,17.8,17.8,24.3,36.8,19.7,24.7,11.3,18.6,20.5,16.8,15.9,18.6,28,15.3,17.1,13.7,15.2,20.9,21.8,28.6,23.4,15.8,24.7,14.9,22.1,15.9
33.1,14,30.8,35.4,14.3,26,21.2,31.2,32.2,23.4,21,19.8,12.7,34.6,21.3,11.3,14.3,27,32.2,20.3,20.6,14.9,19.4,18.1,23.7,17.3,17.8,29.8,14.8,17.4,15.2,20.2,18.9,23.4,28.1,25.7,14.6,25.8,15.4,26.8,13.2
25.9,15,21.1,29.4,16.1,21.7,26.3,26.5,31.5,29.6,21.2,18.3,12.3,34.8,20.9,16.4,13.1,19.8,34.5,22.3,32.5,13.4,21.1,18.6,16.5,18.5,26,31.3,16.3,17.2,14.9,13.7,20.9,25.2,29.8,18.7,12.7,25.2,13.6,22.3,15
19.5,16.8,24.2,31.6,17.3,17.3,26.5,29.8,26.8,23.9,18.5,20.5,13.8,34.9,21.8,21.4,12.4,23.8,31.5,19,17.3,9.6,18,19.8,16.4,16.9,23.8,33.6,21.1,17.6,13.4,17.2,21.7,23.7,29.4,23,13.9,26.4,15.3,21.8,14.8
25.3,17.6,25.2,27.8,17.8,21.2,25.3,29.9,31.2,20.9,17.3,19.7,14.9,34.6,21.6,31.2,12.4,29.2,35.1,19.7,18.9,10,20.4,19.8,19.7,19.4,19.1,34.5,17.3,16.8,16.8,19.9,23,25,29.3,24,12.9,20.5,18.3,22.6,13.7
22.9,15.5,25.1,23.7,18.8,22.7,17.8,30.8,32.9,20.3,24.7,18.3,14.2,34.5,21.6,16.5,11.7,18.6,35.4,21.8,18.2,4.5,20,19.7,21.8,14,20.3,37.3,18,17.9,15.7,15.1,21.8,26.4,30,23.5,11.1,23.5,18,20.4,16.2
24.1,17.6,28.4,23.6,20,23.4,20.2,30.1,31.5,22.8,23.3,22.5,10.5,35.5,17.8,15.9,14.4,20.1,23.6,22,23.5,7.5,21.3,19.9,19.9,17.2,23.1,31.1,15.5,19.4,12.4,16.2,27.5,28.9,29.1,24.2,13.2,17,15.7,22.1,15.8
29.5,18.5,26.4,17.9,16.7,23.8,22.9,26.8,31.4,23.6,23.5,19.7,13.4,35.3,22.8,22.7,15.2,23.5,23.6,19.3,19.6,10.2,23.9,19.5,21.4,16.7,31.5,31.2,16.9,20.1,14.1,17.2,20.3,22.4,30.4,24.2,16.9,20.3,16.7,20.7,15.4
33.1,18.5,27.4,18.8,18.9,19.3,24.5,32.5,31.8,21.3,24.4,19.1,15.4,35.7,23,14.8,18.2,20.7,27.5,23.2,19,6.4,21.6,19.5,17.8,17.4,22.6,34.7,21.1,14.6,14.8,21,21,21.2,30.3,23.2,17.7,20.7,13.7,19.1,16.1
31.3,13.1,30,21.3,20.4,15.4,25.6,30.7,32.4,26.2,19.7,20.3,13.4,34.5,22.2,16.7,14.6,19.4,29.9,18.1,17.7,1.1,20.5,19.6,18.8,24.3,23.2,29.8,17.2,16.9,14,30.9,21,23.7,28.4,20.5,12.8,24.9,13.9,20.1,15.4
29.5,13.5,26.5,28.4,24.4,11.6,26,30.4,31,26.6,25.3,22.6,13.2,32.7,22.7,16,15.8,19.7,32.1,21.4,16.9,3.5,21.1,19.7,24.7,16.6,26.1,23.7,19.6,17,15,15.2,21.2,28.3,27.2,17.9,15.5,20.3,13.6,17.2,13.7
34.7,13.5,26.4,28.8,25.7,15.1,26.9,31.4,32.2,25.5,18.8,16.7,14.6,36.4,22.3,22.8,13.7,28,27.1,24.7,19.5,3.7,21.4,20.6,19.6,20.8,27.6,26.5,14.6,19.5,17.2,19.6,22.5,22.3,28.8,22.2,12.1,17,14.2,15.4,13.9
32.2,17.2,22.5,27.4,14.4,19,17.4,30.9,32.6,16.5,17.3,14.8,13.7,34.3,21.6,17.2,11.1,28.7,24.2,21.2,19.6,7.5,18.4,18.9,15.1,25.5,22.3,24.6,17,24.9,13.2,14.5,17.3,21.7,29.1,15.7,11.8,20.7,16.5,18.6,15.7
24.8,15.8,24,22.5,17,23.1,16.7,31.1,33.1,16.6,13.3,17.2,13.9,33.7,21.5,16.4,12,20.7,24.9,24.5,22.9,8.1,21.9,18.6,15.4,16.5,24.1,26.9,16.6,25.2,16.2,14.7,19.3,21.8,29.3,16.7,15.3,21.6,16.5,17.3,14.1
24.3,14,24.9,26.2,19.3,22.6,18.8,26.4,31.9,23,14.2,22.7,11.7,33.5,18.8,18.3,14.2,19.3,28.3,30.4,25,4.5,19.1,19.3,14.3,14.4,27.5,22.4,18.5,16.4,15.3,14.1,20,18.6,30,16,13.6,19.8,17.2,16.3,16.4
24.4,13.5,27.2,23.7,18.1,17.2,20.2,28.3,32.2,19.2,15.9,23,7.9,34.3,17.8,28.8,13.1,27.6,24.3,31.2,20.2,10.1,19.1,19,13.3,17,24.8,23.2,15.2,19.3,16.3,15.1,20.8,18.9,31.7,19.9,13.5,19.2,19.4,15.9,19.7
26,12,27.6,31.8,18.5,16.1,23,28.6,32.2,16.6,15.4,25.1,11.4,33.5,21.7,13.2,13.7,28.7,26.4,20.6,17.2,3.8,22.1,18.5,17.9,18.9,23.7,26,13.1,25.7,9.6,21.5,20.5,18,30.5,18.6,12.8,17.5,17.5,17.4,23.9
27.5,15.2,28.5,27.6,19.3,13.3,18.1,29.9,32.2,15.7,12,18.8,13.1,30.4,22,25.1,14.4,24.8,20.6,23.9,17.6,9.5,20.1,18.9,15.6,17.8,21,33.9,11.7,14.2,11.2,14.1,19.3,16.5,27.4,19.4,15.1,17.4,13,17.8,26.8
25.9,16.5,26.1,29.7,20.6,13.7,17.6,30.5,28.7,18.9,16.4,26.3,13.3,31.9,24.8,18.8,11.6,16.5,20.6,27.2,20.2,2.6,24.3,20.8,15,20.1,21.8,26.3,13.7,17.4,12.8,17,25.4,16.8,29.8,20.4,16.2,19,15.6,20.7,15.9
37,21.4,27,32,14,17,19,32.7,30.9,20.6,15.1,27.9,13.2,31.3,26.9,14.7,11.5,21.1,24.6,28.8,19.3,1.5,19.5,21.8,14.7,18.1,33.2,22.1,14.6,18.3,16.8,23.7,21.8,20.2,29.3,15.5,13.9,16.9,15.6,19.8,17
39.5,17.2,22.4,21.2,19.4,17.7,20.4,30.1,29.4,22.1,16.9,18.7,15,32.9,28.9,26.6,14.5,25,25.3,21.4,17.8,9.7,20.1,21.1,13.5,19.3,32.4,27.4,15.6,18.9,15,29.3,19,19.4,25.9,16.5,17.7,11.5,17.8,16,15.7
37,14.7,22.7,27.2,25,18.3,20.2,31.8,31.4,20.8,17.9,20,12.9,32.6,22,32.5,12,25.7,24.1,22.2,18.5,13.1,21.7,19.5,13.5,20.2,33.2,24.6,14.9,20.4,16.3,16.3,20.3,21.7,28.1,19.6,13,13.2,16.7,18.8,19.6
24.9,14.7,24.3,24.1,19.4,17.7,18.2,29.4,32.1,21.9,15.5,18.2,17,30.3,23.6,17.7,11,23.8,24.7,26.4,21.8,15.3,26.1,19.1,15.9,14.6,33.4,26.5,14.5,15.5,17.3,17,19.5,23.1,28.8,21,15.1,13.6,17,19.9,21.8
25.4,14.7,23.4,23.2,17.8,15.6,17.6,30.8,31.3,26.6,14.3,19.6,18.3,30.5,24.9,14,11.8,23.6,26.8,32.8,16.9,15.4,23.8,19.2,13.6,17,31.8,23.6,15.2,15.5,10.9,16.1,19,18.2,29.8,12.3,12.9,14.6,15.1,22.6,22.7
34.8,14.7,20,18,19.6,14.8,16.9,35,27.7,22.7,18.1,19,15.1,31.3,23.6,19.5,13.6,17.6,30.3,31.1,19,6.5,26.1,19.7,13.6,16.5,22.1,25.4,12.9,14,12.9,12.8,21.6,22.2,27,12.1,8.9,16.7,15.3,19,14.2
33.6,15.5,16.9,24.7,19.8,12.9,16.9,36.2,30,16.8,19.6,21,11.5,30.9,20.7,14.7,12.4,19.6,23.2,31.1,20.9,3.9,23.7,20.7,14.3,18.3,20.6,23.5,12.5,16.6,14.9,24.1,21,20.6,27.5,13.3,6.6,16.8,12.7,16,15.5
33.2,17.5,22.2,21.1,20.4,13.7,16.4,27,29.8,13.8,20.6,22.5,9.7,27,19.4,18.5,13.6,17.2,30.1,32.1,31.4,4.2,32.6,17.9,11.8,18.8,22.5,25.9,14.5,15.8,14.2,19.1,19.2,20.8,25.1,13.8,14.3,15.9,17.2,19.6,16.5
38.7,18,17.5,29.6,22.5,10.8,15.5,28.6,29.5,18.4,17.7,23.6,12.4,28.8,20.2,21.9,14.9,25.1,33,26.3,16.3,7,19.9,17.1,19.8,17.9,23.6,32.7,14.8,16.4,17.3,21.7,15,20.4,26.4,13.6,12.3,12.7,16.3,21.5,18.9
30.7,18,20.3,26,23.9,10.1,15.9,30.4,26.9,23.4,14.3,18.1,9.6,30.4,21.4,22.7,14.4,21.3,27.2,25.3,18.5,12.5,19.8,17.4,14,20.1,22.1,24.5,12.8,18.9,14.8,24.2,15.9,20.9,28.2,14.8,12,13.9,16.3,18.7,21.4
37.1,14.5,25.2,17.6,23.3,8.9,14.6,31,29.7,17.8,12.9,18.8,11.6,31,21.3,25.8,11.7,16.6,21.9,27.1,26.6,13.5,20.9,17.5,14.8,18.5,27.4,23.2,12.2,19.4,10.7,29.8,16.6,19.3,27.7,14.4,17.4,14.4,16.1,20.4,22.4
30.3,14.5,24,15.9,17.5,13.3,13.2,30.6,30.5,16.5,15.2,20.8,14.9,30.4,21.8,21,15.1,16.8,28,31,27.8,13.3,23.6,17.7,12.4,20.1,31.7,24.6,14.9,24.9,14.1,31.6,18.4,20.9,29.5,11.5,12,12.9,18,18.5,18.2
31.4,14.5,18.2,17,16.7,15.4,13.5,34.3,31.3,17.9,15,24.3,15.6,32.3,24.5,22.2,15,21.7,28.6,33.9,27,4.3,26.7,18.4,11.5,20,23.6,25.1,16.1,18.6,15.7,18.6,21,19.5,27.8,13.7,14.1,14.6,15.9,17.3,20.8
30.8,14.5,18.3,16.8,12.4,14.5,12.9,33.8,30,16.6,12.6,20.1,13.9,32.9,24.4,24.1,14,21.5,27.9,38,20.1,3.8,22.2,19,11.9,20.8,23.8,25.2,13.7,20.3,15.1,17.8,22.6,13.6,25.5,14.3,8.9,13.9,17,19.5,19.7
26.7,14.5,17.3,21.5,20.9,11.5,12.4,32.6,28,17.1,11.1,19.8,13.3,32.1,23.5,13.3,15.6,21.1,21.3,26.7,20.4,7.6,25.2,18.4,13.6,17.9,25.1,26.3,13.4,19.6,15.4,29.1,14.6,16.1,25.6,11.4,10.7,14.8,15.1,18,20.8
33.3,16.4,15.8,26.6,23.5,11,15.4,32.3,29,23.3,14,21.8,13.4,32.9,22.5,17.5,15.6,21.3,26.8,31.8,17.9,10.1,23.1,17.2,12.4,19.7,27.7,29.6,12.1,21.1,15.9,19,19.4,17.8,22.8,14.4,12.7,16.9,17,18.5,22.8
23.6,20,17.2,27.4,22.4,11,15,31.8,29,21.5,14.8,21.7,14.8,33.2,23.1,21.7,12.9,18.7,19.7,30.5,15.6,13.3,24.3,18.7,10.8,18,25.1,27,10.7,23.2,16.7,26.9,16.9,16.4,27.2,15.2,16,11.8,14.4,17.2,27.5
30.3,15.5,20.3,22.2,16.6,10.3,13.8,31.8,28.7,20.8,14.6,22.8,11.4,33.3,22.3,17.3,15.1,17.5,21.5,36,21.2,16.3,18.1,18.6,13.1,17.7,26.3,20.8,13,24.3,8.7,18.1,17.6,18,27.2,14,16.3,13.1,15.8,15.8,15.9
25.3,17,22.1,16.6,19.4,13,14,31.7,29,13.9,10.2,17.9,14.1,31.9,24,26.8,13.8,19.2,23.4,32.1,19.5,16.3,17,18.9,14,19.9,23.1,20.6,12.3,23.4,14.6,23.4,14.5,15.8,24.2,14.2,17,12.7,16.9,13.8,18.3
27.7,14,20.4,16.4,21.1,11.8,12.7,32,29,16.1,13.6,22.1,13.2,32.9,23,18.3,14.8,17.4,19.2,24,18.2,13.4,24,18.8,11.3,20.7,26,21.1,13.8,18,13.2,33.6,16.6,18.4,28,13.8,19.9,13.4,14.3,16.5,17.8
23.4,18,18.3,20.7,24.3,9.9,14.2,31.9,26,14.1,13.8,22.8,15,32.6,18.1,20.1,8.9,18.3,25.4,26.7,17.4,15.8,21.1,20.4,12.5,19.3,25.3,19.6,15.4,19.2,15.6,26.3,19.2,17.6,26.7,11.3,11.7,14.7,12.6,15.7,17.7
21.7,18,18.5,25,22.5,8.7,12.1,35.5,28,16.4,13.3,16.6,14.4,33.9,21.3,15.6,11.6,20.7,22.7,31.7,17.1,12.4,23.8,20.3,14.2,22.2,24.1,19.1,14.3,12.7,16.1,26.2,20.3,16.7,24.2,11,10.5,13.8,14.4,17.1,21.5
20.3,13.8,17.9,24.2,24.5,11.2,13.6,32.9,29.2,14.1,16.8,20,17.3,33.1,20.4,17,15.4,15.9,19.6,33.5,17.2,14.4,22.9,20.6,11.3,22.7,24.7,21.1,11.7,17.5,16.6,29.8,21.3,19,25.3,8.9,11.9,12.4,16.1,15.8,23.9
23.9,20.2,21.8,18.3,21.2,10.4,12.8,32.9,30.2,17.2,15.7,17.5,18.5,33.6,21.8,20.9,12.7,15.8,20.9,34.7,19.7,15.6,19.6,18.4,13.8,16.9,22.9,21,13.4,12.6,16.6,30.4,19.4,21.4,25,8,12.2,10.8,15.4,17.7,22.9
28.7,16.4,15.8,14.5,21.2,12.2,12.2,29.8,29,18.4,14.2,20.7,16.1,34.3,22.7,24.1,15.7,11.1,19,34.3,20.8,7.5,23.2,18,11.3,20.8,25.8,22,15.1,17.9,13,20.3,19.2,17.3,27.1,10.8,14.9,10,14.5,17.6,20
23.3,15,16.2,15.8,20,11.7,12.7,30.3,27,17.9,11.5,21,23.3,33.7,22.7,22.7,12.3,13.9,18.7,29.4,19.8,15,24.7,19.4,12.7,22,32.2,21.6,11.4,17.5,13.7,22.7,19.6,17.4,27.2,12.2,15.2,14.3,16,17.3,21.4
27.6,13.3,14.8,17,19.9,11.8,13.7,29.9,28.3,14.4,12.7,22.4,12.4,34.1,23.3,22,13.7,16.6,21.6,30.3,15.7,18.6,27.4,19.1,11,24.8,29.4,18.8,13.1,19.6,14,23.8,19.5,20.1,29.8,12.8,15.5,14.8,17.8,19.5,19.6
28.2,16,14.1,23.2,21.8,8.8,14,28.6,28.3,18.2,13.3,21,13.5,33.3,23.5,22.6,12.1,13.2,22.3,33,17.1,8.8,28.5,18.9,13.5,23.4,33.5,17.4,15,20.2,15.1,29.7,19.1,25.3,21.8,7.8,14,11.9,18.1,12.9,18.6
20.1,15,14.4,15.5,20.4,12.1,12.9,30.5,26,16.1,20.2,22.7,12.5,29.5,26,26.5,12,14,24.3,33.9,19.5,12.9,26.5,19.5,8.7,23.6,36,20.9,13.9,18.9,13.6,24.1,16.4,16.8,25.8,12.7,17.1,13.2,16.6,16.3,21.5
19.9,13.2,14.1,25.1,19.3,4.6,12.4,30.4,26.6,14.5,23.2,26.1,13.7,34.1,24.7,20.3,14,14.3,22.5,33.6,15.1,16.7,24.1,20.3,11.7,25.6,39.4,22.9,13.4,22.8,15.2,26.7,16.2,19.8,27.7,7,12.4,15.4,15.5,16.8,23.2
20.5,16.3,14.1,15.8,19.8,8.7,15.9,27.2,27.1,15.2,22.1,21.3,12.9,33,22.2,20,13.5,14.2,21,34,14.5,18.4,23.8,18.2,11.2,21.7,31.4,25.8,11.6,22.5,14.7,30.2,16.1,18.7,27,12.2,11.7,12.2,15.6,17.1,26.9
22.4,16.8,17.3,26.1,24,6.7,10.2,28.2,27,15.9,23.9,21.3,14.3,32.5,23.4,21.7,11.8,15.1,21.5,37.5,12.2,22.1,24.3,19.2,11.8,21.9,32.3,22.6,13.7,20.5,14.2,23,18.6,15.3,27.2,11.3,15.8,12.3,17.4,19.3,27.3
22.6,18,13.6,26.8,22,11,12.3,30.8,28.1,14.6,13.8,22.5,16,33.1,23.6,36,12.2,12.7,19.8,39.9,14,22.2,31.4,19.1,13.8,24.2,26,21.8,9.6,21.3,17.1,23.8,17.3,18.8,27.4,13.9,16.5,13.6,15.7,21.9,18.2
24,13.6,14.9,27.4,18.7,7.3,9.8,28,29,16.8,14.8,23.6,16.3,33.4,24.9,19.2,14.1,13.4,27.8,41.7,11.5,22.5,23.6,16.9,13.6,21,22.1,21,11.6,24.2,20.1,26.4,14.7,18.7,27.8,13.2,17.1,15.9,16.1,16.3,19.4
24.1,14.6,14.6,20.7,20.7,11.5,11.4,30,29.5,14.8,15.7,21.1,14.8,28.7,23.3,24.8,14.4,12.8,19.5,42.9,15.6,21.6,21.2,18.6,22,22.3,22.3,21.6,13.7,22.5,17.1,31.2,16.5,19.7,28.6,13.7,18.9,13.5,15.6,17.9,24.7
27,16.4,12.3,14.5,24.7,8.1,12.8,31.4,27,17.1,15.1,24.8,15.1,29.6,23.3,18.9,14.9,14.5,20.1,39.8,12,9.7,23.5,19.2,15.3,22,29,19.3,13.7,23.5,18.7,34.1,17.6,18.4,26.8,10.7,17.5,11.4,14.6,25.3,15.9
21.6,13.4,12.6,11.1,22.5,8.4,9.2,30.3,26,14.2,14.3,22.3,16.2,31.3,22.1,20.6,12.5,17.5,13.9,28.4,13.8,12.1,27.5,20.9,11.7,19.6,34.9,22,12.3,22.7,16.7,22.7,16.9,21,27.7,6.2,20.4,13.6,15.1,14.5,15.9
25.6,14.5,14.6,13.8,22.5,9.7,12.4,29.3,27,14,14.5,20.3,18.5,32.3,22.9,20.2,13.3,14.4,18,33.2,12.3,15.2,22.9,21.4,10.5,20.4,27,17.2,12.9,21,13.9,25.9,17.6,18.6,25.9,13.2,17.5,16.9,16.4,18.6,17.5
29.7,17.2,13.8,14.8,27.3,9.5,11.6,33.5,28,10.8,15.8,21.4,20.1,31.7,23.3,20.9,13.2,11.7,17.4,33.2,15.1,18,25.9,21.4,10.8,23.3,25.6,19.4,14.2,21.4,14,29.7,16.8,15.2,26.4,15.4,10.7,16.1,18,17.3,21.6
23.5,14.1,13,19.3,30.1,11.8,14.4,28.9,26.1,11.7,18.9,23.6,14.4,32.6,24.6,19.5,14.6,12.4,17.7,34.7,11.4,18.4,26.3,21.2,12.2,22.9,25.9,20.3,13.9,22.4,12.4,28.4,14.6,15,26.1,16,12.9,16.4,15.8,16.8,21.6
20.2,21.1,12.7,21.7,23.5,9,13.3,28.8,26,12.7,17.3,22,12.5,32.6,24.1,23.3,13.5,12.4,17.4,37.3,15,18.2,27.1,21.6,13.8,21.8,30.9,19.1,10.3,21.5,12.6,29,17.9,17.2,23.5,18.7,11.3,17.4,15.4,18.1,16.9
20.3,12.2,15.2,23.5,23.2,7.9,15.2,29.4,26,11.4,10.1,25.1,11.9,34,23.4,28.2,16.6,14.1,17.9,37.2,15.3,20.7,20.7,20.7,15.9,21.1,31.4,20.7,10.4,17.5,15.8,33.5,16.9,14.5,25.7,14.5,13.3,10,17.4,16.8,18.6
25.3,14,12.9,21.4,20,9.3,11.2,30.1,29,14,14.7,23.6,13.3,33.8,20.1,26.1,17.9,14.9,17.9,31,13,20.5,24.9,21.9,15,25.2,27.9,21.3,12.2,21.7,17.8,39.9,19.1,15.4,26.5,10.7,16.8,13,13.6,14.7,22.2
28.1,17.5,17.6,20.6,22.2,10,13.7,30.4,28.3,16.5,15.8,23.9,15,33.4,24.5,22.7,16.3,13.5,17.7,34.9,13.3,23.2,24.8,19.9,12.2,22.9,24.5,24.7,14.8,19.7,18.5,28.5,20,16.7,26.2,8.6,15.4,14.2,15.8,14.5,18.8
27.6,17.9,16.6,17.1,19.2,11.1,10.6,30.8,26,15.1,15.9,22.5,19.7,34.1,27.2,17.9,15.6,9.6,17.4,36.3,14.6,22.9,27.5,20.3,13.1,29,29.2,17,14.1,24.7,18.7,25.1,20.8,19.9,25.9,10.1,18.4,16.3,16.3,15.7,26.5
26.9,18.6,11.6,19.6,27.1,10.9,11.8,25.7,26.7,14.4,15.9,21,12.8,34.3,24.1,21.2,17.4,10.4,17.5,34.8,12.4,14.2,23.6,19.9,10.5,30.8,35.3,15,15,22.8,13.2,22.4,20.2,20.3,26.7,9.9,17.4,13.4,16.1,16.2,21.6
24.2,13.6,13.7,29.2,30.8,13.3,15.5,28.9,28.3,14.9,17.9,25.9,14,34.9,23.8,24.1,18.7,15.9,16.7,35,14.9,17,27.9,21.6,12.7,24.7,29.4,15.2,12.2,21.8,14.8,27.3,15.7,20.6,26.7,11.7,11.7,12.2,16.7,17.6,15.5
26.3,15.3,13.2,22,19.5,13.7,15.9,30.7,26.5,17.5,19.5,24.3,13.6,34.3,25,22.7,18.7,15,16.9,38.4,12.9,19.2,29.7,20.9,15.3,24.4,23.9,16.3,12.9,22.8,16.3,37.6,18.4,18.4,23.5,13.6,16.4,13.6,19.2,24.7,18.8
18.3,19.8,10.5,16.2,25.6,12.5,14.5,31.9,26.5,16.3,18,25.1,15,33.5,25.1,23.9,14.9,10.3,15.3,30.2,12.1,18.8,27,20.8,21,33.4,21.4,17.5,14.5,21.7,18.3,24.7,20.5,21.4,24.6,11.2,18.8,15.8,17.2,18.7,19.9
19.6,23,7.5,17.9,22.9,7.2,10.8,31.9,27.6,16.3,19.3,24,15.9,33.1,25.2,24.4,14,13.1,18.8,33.8,13.8,20.6,28.1,20,18.4,20.7,25.1,19.7,17.6,22.3,18.7,24,21,23.7,26.2,15,21.3,17.9,21.2,20.1,23.2
24.5,15.3,10.6,18.9,23,7.9,10.9,29.5,26,12.8,17.1,28.8,16.1,33.3,30.1,19.7,17.5,15.1,18.2,35,14.8,15.9,24.1,21.2,13.6,22.9,27.3,21.3,13.2,19.5,22.7,26.3,22.3,18.4,27.1,13,17.4,14.1,17.5,17.6,32.1
25,21.7,11.8,22.3,29,10,11.8,30.4,26.7,11.6,18.3,21.6,14.1,33.8,24.1,20.7,13.2,16.2,15.7,37,14,8.8,26.7,20.8,13.5,28.5,31.6,18.4,13.5,20.9,18.1,37.1,24.7,20.7,26.9,12.3,15.2,15.1,16.1,20.2,37.8
19.7,14.8,13.5,25.5,20.6,6.6,11.3,30.1,27.1,13.1,22.1,21.9,14.9,33.5,24.4,27,16.2,11.8,13.2,43,10.5,12,27.3,21.6,15.9,30.7,26.5,19.1,14.2,27.5,15.7,18.1,19.4,15.6,26.7,14.1,17.9,13.8,16.9,22.8,38.7
18.1,22.2,11.2,27.1,20.5,12.2,11.2,30,28,13.8,22.5,21.6,20,35.2,25.4,20.1,13.7,15.5,16.5,35.6,14,16.3,27.3,20,13.4,20,29.4,19.7,14.4,22.9,17.5,20.9,14.2,16.1,27.4,11.4,17.8,14.1,19.8,22.3,20.8
19,14.8,11.7,22.3,27.9,9.2,15.4,29.1,28,15.7,14.9,20.5,16.1,34.6,23.7,25.2,17.6,12.4,17.3,36,15.5,15.5,30.8,21.3,14.5,24.9,22.7,17.1,17,28.2,14,24.9,16.4,14.5,29,15.9,16.1,17.1,27.3,16.7,20.4
18.7,14.8,10.6,28.6,30.9,12.4,11.4,30.8,23,16,16.8,22,25.6,33.7,27.3,32,19.4,14.7,12.6,35.8,13.4,18.5,25.4,20,19.9,23.5,30.4,19.6,18,25.7,16.5,30.3,18.5,15.4,26.4,14,13.9,18.1,20,19.5,21
21,19,15.4,24.4,19.3,10.5,12.5,30.1,24,14.3,9.7,25.6,18,29.8,25.6,24.3,19.2,14,9.1,35.3,10.2,19.6,32.2,18.5,18.5,30.2,35.7,16.8,22.9,21.1,16.5,23.9,17.5,20.4,24.2,10.6,16.4,15.7,15.7,17,24.3
22.4,15.7,16.5,20.3,28.1,9.8,12.9,29.7,24.6,12.4,11.2,27.5,21,33.2,26.5,21.4,15.5,15.1,14.2,36.6,13.4,19.3,23.7,20.1,23,23.8,40.5,18.8,12.9,19.8,19.9,29.6,17.6,19.3,23.3,15.6,17.4,16.6,15.6,15.9,27.4
19.8,21.8,11.8,23.3,22.8,10,14.4,30.5,27.6,13.2,12.8,21.9,14.1,33.2,27,27,17,15.2,16.1,35.4,14.4,22.5,27.2,20.3,11.1,29.1,25.8,17.1,12.5,22.2,18.8,26,20.6,21.5,26.6,15.6,13.6,14.2,17,13.4,31.3
20.1,26.8,15.8,25.7,27.6,11.3,13.4,27.6,28,10.8,14.5,25.6,13.9,33.7,26.4,27,16.6,15.1,15.7,35.6,13.4,22.4,25.9,20.5,13.2,30.9,28,17.5,10.9,28,15.9,34.8,21,24.8,27.5,17.9,14.2,16.6,17.6,18.9,22.2
18.5,16.9,14,26.4,29.7,10.6,13,27.3,27,10.5,15.3,22.5,17.1,33.6,21.9,21.2,16.5,17.5,13.3,36.4,11.3,21.3,28,22.4,16,19.1,41.6,18.2,11.9,30.4,14.5,36.9,17.5,23.2,27.6,14.8,16.6,14,18,18.7,25.7
18.9,19.7,16.2,22.8,25.3,11.2,12.5,28.7,27,7.3,15.7,25.8,23.1,34.5,24,22.3,15.4,10.6,15.5,39.5,8.2,21.8,28.2,20.8,15.7,28.7,34,18.1,12.5,19.8,16.7,33.7,19.8,20.9,27.2,18.1,18.8,13.3,23.3,21.2,33.1
23.2,17.6,12.9,21.2,26.4,11.9,15.4,27.7,27.8,11.5,18.2,24.3,13.9,33.8,27.7,22,20,11.4,11.9,41.6,11.9,17.9,27.3,19.8,14.6,24.9,31.5,19.5,14.5,24,16.5,40.1,20.4,21.3,28.3,10.5,20.2,12.7,22.6,18.7,17.9
19,15.5,9.5,20.4,34.6,10.1,13,30.4,28.4,12.6,23.3,20.2,13.7,33.8,28,21.1,14.2,10.2,14,42.5,14,18.5,25.1,21.6,13.4,25.8,32.5,16.9,18.3,29.8,15.9,25.3,18.1,22.7,28.9,13.2,17.2,14.9,17.9,18.6,20.5
21,16.5,10.8,16.2,30.2,11.5,13,28.4,28,13.8,21.6,21.4,15.9,34.1,28,18,14.5,11.7,12.2,41.4,13.4,18.1,26.2,21.2,11,28.2,36.7,14.5,19.8,23.3,18.7,32.6,20.5,23,29.1,12.9,15.7,18,17.9,19.3,27.2
14.5,18.2,14,19.4,23.6,14.1,12.2,27.6,28,9.9,21,23.7,24.1,33.2,27.2,20.5,19.3,15.3,17.3,40.5,13.4,16.1,27.1,20.3,16.2,29.7,27.9,16.7,14,28.5,17.3,21.4,16.2,24.8,27.1,13.9,14.5,15.9,19.6,19.6,32.8
17,18.7,16.5,18.8,30.3,14.3,15.4,26.9,27.7,12.5,16,27.2,14.1,34.8,28.2,24.5,19.6,14.2,13.6,38.2,12.4,19.6,26.3,22,18.8,31.7,34.7,17.6,15.3,30.8,16.7,23.4,17,23.4,26.9,13.7,18.5,20,19.6,20.7,25.8
16.3,20.6,13.4,24.2,27.9,14.3,15.8,27.1,26.9,9.2,16,29.3,13.2,34.4,26.3,22,18.1,12.4,13.7,40.6,12.9,20,23.9,20.6,18.2,25.9,31,17,14.2,24.7,24.5,28.7,18.9,21.4,27.6,16.1,15.9,14.8,17.5,21.9,21.4
17,15.8,15.2,18.4,27,18,17.5,25.6,26,13.6,18.7,25,14.4,34.1,31.5,22.4,17.4,15,15.1,38.6,16.5,19.9,24.4,20.3,18.9,30.9,36.7,13.5,14.7,28.9,17.3,28,28.3,19.4,27.5,18.7,13.2,16.9,18.5,18.9,22.6
18.2,16.8,10.8,24.6,24.7,9.7,18.3,29.3,28,7.9,21,27.6,23.9,34.6,29.4,32.7,14.5,15.6,14.9,36.6,18.3,24.4,27.1,21.5,15.8,24.3,31.4,17,14.5,24.3,16.8,31.5,18.5,24.9,28.3,17.6,14.8,17,23.4,18.2,26.3
20,16,10.1,27,28.2,11,12.4,27.4,27,10.8,23,29.4,18.7,33.3,30.8,22.1,14.4,13.1,19,39.6,14.6,22.2,26,21.4,17,29.3,23.6,14.3,16.1,25.1,24.7,37.4,17.4,22.8,28.9,17,21.6,21,29.7,21.8,30.9
17.9,16,11.5,17,27.3,10.2,11.9,28.9,27,10.8,17,24.7,24.5,33.3,28.4,25.9,16,16.8,20.5,41.6,11.1,23.9,26,22.9,15.5,35.6,26.3,16.2,19.9,27.6,27.3,41.6,19.9,22.7,27.7,10.7,17.5,21,19.8,21.8,35.3
16.7,31.2,11.3,20.3,30.6,12.2,14.4,28.5,27,11,17,23.9,17.2,34.1,28.3,20.1,16.1,14.8,21.4,37.9,12.3,25,27.9,24.2,18.2,29.5,27.5,18.3,17.1,29.6,17.3,28.9,20.5,18.1,28.4,16.1,16,16.7,18.7,21.3,31.5
15.8,39,12.6,20.3,34.7,15.4,14.8,27.7,26,14.1,18.9,27,15.8,34.5,30.2,28.1,19.4,14.7,20.4,38.7,15.3,25.9,28.3,21.4,21.2,26.9,34.9,22.1,13.7,30.9,25.3,27.5,20.8,21.7,28.1,19.9,21.5,13.7,18.3,19.1,32.8
15.9,18.2,10.8,30,36.8,15.7,13.9,27.3,26.7,14.1,19,35,16,34.7,32.8,31.6,16.7,16.8,21.1,37.6,15.1,21.2,28.9,20.9,17,25.1,33.6,19,14.2,25.8,13.8,35.7,20.3,21.5,28.8,18.5,25.4,14.1,20.2,17.1,25.7
17,19,12.2,33,26.8,12.3,13.1,28.2,26,9.6,19,27.9,19.1,35,25.9,21.5,15.4,15,18.7,39.7,15.8,25.4,31.7,21.1,12,28.1,33.1,18.2,12.7,35.1,14.9,39.6,18.7,22.3,29.1,14,21.4,14.1,25.9,20.8,33.7
18,21,12.1,23.8,30.8,12.3,13.1,25.6,27,10.8,16,30,23.1,35.9,26.5,21.4,14.4,20.1,16.9,43.9,13.1,16.5,30.3,21.9,14.1,37,33.1,17.6,13.1,32.8,15.7,26.6,19.7,19.7,30.3,14.5,14.2,16.3,32,18.1,40.1
15.7,21.7,14.3,32.4,27.2,12.3,13.7,26.9,27,11.5,17,30,16.5,36,25,22.4,15,15.8,14.5,40.9,13.8,24.4,27.2,23.4,11.1,28.6,34.4,18.4,11.6,31,20.5,32.8,19.7,22.2,28.9,17,20.3,19.1,26.5,18.7,22.9
16.2,24,11.8,30,32,15.8,15.4,28.1,27.4,12.9,17,24.7,18.9,33.9,27.6,29,17.1,14.1,13.2,39.2,13.7,20.1,28.5,23.4,18.7,29.3,37.1,16.7,12.7,28.5,26.1,36.9,20.8,20.8,30.8,16.5,25.6,11.7,20.5,18.5,24.6
16.1,21,13.7,21,29.5,16.3,17.7,28,24,12.3,13,37.4,15.8,33.6,28.3,22.7,15.3,13.2,15.6,38.8,12.7,23.8,36.6,23.1,12.2,33.5,27,15.3,18.6,35.1,17.8,22.4,19.5,23.3,30.5,15.8,17.5,15.8,19.6,19.7,27.2
15.4,19,15.4,26,34.2,18.2,12.7,27.7,25,15.1,18,26.7,18.3,33.7,27.9,23.6,15.9,12.9,18.4,39.4,14.2,22.6,39.9,22,14.5,37.4,24.5,16.8,14.3,30,20.9,26.9,21.7,20.1,30.3,17,18.7,18.8,20.6,19.8,33.7
20.3,20.8,15.3,19.4,37.8,13.2,16.5,27.7,26,15.1,21.9,23.3,24.1,33.6,27.7,18.9,18.4,13,13.1,41.3,17.8,24.2,23.8,22.5,16.5,34.3,26.4,18.9,18.3,26.4,27,26.9,17.5,23.5,30.5,16.7,20.3,15.7,22.5,20.3,37.7
16,18,13,23,26.6,12,15,29.2,25.6,11.1,17.7,24.9,18.9,35.7,25.9,19.8,21,15.4,14,38,15.8,25.5,28.7,23,12.3,27.2,31.5,18.9,11.7,23.9,14,28.3,24.9,20.2,32.9,14.5,23.8,14,26.5,21,33.2
15.1,19.2,15.6,24,28.6,12.4,14.5,26.6,26,12.2,17,24.8,13.4,35.5,28.8,15.8,17.3,18.5,14.2,40.4,13.2,28,25.1,23.4,16,31.5,34.4,21.6,12.4,28.6,14.8,35.2,20,26.6,29.8,11.8,15.8,14.6,34.4,20.6,35.8
15,24.2,15.1,30,29.9,11.3,14.5,26.5,26.9,13,16,25.9,15.8,35.4,27.6,15.7,17.1,18.6,16.9,44.5,14.6,24.1,27.1,22.7,14.1,31,34.3,22.6,15.3,36.1,17.9,29.1,20.2,27,33.2,15.2,17.6,15,23.5,18.9,42.2
14.2,18.9,17.2,24.9,31.9,11.6,14.2,28.1,27.7,13.4,20.7,26.2,16.8,35.6,27.9,18.3,16.9,16.9,17.2,47.3,15.4,21,28.9,23.1,16.3,29.3,40.4,19.2,15.7,30,24.5,40,19.6,28.9,31,17.7,19.7,18.1,21.9,21.4,27.7
16.5,20.5,15,25.3,34.5,15.6,16,27.4,28,13.3,21.2,26.3,24.5,34.2,27.3,18.8,19.8,19.5,17.2,36,17.6,22.7,39.9,22.9,15.2,30.4,42.5,15.7,13.3,36.7,22.1,31.3,21.3,31.4,31.9,18.3,25.2,16.6,21.1,23.7,28.1
12.6,17.7,13.4,26,32.4,14.9,19.6,23.6,28,14.4,26.5,24.1,30.9,33.5,27.3,21,15.1,13.5,19.8,37.3,18.9,23.6,22.6,23,13.1,30.6,41.2,17.2,16.1,35.2,17.4,19.3,25.4,19.6,29.5,14.4,23.4,15.9,22.4,24.4,30.1
12.8,21.5,11.6,24,40.5,14.6,21.4,23.8,28,7.5,29.3,25.6,18.7,34.2,28,20.3,19.2,14.4,20.2,39.5,16.5,24.3,24.1,23,13,28.3,40.3,15.5,17.8,26.6,18.4,18.1,23.6,27.3,30.4,14.3,23.2,16.1,22.6,22.6,33.5
13.6,22,15.4,25,26.7,10.9,14.3,23.7,26.1,12.2,30,26.3,22,34.4,32.3,19.5,19.8,16.5,17.9,27.7,12.8,22,25.2,23.2,19,31.6,33.7,16.5,13.7,29.3,19.4,23,20,34.3,29.5,12.1,16.8,15.5,21.4,21.3,36.5
14.3,21.2,16.8,23,27,15.7,14.6,22.4,28,15.1,24,26.6,30.8,31.4,28.6,20.7,22.8,18,16,29.6,12.9,15.7,27.4,24.5,21.6,34.7,33.9,18.2,14.7,31,28.5,24.4,19.5,19,30.1,14.2,20.3,21.1,24.5,26.7,38.3
15.4,18.8,18.5,26,30.5,15.1,14.1,21.2,28,12.3,18,28.6,16.6,32.9,25.7,21.1,20.2,22.4,18.9,31.5,14,15,39.8,22.8,13.1,36.9,39.5,14.4,20,29.6,19.2,28.8,18.6,23.3,29.3,22.8,24,18,19.3,29.4,33.6
16.2,17.7,18,24.9,35.7,12,14.2,21.6,24.3,15.6,18.7,27.9,17,32.1,27.8,24.8,20.3,13.8,17.9,34.3,15.1,25.1,23.9,22.8,18.5,23.3,31.1,16.7,13.5,37.1,17.3,36.2,22.5,17.2,30.1,19.3,27.4,21.4,22.4,18.3,35
14.4,21.8,19.6,28.7,38.4,13.5,12.4,18.7,27.8,17.7,20.6,25.3,19.3,33.5,28.4,23.5,17.4,16.6,17.7,35.8,19.6,28.6,24.5,24.3,26,37.1,26.7,17.7,13.4,30.6,21.5,16.2,16.2,20.3,31.2,17.9,19,15.2,27.8,28.1,33.7
15.8,18.2,12,29.1,31.5,14.3,14.1,22.4,30.1,21,26.7,28,23.1,32.9,28.3,22.2,21,13.1,19.5,36,20.7,17.5,29.6,24.9,22.9,32.3,24.9,19.3,15.4,25.4,27.7,18.2,16.3,26.3,31.5,15.8,21.6,21.3,26,19.7,37.3
11.5,21,15.4,30.7,42.5,11.2,16.9,24,27.4,16.5,18.9,30.6,22.4,33.2,28.3,25.8,24.5,15,23.8,31.5,14.1,18.6,31,24.1,22.1,26.4,24.5,17.7,16.4,28.1,16.1,20.9,20.1,23.4,31.1,16,29.5,24.1,20.4,18.9,38.7
14.5,17.8,15.7,34,44.4,18,16.5,28.1,29.2,11.6,24.6,25.5,19.8,32.7,29.3,18,21,15.7,24.7,32.7,16.2,23.7,27.9,24.7,28,30.2,24,20,20.7,37.6,18.8,17.8,19.2,23.2,30.1,18.8,24.5,22,23.6,15.8,29.2
14.7,24.5,12.2,35.3,23.2,10.9,14.4,25.2,28.3,10.5,31.4,28.6,30.8,32.9,26.4,18.3,26.4,18.7,14.8,30.5,16.3,13,25.8,24.4,13.8,32.1,28.3,15.6,13.3,28,16.5,21.9,20.8,27.1,28.9,20.9,18.5,17,25.2,19.8,29.9
14.4,22,14.1,36.4,30.4,21.9,17.5,23.7,29.4,14,20.1,26.1,19.3,31.8,33.3,20.7,19.5,15.7,18,31,13.3,10.8,29.6,26.1,23,34.9,36.8,15.5,13.3,30.7,25,26.9,23.4,17.6,30.3,23.6,21.1,16.4,27.5,23.5,36
15.9,18.2,13.6,29.2,30.9,17.5,15.2,21.8,29.9,14.5,28.4,26,20.5,34.1,28.8,21.1,15.9,12.3,16.3,32.5,15.3,22.1,30.6,25.1,25.5,32.8,38,17.8,21.4,34.9,19.6,33.5,21.4,16.9,30,16,27.3,12.9,26.9,25.7,25.2
15.8,18.5,13.5,23.8,39.3,12.3,16.1,20.6,31.4,16.8,30.8,28.2,22.5,35,29,16.5,20,18,17,33.9,15.9,25.1,29.4,23.8,13.4,37.5,27.4,18,14.8,38.2,29.7,23.8,23,25.4,31.2,16.5,29.5,14.4,24.7,20.6,31.3
11,18.5,16.9,26.3,25.2,11.7,16.8,21.4,29.3,12.9,33.3,30.7,35.1,34.1,26.9,18.7,23.8,19.4,21.8,33.7,19,24.1,25.9,23.8,14,40.6,25.3,16.5,13.5,18.5,22.1,35.1,27.5,28.3,30.7,18.7,36.2,17.9,20.8,25.2,34.8
13.8,21.8,18.2,28,25.7,20.5,14.9,22.9,31.7,16.7,20.6,26.6,29.1,34.8,28.2,15.4,19.7,15.3,22.4,30.5,20.7,16.7,25.3,24.6,14.3,35.1,31.4,16.7,12.9,23.6,21.6,18.9,33.8,22.2,31.7,21.5,31.1,19.6,19.4,22,38.7
13.7,25.8,15.3,31.5,39.4,16.2,20.1,22.5,27.5,14.8,24.5,25.9,18.9,35.1,28.9,19.6,24.5,16.7,19.3,31.5,14.8,18,27.4,26.1,17.3,27.8,26.8,16.7,14.1,31.5,24.2,25.1,37,26.8,28.4,18.4,22.5,16.5,23.2,21.3,41.2
14.3,20.8,18.4,34.7,34.3,14.4,15.5,20.5,29.8,13.9,25.2,29.5,20.8,33.3,30.2,21.3,23.2,15.5,16.9,31.2,15.5,19.2,28.7,26.1,14.4,26.1,32,18.8,22.8,31.7,37,28.6,21.5,21.5,29.8,21.9,23.7,18.8,25.9,16.3,27.4
16.1,19.1,16.7,24.2,43.5,12.5,24.1,20.6,29.4,16.1,28.3,23.6,17.9,33.1,30.9,24.5,23.1,17.8,17.9,33.4,14.2,20.7,28.5,27.3,15.6,28.7,35.1,20.7,13.6,30.9,15.4,31,21.1,23.4,30,18.8,26,24.7,32.2,18.4,32.8
16.9,22.2,13.9,30.4,42.1,12.5,21.4,21.5,28.5,17,31.3,24.5,21.1,33.7,29.8,18.1,19.4,16.2,21,34.5,13,11.6,25.5,25.8,17.6,25.5,29.5,16.8,13.3,35.2,18.7,36.4,22.7,23.5,30.4,20.6,28.3,18.1,34.2,23,32.6
19.9,23.8,16.6,21.6,27.2,18.8,15.2,19,29.1,18.9,23,28.3,19.9,33,29.9,21.8,23.6,15.2,21.9,28.4,13.2,17.1,26,25.7,18.8,25.4,33,16.1,16.2,32.3,17.7,27.9,24.3,27.3,30.5,18,30.2,18.6,20.9,21.8,33
20.2,20.4,18.1,28.1,35.4,11.2,17,23.5,29.2,21.4,30.8,24.3,37.5,33.2,30.3,20.3,21.6,22.1,22.3,27.2,15.8,16.2,27.4,24.4,27.7,31.2,39.7,17.7,22.7,36.6,19.9,34.8,29.5,25.6,31.7,21.7,30.2,28.5,22.4,26.2,30.1
18.5,20.8,20.5,38.6,41.8,11.1,16.4,18.1,27.5,22.4,31.6,26.4,30.5,32.2,29.3,21.6,19,16.6,15.1,32,19,15.2,28.4,24.9,16.1,37.2,28.9,17.7,14.8,39.5,20.4,30.9,23.3,23.8,30.9,25.6,33.3,16.9,27.8,21,33.4
22.7,19.2,20.3,33.4,25.4,11,20.1,17.3,31,18.7,35.3,27.2,22.9,33.9,30.3,22.3,20.2,16,16.7,32.8,13.6,13,28.1,25.5,25.2,38.5,26.2,17.5,15.2,35.7,23.9,32.1,24,20.5,32.6,23.8,30.5,22.4,30.8,22.2,37.6
13.9,21.5,17.8,39.9,36,17.1,16.2,17.4,30.9,19.6,23.9,28.4,20.3,34.2,27.7,18,20.4,20.9,19.2,34.4,14.1,17.1,27.5,25.1,19.2,42,29.8,17.8,16.5,34.9,25.1,35.5,26,25,33.5,24.7,33.3,26.1,23.3,30.5,33.1
13.1,23,17.7,37.9,44.4,22,16.1,18.5,30.3,20.7,24.6,28.9,20.7,34.1,28.4,18,21.4,16.7,22.2,22.6,12.7,20.2,23.5,26.6,24.4,32.5,25.2,22.6,14.4,28.7,20.4,36.1,23.2,24.1,32,26.3,34.5,19,23.5,23.9,34.5
12.7,19,14.9,30.1,46.4,17.8,22,21.7,30.5,13.7,29.5,29.2,30.2,33.4,29.4,14,22.3,20.3,15.9,32,13.8,21.6,25.1,26.6,26.2,40.8,31.6,17,14.7,26.9,27.6,30.5,24.6,34.7,32.4,17.8,34.5,19.2,22.5,22.7,26.4
11.8,19,17.8,27.1,30.4,20.6,18.1,22.4,31.5,12.8,33.9,31.1,39.4,33.3,33.4,17.1,25.1,14.9,17.6,30.9,15.9,15.1,25,27,19.6,29.9,27.3,17.7,20.9,28.9,21.7,23.4,26.8,30.8,32.7,19.1,33.3,19.7,26.1,26.3,28.3
14.1,23.9,19.7,36,26.8,20.4,14,22.6,31.3,17.6,28.4,28.3,39.3,33.3,29,18.7,30.8,16.1,20,32.1,14.3,13.1,23.3,27.3,25.2,35.8,24,18.9,14.6,27.8,21.6,23.4,27.9,22.8,33.2,25.1,22.1,30.5,26.6,20.5,31.5
14.2,28.2,16.2,37.1,29.8,13.4,14.7,21.6,31.7,20,36.2,29.3,26,32.9,30.1,16.6,31.5,14.8,17.5,30.6,14.7,19.4,23.3,26.7,31.3,43.9,27.1,15.5,17.3,24.3,27,27.2,20.5,21.5,33.9,30.6,27.2,21.3,23.1,26.5,43.5
16.8,22.4,16.1,39.4,37.9,15.1,24.1,22.1,31.4,20.4,40,26.5,26.8,33,28.5,15.3,25.5,21.7,21.3,32.6,16.3,17.1,27.3,26,19.3,45.1,32.7,17.4,15.3,27.2,17.9,31.1,21.4,23.8,31.4,31.6,34,23,31.5,29.9,39.9
13.9,20.7,18.2,37,31.5,13.7,17.4,22.7,30.4,22.1,42.2,25.4,25.3,34.1,29.5,15,23.9,23.6,18,33.1,13.2,13,28.7,25.9,14.9,22.5,23,17.8,15.9,31,30.5,23.3,22.3,25.3,31.2,30.2,30.2,32.9,35.7,20.5,41.9
15.2,20.9,13.8,30.1,29.1,13.5,24.4,16.6,30.3,21.3,39.3,26.7,23.9,33.9,29.9,19.2,28.4,18.4,23.3,32.1,16,16.2,24.4,26,16.4,32.1,26,19.3,14.9,36.4,35.1,25.3,24.9,35.1,31.2,31,25.5,14.4,28.7,23.6,27.6
14.7,22,15.9,29.4,28.5,19.1,17,23.1,31.4,23.1,24.5,27.8,33.4,32.4,30.8,20.5,23.6,16.1,26,33,15.4,21,25.9,27.5,19.4,29.6,28.4,18.5,13.6,38.7,21.2,35.5,29.4,26.7,31.1,20.2,28.3,16.9,25.6,24.8,29.2
17.2,23,14.9,37.3,29.2,19.1,20,23,31.3,24.9,32,30.3,23,32.5,29.9,16.2,19.6,15.9,18,34.4,19.6,14.2,26.1,27.7,28.4,31.6,30.1,18.4,15.5,41.9,23.7,29.3,19.6,30.8,31.6,22.4,32,18.1,27.1,20.6,32
19.5,24,16.2,37.8,32.2,16.3,23.2,21.3,31.7,26.5,23,30.4,20.4,33,29.4,16.4,26.6,11.9,18.5,34.4,13.5,13,25.4,26.3,33.4,36,25.7,16.3,15.4,44.5,22.6,17.7,21.2,23.7,31.6,24.7,34.2,18.7,31.6,23.2,39.3
22,21.4,18.8,39.6,35.8,16.7,23.2,18.9,31.6,31.7,33,32,22.7,33.3,30.1,16.9,24.2,13.2,29.1,26,13.9,14,27.3,26.8,24.1,24.6,25.3,23.4,19.9,40.9,20.5,24.7,23,24.4,33.1,25.3,34.6,18.2,26,23.4,41.1
16,20.5,20.5,34.5,30.9,18.1,28.5,18.2,32.5,31.8,37,38.9,34,32.8,32.1,17.2,27.3,17.8,31.1,25.8,15.6,19,26.1,26.6,35.7,28.7,33.8,15.9,30,30.7,22.5,21,26.8,28.8,31.7,26.1,37,17.7,24,25,39.3
18,18.4,20.5,33.7,21.6,23.6,28.1,23.1,33.1,18.6,35,32.9,28.2,32.9,30.1,14.2,29.5,24.1,22.2,26.6,26,21.4,23.6,26,35.8,39,27.5,17.4,16.6,35.8,22,23.1,20,23.8,32.2,28,32,21.8,29,26.4,26.6
15.8,23.9,17.5,30,27.4,18.8,22.1,23.5,33,27.1,29,35.4,22.7,32.6,30,15.9,29.6,17.4,36.2,26.7,17.5,19.2,25.5,25,15.9,25.8,24.1,17.6,17.9,44.4,21.8,22.5,19.6,26.2,32.5,27.3,30.4,23.7,29,26,33.1
22.6,23.1,15.2,29,27.6,14.2,16.4,24.7,33.1,28.5,28,24.8,31.7,33.4,30.6,16.7,25.4,24.4,17.5,25.8,18.4,19.1,25.1,25.9,19.8,29.1,26.5,17.6,29.4,30,32.5,26.8,28.3,30.9,33.4,29.4,35.4,26.1,20.4,26.6,28.7
21.8,19.3,17.9,32.4,23,16.8,17.9,25.6,35.1,30.1,33,29.8,21.1,32.4,30.5,17.5,24.1,26,18.8,20.5,13.7,15.4,27.2,26,23.4,36,23.7,19.4,16.3,31,35.4,22.8,23.3,35.7,32.7,30.1,35.9,23.3,22.3,26.7,30.1
15.6,21.2,14.9,39.4,25.1,21.9,26,27.1,32.7,27.8,38,27.2,26.5,31.3,31,12,21.2,18.8,20.2,26.5,15.4,14.8,27.6,26,27.2,42.3,25,16.2,15.5,27.4,24.4,29.5,25.6,25.9,31.8,30.6,35.9,25.5,21.4,25.9,33.5
17.2,21.8,21.7,40.6,25.4,18.8,29.7,22.8,32,21.6,33,27.2,25.7,33.1,33,9.8,22.1,21.5,28.7,27.8,16.3,11.3,24.6,25,30.5,39,24.9,19.4,15.6,28.9,33.5,27.9,23.9,28.1,32,31.4,33.7,31.9,29,24.2,37
17.6,26.5,15.1,42.2,23.5,23.7,30.2,23,31.1,27.6,34,27.7,32.2,34.1,29.9,12.1,22.4,28.3,20.3,21.2,13.9,12.9,21,26.5,28.1,24.3,32.6,19.1,17.1,39.1,26.8,29.3,25.5,24.8,32.1,22.9,36.7,23.6,28.5,30.6,36.9
16.7,17.5,15,39.7,26.5,30.7,34.7,19.4,32.2,19,37,33.8,24.9,32.7,29.1,13.5,21.1,21.7,19.6,25.6,14,12.9,23.4,27,24.1,27,24.3,16.2,18,43.8,21.9,31.5,28.8,24.9,32.7,26.3,36.8,22.9,22.8,38,25.7
15.5,20.2,15.7,33.8,30,31,20.1,20.3,31.4,16.7,36,27.7,23.9,34.6,30.8,12.6,22.4,18.6,21,28.3,14.2,7,22.1,25,25.7,46.9,25.5,17.5,17.2,43.2,22.8,20.8,20.9,29.6,33.8,21.5,33.3,28,23.4,34.6,33.1
14.2,22,20.9,22.8,22.7,14,17.3,22.6,33.1,23.1,37.5,26.9,26.9,33,30.6,10.7,18.9,24.3,17.9,27,16.2,11.8,26,25,26.2,38.1,26.1,19,18.4,27.1,22.9,21.7,22.6,26.8,33.8,27.2,36.1,23.9,26.7,33.6,33.6
18.4,25.8,14.8,27.3,26.2,15.8,21,24,33.9,27,39.4,29.5,26.4,33.2,29.3,10.2,25.1,19.1,23.3,27.8,24.3,14.1,26.5,24,32.3,27.6,30,21.1,19.5,28.6,27.4,23.4,25.1,24,30.1,30.5,41.5,20.3,32.6,20.3,29.9
22.4,35.9,14.8,30.2,27.9,20.4,27.5,23.4,32,17.4,40.1,30.1,20.7,32.6,30.6,11.9,30.4,16.6,20.8,27.7,14.3,9.9,26.6,24,28.1,30.6,21,23.6,28.9,26.1,32.4,26.3,31.2,29,32,33.2,34.5,22.8,34.6,26.8,30.8
19.4,22.2,16.7,32,29.1,22,29.7,24.5,32,25,36.8,29.7,26.7,32,30.6,11,23.9,18.9,22,28.1,14.3,13.9,18.9,24,22.8,38.5,21.5,21.8,22,35.1,23.1,26.5,26.5,18.9,29.7,14.6,39.7,32.8,23.9,23.1,38.5
18.8,23.1,18.5,36.4,31.6,25.1,28.7,25.6,33.8,22.5,37,29.2,39.2,32.5,30.3,17,26.6,21.6,27.1,27.7,13.2,13.7,21.3,25,18.8,29.3,19.5,24.7,16.2,41.1,26,21.6,25.2,26,30.7,19.8,34.9,36.1,20.3,23.7,38.9
15.7,22.5,20.7,38.9,22.7,20.8,25.7,19.3,33,25.3,29.5,29.7,28.3,32.4,24.2,17.8,25.2,20.1,32.8,26.5,19,13.6,21.2,23,20.5,32.9,21.4,18.7,18.1,38.9,26,26.7,32.7,34.5,31.7,27.3,32.8,22.1,22.1,25.1,39.1
22.6,22.7,22.4,35.7,24.7,25.1,33.8,20.8,33.4,25.4,32,30.4,29.1,30.6,29,15.5,20.2,33.8,24,27.2,23.2,10.5,21.2,24,26.2,37.3,19.6,26.1,30.3,29.2,24.4,27.4,37.8,21.9,32.9,24.1,41.6,22.4,35.2,24.7,38
20.1,28.8,24.9,34.2,24,28.9,25.9,22.4,33,21.3,35.5,30.1,23.8,30.5,29.9,17.8,22,34.3,33.7,26.7,16.4,12.5,23.8,25,35.8,31.1,19.4,32.6,28.2,35.9,25.4,25.3,22.6,24.9,32,28.2,34.8,29.5,26,25.3,36.8
15.6,28.9,17.6,37.6,29.1,20.4,29.2,22.8,33.1,20.8,35.3,29,19.1,30,29.4,14.7,22.7,18.1,24,28.3,17,12.7,23.5,26.1,36.9,21.7,20.6,24.9,16.3,38.3,27.1,24.5,26,29.6,32.4,26.2,28,23.6,24.7,28.1,30.9
18,20.3,16.4,37.8,24.4,20.2,21.7,23.3,29,23.7,36.2,28.2,19.6,29,30.8,11.8,22.1,17.8,27.1,22.9,18.1,14,24.7,27.8,20.8,28.3,21.5,20.8,20.3,31.6,38.3,22.6,26.3,25.4,32.5,32.3,38.4,34.6,29.2,33.3,36.9
12.9,22.6,19.4,37.8,33.4,14,27.8,24.4,31.4,23.2,37.1,31.3,31.6,28,29.4,9.6,23.2,18.5,29.1,22,24.4,4.7,23.7,27.9,27.2,26.9,22.3,17.8,15.9,28.5,24.3,24.9,21.7,26.4,32.4,31.1,34.5,30.8,31.6,31.7,37.3
13.7,20.9,23.7,40.1,22.8,17.5,33.2,26.4,33.5,20.7,36.9,33,18.2,27.8,28.8,12.8,24.7,21.1,34.7,23.7,17.8,5.5,25.2,24.9,21.4,24.2,21,21.8,17.5,31.1,23.4,25.5,23.6,28.1,32.1,30.9,39.8,33.8,27,23.1,39.8
15.4,23,16.2,37.1,23.2,30.1,37,22.7,33,27.8,39.2,35.1,17.7,29.4,29.9,15.3,19.1,22.4,25.4,25.3,15.6,10.7,23.6,24.7,35.3,26.6,20.3,19.8,26.4,39,21.7,26.1,24.9,29.4,33.4,31.7,27.6,31.3,29.8,24.1,27.7
19,26.4,22.9,34.8,22.2,31.7,24,23.7,32,30.7,41.1,26.1,25.9,30.6,29.9,13.4,23.4,20.4,24.2,26.6,15.8,12.4,23.8,23.3,22.5,24,17,19.4,17.8,32,24.5,27.5,25.8,30.5,32.6,32.2,26,26.5,24.1,22.5,29.4
16.4,24.7,22.2,29,20,19,24.4,23.6,32.9,22.7,39.5,26.5,34,30.3,30,14.1,21.2,24.6,28.6,27.5,14.5,9.6,25.4,24.9,26.5,27.9,22.8,22,26.2,29.4,25,22.1,25.5,35.6,32.8,31,30.3,22,23.3,23.2,36.8
18.4,21.8,25.7,29.6,22.2,27.9,23,22.7,33.4,15.3,40.1,26.3,18.9,30.7,29.7,13.4,19.6,22.7,35.3,25.5,18.7,4.3,24.5,25.7,31.5,30.7,25.5,28.5,20.2,29.8,26.6,21.4,33.3,26.3,34.4,28,32.3,17.3,24.6,26.1,28.7
14,21.8,24.3,29.6,23.8,20.9,30,22.9,32,23.3,45.7,29.8,20.4,31.6,29.1,12.5,19.1,23.2,29.8,25.3,18.2,5.9,17.6,25.1,37.7,22.6,25.5,29.3,27.9,26.7,31.4,22.6,22.6,27.2,33.6,28.6,23.4,23.3,22.4,29.3,32.7
20.8,19.7,17,30.1,24.5,24,25,22.7,32.5,26.5,32.8,30.2,28.9,33.6,29.3,10.5,18.2,31.7,33.8,25.2,14.7,7.3,18.6,24.4,36.1,25.4,22.7,22.1,20.6,26.1,33.1,22.4,26.9,24.9,31.3,28.9,22.5,33.7,21.3,26.3,35.8
16.6,20,18.6,35.8,24.7,31.3,25,21.4,30.5,25.3,35.2,26.1,35.9,33.3,27.2,11.8,20.9,22.1,21.4,24,16,6.1,21.4,24,40.1,28.5,22.3,20.3,27.3,24.1,25.7,23.1,23.4,25.5,31.4,29.7,28.1,33.5,22.9,31.5,36.2
17,21.2,19.7,32.2,27.5,33.9,29.8,23.3,31.7,26.1,39.7,27.2,36.6,32.2,27.1,13.9,23.6,28.4,26.2,24.8,17.4,5.7,24.2,23.6,21.7,29.6,22.4,22.6,26.9,26.1,22.8,24.2,26.1,27.1,32.7,31.2,34.6,35.3,20,23.8,38.1
15.8,19.4,23,36.4,21.8,25.9,34,22.9,32.1,30.3,40.7,27.2,36.9,33.6,29.4,11.9,25.6,23.4,28.2,24.3,14.6,9.2,19.3,23.7,26.2,28,21.2,22.2,20.2,23.6,28.3,24.9,27.5,27.9,32.7,30.6,37.5,34.5,23.5,26.9,30.7
21.8,25,28.2,37,23.3,25.9,33.9,26.3,30.4,23.7,37.7,23.1,24.2,31.4,30.8,13.4,23.8,18.3,32.7,25.3,16,10.1,24,23.7,23.9,31.6,21.5,20.5,19.1,28,32.6,17.7,29,29.9,31.5,33.5,35,24.4,26.3,34.9,30.7
20.7,17.5,18.4,37.7,24.7,24.8,34.5,21.8,31.7,22.9,34.6,23.2,28.6,32.6,26.2,15.9,25.9,19.3,25.4,22.4,16.3,11,21,23.5,24.6,23.1,22,21.5,18.3,32.8,30.8,20.1,30.3,29.9,32.3,32.4,30.1,26.1,22,27.1,38.1
15,19.2,20.9,37.2,24,19,28,20.8,29.8,27.4,37.4,26,23.8,31.6,28.1,13,23.2,20.9,30,25.1,31,8.4,19.4,23.3,24.3,24.9,19.8,22.9,17.9,30.9,16.7,23.1,29.1,35.3,32.5,33.9,32.7,24.1,19.1,23.4,43
20.6,19.8,25.9,37.3,25.4,23.5,33.2,21,30.7,27.4,41,26,25.4,30.6,28.9,8.7,25.7,35.9,27.6,25.8,18.3,9.2,19.4,22.2,27,30,22,26.5,18.1,22.7,20.3,28,21.8,32.8,28.9,37.7,33.4,23.3,23.3,25.5,30.2
28.8,20.4,24.4,39,24.5,31.4,31.6,21.8,31.8,28.4,41.9,27,29,29.8,29.4,11.5,28.4,19.9,31.8,17.7,22.1,5,19.7,23.7,37.7,30.2,17.5,24.1,21.7,25,29.1,23.7,24.6,30,30.5,29.9,34.5,34.7,19.2,35.6,28.2
24,20.1,26.9,38.1,24.7,31.8,26,23.3,31.8,23.2,41.4,26,34.5,30,28.9,10.8,28.1,19.7,25.2,23.9,29.9,7.7,23.3,23.2,40,24.5,19.6,27.4,30.8,22.7,20,22.2,25.2,27.3,31,37.2,33.4,38.2,21.2,24.8,28.7
26.1,20.6,27.1,38.1,24.3,34.2,28.9,23.7,31.5,26.8,42.5,27,33.7,32.2,27.7,10.6,26.3,21.5,28.2,25.3,19.1,8.4,19,23.6,30.1,33.7,20.6,37.2,36.2,29.4,20.5,24.4,23,30,31.3,36.6,32.2,21.8,19.9,22.4,22.6
26.4,27.4,22.9,31,26.2,34.6,33.9,26.1,31.6,29.8,33.1,26,27.1,32.9,28.3,11.7,27.6,18.6,31.2,25.8,17.4,8.2,18.9,24.8,28.3,25.7,19.2,23.3,21.1,29.2,20.9,28.1,22.6,37.7,32.8,23,29.3,25.7,23.7,26.6,23
16.5,20,29.9,36.5,24.8,32.7,37.2,25.6,32.1,32,35.5,27,25,32.7,28.5,13.6,25.8,30.9,36.3,23.9,17.1,9.9,19.5,24.2,34.8,23.1,19.8,24,20.4,31.6,32.1,17.6,25.6,31.4,32.4,31.1,29.7,21.5,22.1,24.4,24.4
16.8,20.9,31.5,35.3,19.7,30.7,31.5,23.2,32.4,28.2,42.8,26,21.5,34.1,28.7,13.4,25.2,23.2,39.7,20.2,16.8,10.3,20.4,22.8,22.1,22,20.7,21.6,20.4,23.4,23.5,19.2,18.6,27.2,31.5,31.9,31.9,31.4,26.9,26.3,23.8
17.2,19.1,32,35.7,20.3,24.6,29.7,24.2,32.5,30.6,40.9,24,33.4,34.6,24.6,15.9,30.4,22,25,24.2,17.7,5.5,22.2,21.8,23.5,22.3,20,22.2,18.7,29.7,22.1,21.4,24.4,35.2,32,34.2,32,36.8,28.4,32.1,24.4
25.5,18.8,36.2,37,22,30.8,32.9,23.3,33.4,31.6,39.8,22,32.8,34.4,26.7,14.7,29.7,32,27.4,23,19.2,9.6,24.5,21.9,35.5,23.6,19.3,21.2,19.3,30.4,20.9,18.2,25.4,24.1,32.3,27.4,33.5,23.3,22.8,30.9,28.4
